{
"type": "FeatureCollection",
"name": "487_Predios",
"crs": { "type": "name", "properties": { "name": "urn:ogc:def:crs:OGC:1.3:CRS84" } },
"features": [
{ "type": "Feature", "properties": { "ID": 266, "ID_1": 266, "POSESIONAR": "GOBIERNO AUTONOMO DESCENTRALIZADO DE MANTA", "CEDULA___R": "1360000980001", "BARRIO": "NUEVO MANTA", "PARROQUIA": "URBIMANTA", "COORDENADA": 530489.27, "COORDENA_1": 9890255.22, "ÁREA___M2": 187.91, "VIVIENDA": "SI", "RIESGO": "NO" }, "geometry": { "type": "MultiPolygon", "coordinates": [ [ [ [ -80.726017922302475, -0.993082687373361, 0.0 ], [ -80.72586080783023, -0.993171108014615, 0.0 ], [ -80.725917946645652, -0.993237917839508, 0.0 ], [ -80.726070541812661, -0.993151136410202, 0.0 ], [ -80.726017922302475, -0.993082687373361, 0.0 ] ] ] ] } },
{ "type": "Feature", "properties": { "ID": 265, "ID_1": 265, "POSESIONAR": "GOBIERNO AUTONOMO DESCENTRALIZADO DE MANTA", "CEDULA___R": "1360000980001", "BARRIO": "NUEVO MANTA", "PARROQUIA": "URBIMANTA", "COORDENADA": 0.0, "COORDENA_1": 0.0, "ÁREA___M2": 347.53, "VIVIENDA": "NO", "RIESGO": "SI" }, "geometry": { "type": "MultiPolygon", "coordinates": [ [ [ [ -80.726110369615768, -0.992916736173445, 0.0 ], [ -80.725962140889067, -0.993010462125266, 0.0 ], [ -80.726070282814987, -0.993151136388632, 0.0 ], [ -80.726190866123957, -0.993082560210738, 0.0 ], [ -80.726110369615768, -0.992916736173445, 0.0 ] ] ] ] } },
{ "type": "Feature", "properties": { "ID": 263, "ID_1": 263, "POSESIONAR": "GOBIERNO AUTONOMO DESCENTRALIZADO DE MANTA", "CEDULA___R": "1360000980001", "BARRIO": "NUEVO MANTA", "PARROQUIA": "URBIMANTA", "COORDENADA": 530460.01, "COORDENA_1": 9890246.71, "ÁREA___M2": 201.9, "VIVIENDA": "SI", "RIESGO": "NO" }, "geometry": { "type": "MultiPolygon", "coordinates": [ [ [ [ -80.726230252085116, -0.993060308580364, 0.0 ], [ -80.726308506010795, -0.993015805274636, 0.0 ], [ -80.726224158965337, -0.992853971278092, 0.0 ], [ -80.726145904100363, -0.992898472905764, 0.0 ], [ -80.726230252085116, -0.993060308580364, 0.0 ] ] ] ] } },
{ "type": "Feature", "properties": { "ID": 264, "ID_1": 264, "POSESIONAR": "LOZANO ZAMBRANO WILMER ALEXI", "CEDULA___R": "1351279623", "BARRIO": "NUEVO MANTA", "PARROQUIA": "URBIMANTA", "COORDENADA": 530461.06, "COORDENA_1": 9890262.86, "ÁREA___M2": 218.53, "VIVIENDA": "SI", "RIESGO": "NO" }, "geometry": { "type": "MultiPolygon", "coordinates": [ [ [ [ -80.726266148415363, -0.992721219974225, 0.0 ], [ -80.726102027193761, -0.9928150536309, 0.0 ], [ -80.726145904100321, -0.992898472905663, 0.0 ], [ -80.72622415896501, -0.992853971278277, 0.0 ], [ -80.726308738119457, -0.9928059918404, 0.0 ], [ -80.726266148415363, -0.992721219974225, 0.0 ] ] ] ] } },
{ "type": "Feature", "properties": { "ID": 262, "ID_1": 262, "POSESIONAR": "GOBIERNO AUTONOMO DESCENTRALIZADO DE MANTA", "CEDULA___R": "1360000980001", "BARRIO": "NUEVO MANTA", "PARROQUIA": "URBIMANTA", "COORDENADA": 530450.09, "COORDENA_1": 989052.69, "ÁREA___M2": 214.98, "VIVIENDA": "SI", "RIESGO": "NO" }, "geometry": { "type": "MultiPolygon", "coordinates": [ [ [ [ -80.726308738119457, -0.9928059918404, 0.0 ], [ -80.726224158965337, -0.992853971278092, 0.0 ], [ -80.72630850601081, -0.993015805274636, 0.0 ], [ -80.72639067263087, -0.992969076800967, 0.0 ], [ -80.726308738119457, -0.9928059918404, 0.0 ], [ -80.726308738119457, -0.9928059918404, 0.0 ] ] ] ] } },
{ "type": "Feature", "properties": { "ID": 256, "ID_1": 256, "POSESIONAR": "MACIAS SANCHEZ FRANCISCO ANTONIO", "CEDULA___R": "1311923245", "BARRIO": "NUEVO MANTA", "PARROQUIA": "URBIMANTA", "COORDENADA": 530472.98, "COORDENA_1": 9890381.15, "ÁREA___M2": 195.18, "VIVIENDA": "SI", "RIESGO": "NO" }, "geometry": { "type": "MultiPolygon", "coordinates": [ [ [ [ -80.726156200957519, -0.991655757173711, 0.0 ], [ -80.725998983205272, -0.991745337991584, 0.0 ], [ -80.726036477768204, -0.991821071539391, 0.0 ], [ -80.726195692852841, -0.991738857258756, 0.0 ], [ -80.726156200957519, -0.991655757173711, 0.0 ] ] ] ] } },
{ "type": "Feature", "properties": { "ID": 255, "ID_1": 255, "POSESIONAR": "VELEZ INTRIAGO JOSE GABRIEL", "CEDULA___R": "1306694041", "BARRIO": "NUEVO MANTA", "PARROQUIA": "URBIMANTA", "COORDENADA": 530484.08, "COORDENA_1": 9890370.11, "ÁREA___M2": 192.62, "VIVIENDA": "SI", "RIESGO": "NO" }, "geometry": { "type": "MultiPolygon", "coordinates": [ [ [ [ -80.725998983205258, -0.991745337991584, 0.0 ], [ -80.725922329771265, -0.99178901420763, 0.0 ], [ -80.726000840484403, -0.991947755118389, 0.0 ], [ -80.726078155650001, -0.991905254777846, 0.0 ], [ -80.725998983205258, -0.991745337991584, 0.0 ] ] ] ] } },
{ "type": "Feature", "properties": { "ID": 233, "ID_1": 233, "POSESIONAR": "REYNA ARTEAGA MARIANA AZUCENA", "CEDULA___R": "1311451816", "BARRIO": "NUEVO MANTA", "PARROQUIA": "URBIMANTA", "COORDENADA": 530513.22, "COORDENA_1": 9890210.72, "ÁREA___M2": 176.77, "VIVIENDA": "SI", "RIESGO": "NO" }, "geometry": { "type": "MultiPolygon", "coordinates": [ [ [ [ -80.725846250458844, -0.993278691718487, 0.0 ], [ -80.725794923022008, -0.993212857862993, 0.0 ], [ -80.725642035806601, -0.993290770136379, 0.0 ], [ -80.725701480675923, -0.993361022805261, 0.0 ], [ -80.725846250458844, -0.993278691718487, 0.0 ] ] ] ] } },
{ "type": "Feature", "properties": { "ID": 232, "ID_1": 232, "POSESIONAR": "GOBIERNO AUTONOMO DESCENTRALIZADO DE MANTA", "CEDULA___R": "1360000980001", "BARRIO": "NUEVO MANTA", "PARROQUIA": "URBIMANTA", "COORDENADA": 530519.35, "COORDENA_1": 9890218.82, "ÁREA___M2": 188.07, "VIVIENDA": "NO", "RIESGO": "NO" }, "geometry": { "type": "MultiPolygon", "coordinates": [ [ [ [ -80.725794923022008, -0.993212857862993, 0.0 ], [ -80.725738879012084, -0.993140974409641, 0.0 ], [ -80.725583838000446, -0.993221840930554, 0.0 ], [ -80.725642035806601, -0.993290770136379, 0.0 ], [ -80.725794923022008, -0.993212857862993, 0.0 ] ] ] ] } },
{ "type": "Feature", "properties": { "ID": 229, "ID_1": 229, "POSESIONAR": "MARCILLO AGUILAR NORMA MARIA", "CEDULA___R": "1306403690", "BARRIO": "NUEVO MANTA", "PARROQUIA": "URBIMANTA", "COORDENADA": 530537.74, "COORDENA_1": 9890241.24, "ÁREA___M2": 201.78, "VIVIENDA": "SI", "RIESGO": "NO" }, "geometry": { "type": "MultiPolygon", "coordinates": [ [ [ [ -80.725627068444496, -0.992997563360761, 0.0 ], [ -80.725571024443354, -0.992925679909109, 0.0 ], [ -80.725413805626545, -0.99302059320096, 0.0 ], [ -80.725472670271515, -0.993090174390574, 0.0 ], [ -80.725627068444496, -0.992997563360761, 0.0 ] ] ] ] } },
{ "type": "Feature", "properties": { "ID": 228, "ID_1": 228, "POSESIONAR": "ZAMBRANO ROJAS JONATHAN EMILIO", "CEDULA___R": "131893323", "BARRIO": "NUEVO MANTA", "PARROQUIA": "URBIMANTA", "COORDENADA": 530543.93, "COORDENA_1": 9890251.14, "ÁREA___M2": 222.38, "VIVIENDA": "SI", "RIESGO": "NO" }, "geometry": { "type": "MultiPolygon", "coordinates": [ [ [ [ -80.725571024443354, -0.992925679909109, 0.0 ], [ -80.725510050732851, -0.992847340235034, 0.0 ], [ -80.72535267077771, -0.992948176982354, 0.0 ], [ -80.725413805626545, -0.99302059320096, 0.0 ], [ -80.725571024441152, -0.992925679906261, 0.0 ], [ -80.725571024443354, -0.992925679909109, 0.0 ] ] ] ] } },
{ "type": "Feature", "properties": { "ID": 235, "ID_1": 235, "POSESIONAR": "CEDEÑO ARGANDOÑA MILENE JAZMINA", "CEDULA___R": "1313147298", "BARRIO": "NUEVO MANTA", "PARROQUIA": "URBIMANTA", "COORDENADA": 530537.28, "COORDENA_1": 9890202.01, "ÁREA___M2": 194.07, "VIVIENDA": "SI", "RIESGO": "SI" }, "geometry": { "type": "MultiPolygon", "coordinates": [ [ [ [ -80.725623227441943, -0.993405525690812, 0.0 ], [ -80.725623227441943, -0.993405525690812, 0.0 ], [ -80.725504488658075, -0.993280726730912, 0.0 ], [ -80.72543281765121, -0.993339519618211, 0.0 ], [ -80.725533506710093, -0.993456550177923, 0.0 ], [ -80.725623227441943, -0.993405525690812, 0.0 ] ] ] ] } },
{ "type": "Feature", "properties": { "ID": 236, "ID_1": 236, "POSESIONAR": "GOBIERNO AUTONOMO DESCENTRALIZADO DE MANTA", "CEDULA___R": "1360000980001", "BARRIO": "NUEVO MANTA", "PARROQUIA": "URBIMANTA", "COORDENADA": 530544.5, "COORDENA_1": 9890195.67, "ÁREA___M2": 147.36, "VIVIENDA": "NO", "RIESGO": "SI" }, "geometry": { "type": "MultiPolygon", "coordinates": [ [ [ [ -80.725533506710121, -0.993456550177939, 0.0 ], [ -80.725533506710107, -0.993456550177939, 0.0 ], [ -80.72543281765121, -0.993339519618211, 0.0 ], [ -80.725378554306417, -0.993384032879214, 0.0 ], [ -80.725451748009689, -0.99350304662663, 0.0 ], [ -80.725533506710121, -0.993456550177939, 0.0 ] ] ] ] } },
{ "type": "Feature", "properties": { "ID": 223, "ID_1": 223, "POSESIONAR": "GOBIERNO AUTONOMO DESCENTRALIZADO DE MANTA", "CEDULA___R": "1360000980001", "BARRIO": "NUEVO MANTA", "PARROQUIA": "URBIMANTA", "COORDENADA": 530591.19, "COORDENA_1": 9890325.08, "ÁREA___M2": 204.58, "VIVIENDA": "NO", "RIESGO": "SI" }, "geometry": { "type": "MultiPolygon", "coordinates": [ [ [ [ -80.725093088922421, -0.992155470115031, 0.0 ], [ -80.72494555136214, -0.992243606664684, 0.0 ], [ -80.724990396752219, -0.992330288722026, 0.0 ], [ -80.725136865735962, -0.992241925700011, 0.0 ], [ -80.725093088922421, -0.992155470115031, 0.0 ] ] ] ] } },
{ "type": "Feature", "properties": { "ID": 246, "ID_1": 246, "POSESIONAR": "GOBIERNO AUTONOMO DESCENTRALIZADO DE MANTA", "CEDULA___R": "1360000980001", "BARRIO": "NUEVO MANTA", "PARROQUIA": "URBIMANTA", "COORDENADA": 530608.36, "COORDENA_1": 9890315.89, "ÁREA___M2": 213.19, "VIVIENDA": "SI", "RIESGO": "SI" }, "geometry": { "type": "MultiPolygon", "coordinates": [ [ [ [ -80.72494555136214, -0.992243606664684, 0.0 ], [ -80.724783611538101, -0.992341204472651, 0.0 ], [ -80.724822385547128, -0.992417779949118, 0.0 ], [ -80.724990396752219, -0.992330288722026, 0.0 ], [ -80.72494555136214, -0.992243606664684, 0.0 ] ] ] ] } },
{ "type": "Feature", "properties": { "ID": 245, "ID_1": 245, "POSESIONAR": "JARAMILLO VILLAFUERTE KATHERINE JOSELYN", "CEDULA___R": "944004746", "BARRIO": "NUEVO MANTA", "PARROQUIA": "URBIMANTA", "COORDENADA": 530602.01, "COORDENA_1": 9890306.12, "ÁREA___M2": 271.88, "VIVIENDA": "SI", "RIESGO": "SI" }, "geometry": { "type": "MultiPolygon", "coordinates": [ [ [ [ -80.725039393424481, -0.992426011662161, 0.0 ], [ -80.724990396752219, -0.992330288722026, 0.0 ], [ -80.724822385547128, -0.992417779949118, 0.0 ], [ -80.724879118047141, -0.99252982196207, 0.0 ], [ -80.725039393424481, -0.992426011662161, 0.0 ] ] ] ] } },
{ "type": "Feature", "properties": { "ID": 239, "ID_1": 239, "POSESIONAR": "ALVAREZ TOALA NANCY MARLENE", "CEDULA___R": "1310058381", "BARRIO": "NUEVO MANTA", "PARROQUIA": "URBIMANTA", "COORDENADA": 530569.4, "COORDENA_1": 9890246.0, "ÁREA___M2": 221.0, "VIVIENDA": "SI", "RIESGO": "SI" }, "geometry": { "type": "MultiPolygon", "coordinates": [ [ [ [ -80.725356200309605, -0.992952348158239, 0.0 ], [ -80.725297998726987, -0.99288340646233, 0.0 ], [ -80.725131617536192, -0.992982510983377, 0.0 ], [ -80.725178926477255, -0.993059435846921, 0.0 ], [ -80.725356200309605, -0.992952348158239, 0.0 ] ] ] ] } },
{ "type": "Feature", "properties": { "ID": 238, "ID_1": 238, "POSESIONAR": "GOBIERNO AUTONOMO DESCENTRALIZADO DE MANTA", "CEDULA___R": "1360000980001", "BARRIO": "NUEVO MANTA", "PARROQUIA": "URBIMANTA", "COORDENADA": 530562.11, "COORDENA_1": 9890234.47, "ÁREA___M2": 286.92, "VIVIENDA": "NO", "RIESGO": "SI" }, "geometry": { "type": "MultiPolygon", "coordinates": [ [ [ [ -80.725472670271515, -0.993090174390574, 0.0 ], [ -80.725356199857416, -0.992952348431384, 0.0 ], [ -80.725178926477255, -0.993059435846921, 0.0 ], [ -80.72527354319196, -0.993213283666308, 0.0 ], [ -80.725472670271515, -0.993090174390574, 0.0 ] ] ] ] } },
{ "type": "Feature", "properties": { "ID": 237, "ID_1": 237, "POSESIONAR": "GOBIERNO AUTONOMO DESCENTRALIZADO DE MANTA", "CEDULA___R": "1360000980001", "BARRIO": "NUEVO MANTA", "PARROQUIA": "URBIMANTA", "COORDENADA": 530545.43, "COORDENA_1": 9890212.36, "ÁREA___M2": 285.63, "VIVIENDA": "NO", "RIESGO": "SI" }, "geometry": { "type": "MultiPolygon", "coordinates": [ [ [ [ -80.725534924830228, -0.993163908401109, 0.0 ], [ -80.725534924830214, -0.993163908401109, 0.0 ], [ -80.725322274048168, -0.993292515443962, 0.0 ], [ -80.725378554239555, -0.993384032770482, 0.0 ], [ -80.725504488658075, -0.993280726730912, 0.0 ], [ -80.725588480317441, -0.993227339268907, 0.0 ], [ -80.725534924830228, -0.993163908401109, 0.0 ] ] ] ] } },
{ "type": "Feature", "properties": { "ID": 243, "ID_1": 243, "POSESIONAR": "MERO CEDEÑO DAISY MARIANELA", "CEDULA___R": "1308445582", "BARRIO": "NUEVO MANTA", "PARROQUIA": "URBIMANTA", "COORDENADA": 530591.48, "COORDENA_1": 9890283.44, "ÁREA___M2": 209.17, "VIVIENDA": "SI", "RIESGO": "SI" }, "geometry": { "type": "MultiPolygon", "coordinates": [ [ [ [ -80.724926055009874, -0.9926225185915, 0.0 ], [ -80.724966869761786, -0.992703124356229, 0.0 ], [ -80.725149707766107, -0.992640290711738, 0.0 ], [ -80.725109590496729, -0.99256236530383, 0.0 ], [ -80.724926055009874, -0.9926225185915, 0.0 ], [ -80.724926055009874, -0.9926225185915, 0.0 ] ] ] ] } },
{ "type": "Feature", "properties": { "ID": 244, "ID_1": 244, "POSESIONAR": "MURILLO VERA LOURDES BEATRIZ", "CEDULA___R": "1312818329", "BARRIO": "NUEVO MANTA", "PARROQUIA": "URBIMANTA", "COORDENADA": 530596.87, "COORDENA_1": 9890293.67, "ÁREA___M2": 301.16, "VIVIENDA": "SI", "RIESGO": "SI" }, "geometry": { "type": "MultiPolygon", "coordinates": [ [ [ [ -80.724926055009874, -0.9926225185915, 0.0 ], [ -80.725109590496729, -0.99256236530383, 0.0 ], [ -80.725039393424481, -0.992426011662161, 0.0 ], [ -80.724879118047141, -0.99252982196207, 0.0 ], [ -80.724926055009874, -0.9926225185915, 0.0 ] ] ] ] } },
{ "type": "Feature", "properties": { "ID": 196, "ID_1": 196, "POSESIONAR": "GOBIERNO AUTONOMO DESCENTRALIZADO DE MANTA", "CEDULA___R": "1,36001E+11", "BARRIO": "NUEVO MANTA", "PARROQUIA": "URBIMANTA", "COORDENADA": 530585.22, "COORDENA_1": 9890416.27, "ÁREA___M2": 388.82, "VIVIENDA": "SI", "RIESGO": "NO" }, "geometry": { "type": "MultiPolygon", "coordinates": [ [ [ [ -80.725158768416307, -0.99129108966793, 0.0 ], [ -80.725003900339999, -0.991382956310597, 0.0 ], [ -80.725082108328465, -0.991539860210447, 0.0 ], [ -80.725238314536767, -0.991450320730193, 0.0 ], [ -80.725158768416307, -0.99129108966793, 0.0 ] ] ] ] } },
{ "type": "Feature", "properties": { "ID": 212, "ID_1": 212, "POSESIONAR": "CEVALLOS LOO DOLORES VERONICA", "CEDULA___R": "1313096859", "BARRIO": "NUEVO MANTA", "PARROQUIA": "URBIMANTA", "COORDENADA": 530605.7, "COORDENA_1": 9890407.18, "ÁREA___M2": 189.05, "VIVIENDA": "SI", "RIESGO": "SI" }, "geometry": { "type": "MultiPolygon", "coordinates": [ [ [ [ -80.724925610147835, -0.991427741815802, 0.0 ], [ -80.724848611946186, -0.991473416593346, 0.0 ], [ -80.724925751812521, -0.991625761483096, 0.0 ], [ -80.725003958187841, -0.991581995998252, 0.0 ], [ -80.724925610147835, -0.991427741815802, 0.0 ], [ -80.724925610147835, -0.991427741815802, 0.0 ] ] ] ] } },
{ "type": "Feature", "properties": { "ID": 211, "ID_1": 211, "POSESIONAR": "MIELES CHAVESTA IRANIA MARIA", "CEDULA___R": "0750197683", "BARRIO": "NUEVO MANTA", "PARROQUIA": "URBIMANTA", "COORDENADA": 530594.07, "COORDENA_1": 9890395.14, "ÁREA___M2": 189.54, "VIVIENDA": "SI", "RIESGO": "SI" }, "geometry": { "type": "MultiPolygon", "coordinates": [ [ [ [ -80.724925751812521, -0.991625761483096, 0.0 ], [ -80.724964525821534, -0.991702336956797, 0.0 ], [ -80.725121429629667, -0.99161453760965, 0.0 ], [ -80.725081270963472, -0.991538747852776, 0.0 ], [ -80.724925751812521, -0.991625761483096, 0.0 ] ] ] ] } },
{ "type": "Feature", "properties": { "ID": 197, "ID_1": 197, "POSESIONAR": "CEVALLOS LOOR NARCISA MONSERRATE", "CEDULA___R": "1312318551", "BARRIO": "NUEVO MANTA", "PARROQUIA": "URBIMANTA", "COORDENADA": 530572.94, "COORDENA_1": 9890399.7, "ÁREA___M2": 364.89, "VIVIENDA": "SI", "RIESGO": "NO" }, "geometry": { "type": "MultiPolygon", "coordinates": [ [ [ [ -80.725237458385294, -0.991449172917708, 0.0 ], [ -80.725081270963472, -0.991538747852776, 0.0 ], [ -80.725164441644381, -0.991699093169226, 0.0 ], [ -80.725318215874111, -0.991610828818534, 0.0 ], [ -80.725237458385294, -0.991449172917708, 0.0 ] ] ] ] } },
{ "type": "Feature", "properties": { "ID": 198, "ID_1": 198, "POSESIONAR": "MACIAS ZAMBRANO MONICA FABIOLA", "CEDULA___R": "1316832458", "BARRIO": "NUEVO MANTA", "PARROQUIA": "URBIMANTA", "COORDENADA": 530569.46, "COORDENA_1": 9890385.89, "ÁREA___M2": 194.39, "VIVIENDA": "SI", "RIESGO": "NO" }, "geometry": { "type": "MultiPolygon", "coordinates": [ [ [ [ -80.725318215874111, -0.991610828818534, 0.0 ], [ -80.725164441644381, -0.991699093169226, 0.0 ], [ -80.725205405469538, -0.991779622273579, 0.0 ], [ -80.72535778704588, -0.991690040209972, 0.0 ], [ -80.725318215874111, -0.991610828818534, 0.0 ] ] ] ] } },
{ "type": "Feature", "properties": { "ID": 208, "ID_1": 208, "POSESIONAR": "MACIAS ZAMBRANO YULETSI ZAMBRANO", "CEDULA___R": "1350929038", "BARRIO": "NUEVO MANTA", "PARROQUIA": "URBIMANTA", "COORDENADA": 530584.41, "COORDENA_1": 9890376.06, "ÁREA___M2": 199.89, "VIVIENDA": "SI", "RIESGO": "SI" }, "geometry": { "type": "MultiPolygon", "coordinates": [ [ [ [ -80.725007381306824, -0.991786973006678, 0.0 ], [ -80.725048196056321, -0.991867578768482, 0.0 ], [ -80.725205405469538, -0.991779622273579, 0.0 ], [ -80.725164441644381, -0.991699093169226, 0.0 ], [ -80.725007381306824, -0.991786973006678, 0.0 ] ] ] ] } },
{ "type": "Feature", "properties": { "ID": 199, "ID_1": 199, "POSESIONAR": "GOBIERNO AUTONOMO DESCENTRALIZADO DE MANTA", "CEDULA___R": "1360000980001", "BARRIO": "NUEVO MANTA", "PARROQUIA": "URBIMANTA", "COORDENADA": 530570.95, "COORDENA_1": 9890373.11, "ÁREA___M2": 391.49, "VIVIENDA": "NO", "RIESGO": "SI" }, "geometry": { "type": "MultiPolygon", "coordinates": [ [ [ [ -80.72535778704588, -0.991690040209972, 0.0 ], [ -80.725205405469609, -0.991779622273546, 0.0 ], [ -80.725048196056321, -0.991867578768482, 0.0 ], [ -80.725089010807423, -0.991948184530294, 0.0 ], [ -80.725398165794147, -0.99177086816042, 0.0 ], [ -80.72535778704588, -0.991690040209972, 0.0 ] ] ] ] } },
{ "type": "Feature", "properties": { "ID": 205, "ID_1": 205, "POSESIONAR": "GOBIERNO AUTONOMO DESCENTRALIZADO DE MANTA", "CEDULA___R": "1360000980001", "BARRIO": "NUEVO MANTA", "PARROQUIA": "URBIMANTA", "COORDENADA": 530547.47, "COORDENA_1": 9890306.46, "ÁREA___M2": 238.38, "VIVIENDA": "NO", "RIESGO": "SI" }, "geometry": { "type": "MultiPolygon", "coordinates": [ [ [ [ -80.725537698851483, -0.992437171207443, 0.0 ], [ -80.725487483597234, -0.992341132666242, 0.0 ], [ -80.725333416245519, -0.992430865016071, 0.0 ], [ -80.725382435214968, -0.992527673404958, 0.0 ], [ -80.725537698851483, -0.992437171207443, 0.0 ] ] ] ] } },
{ "type": "Feature", "properties": { "ID": 210, "ID_1": 210, "POSESIONAR": "MIELES CHAVESTA LUIS ANTONIO", "CEDULA___R": "1312817230", "BARRIO": "NUEVO MANTA", "PARROQUIA": "URBIMANTA", "COORDENADA": 530590.64, "COORDENA_1": 9890387.88, "ÁREA___M2": 109.81, "VIVIENDA": "SI", "RIESGO": "SI" }, "geometry": { "type": "MultiPolygon", "coordinates": [ [ [ [ -80.725121429629667, -0.99161453760965, 0.0 ], [ -80.724964525821534, -0.991702336956797, 0.0 ], [ -80.724986973932658, -0.991746670125788, 0.0 ], [ -80.725143647229714, -0.991659003478154, 0.0 ], [ -80.725121429629667, -0.99161453760965, 0.0 ] ] ] ] } },
{ "type": "Feature", "properties": { "ID": 209, "ID_1": 209, "POSESIONAR": "MIELES CHAVESTA LILIANA MONSERRATE", "CEDULA___R": "1311726036", "BARRIO": "NUEVO MANTA", "PARROQUIA": "URBIMANTA", "COORDENADA": 530584.58, "COORDENA_1": 9890376.12, "ÁREA___M2": 99.87, "VIVIENDA": "SI", "RIESGO": "SI" }, "geometry": { "type": "MultiPolygon", "coordinates": [ [ [ [ -80.724986973932786, -0.99174667012572, 0.0 ], [ -80.725007381306824, -0.991786973006678, 0.0 ], [ -80.725164441644381, -0.991699093169226, 0.0 ], [ -80.7251436472297, -0.991659003478154, 0.0 ], [ -80.724986973932658, -0.991746670125788, 0.0 ], [ -80.724986973932786, -0.99174667012572, 0.0 ] ] ] ] } },
{ "type": "Feature", "properties": { "ID": 214, "ID_1": 214, "POSESIONAR": "ORTIZ ERAZO LIGIA ELENA                             VALERIANO MERA HOVER ORLANDO", "CEDULA___R": "1313246025 1312961830", "BARRIO": "NUEVO MANTA", "PARROQUIA": "URBIMANTA", "COORDENADA": 530627.23, "COORDENA_1": 9890392.86, "ÁREA___M2": 300.68, "VIVIENDA": "SI", "RIESGO": "SI" }, "geometry": { "type": "MultiPolygon", "coordinates": [ [ [ [ -80.724767795389937, -0.991513042188896, 0.0 ], [ -80.724613070426614, -0.991605152847747, 0.0 ], [ -80.72467549213917, -0.991726437342332, 0.0 ], [ -80.724829425650029, -0.991634756890049, 0.0 ], [ -80.724767795389937, -0.991513042188896, 0.0 ] ] ] ] } },
{ "type": "Feature", "properties": { "ID": 217, "ID_1": 217, "POSESIONAR": "CELY LOAYZA ANA DEL CARMEN", "CEDULA___R": "0702584178", "BARRIO": "NUEVO MANTA", "PARROQUIA": "URBIMANTA", "COORDENADA": 530620.08, "COORDENA_1": 9890381.33, "ÁREA___M2": 295.31, "VIVIENDA": "SI", "RIESGO": "SI" }, "geometry": { "type": "MultiPolygon", "coordinates": [ [ [ [ -80.724829425650029, -0.991634756890049, 0.0 ], [ -80.724675500604064, -0.991726453789531, 0.0 ], [ -80.724736617078449, -0.991845387517564, 0.0 ], [ -80.72489064776623, -0.991755665533591, 0.0 ], [ -80.724829425645552, -0.991634756892712, 0.0 ], [ -80.724829425650029, -0.991634756890049, 0.0 ] ] ] ] } },
{ "type": "Feature", "properties": { "ID": 220, "ID_1": 220, "POSESIONAR": "ROMERO SALTOS FRANKLIN OBDULIO", "CEDULA___R": "1202422810", "BARRIO": "NUEVO MANTA", "PARROQUIA": "URBIMANTA", "COORDENADA": 530604.71, "COORDENA_1": 9890352.7, "ÁREA___M2": 197.24, "VIVIENDA": "SI", "RIESGO": "SI" }, "geometry": { "type": "MultiPolygon", "coordinates": [ [ [ [ -80.724971052817594, -0.991914458885469, 0.0 ], [ -80.724817945088745, -0.992003653237411, 0.0 ], [ -80.724858412900915, -0.992082404297904, 0.0 ], [ -80.725013092009306, -0.991997482820719, 0.0 ], [ -80.724971052817594, -0.991914458885469, 0.0 ] ] ] ] } },
{ "type": "Feature", "properties": { "ID": 221, "ID_1": 221, "POSESIONAR": "GOBIERNO AUTONOMO DESCENTRALIZADO DE MANTA", "CEDULA___R": "1360000980001", "BARRIO": "NUEVO MANTA", "PARROQUIA": "URBIMANTA", "COORDENADA": 530600.69, "COORDENA_1": 9890344.57, "ÁREA___M2": 194.69, "VIVIENDA": "NO", "RIESGO": "SI" }, "geometry": { "type": "MultiPolygon", "coordinates": [ [ [ [ -80.724858412900929, -0.992082404297904, 0.0 ], [ -80.724900945399057, -0.992165173269644, 0.0 ], [ -80.725052274170082, -0.992074864352629, 0.0 ], [ -80.725013092009306, -0.991997482820719, 0.0 ], [ -80.724858412900929, -0.992082404297904, 0.0 ] ] ] ] } },
{ "type": "Feature", "properties": { "ID": 216, "ID_1": 216, "POSESIONAR": "CALVOPIÑA ESPINALES KAREN MARIA", "CEDULA___R": "1314748813", "BARRIO": "NUEVO MANTA", "PARROQUIA": "URBIMANTA", "COORDENADA": 530646.18, "COORDENA_1": 9890379.4, "ÁREA___M2": 207.22, "VIVIENDA": "SI", "RIESGO": "SI" }, "geometry": { "type": "MultiPolygon", "coordinates": [ [ [ [ -80.724622366847896, -0.991800255235813, 0.0 ], [ -80.724541287220845, -0.991647886725316, 0.0 ], [ -80.724457735735825, -0.991697626474603, 0.0 ], [ -80.724533855215668, -0.991847956225643, 0.0 ], [ -80.724622366847896, -0.991800255235813, 0.0 ] ] ] ] } },
{ "type": "Feature", "properties": { "ID": 250, "ID_1": 250, "POSESIONAR": "GOBIERNO AUTONOMO DESCENTRALIZADO DE MANTA", "CEDULA___R": "1360000980001", "BARRIO": "NUEVO MANTA", "PARROQUIA": "URBIMANTA", "COORDENADA": 53063.98, "COORDENA_1": 9890362.15, "ÁREA___M2": 212.67, "VIVIENDA": "SI", "RIESGO": "SI" }, "geometry": { "type": "MultiPolygon", "coordinates": [ [ [ [ -80.724731660012637, -0.991835740981044, 0.0 ], [ -80.724573037362944, -0.991925337759695, 0.0 ], [ -80.724617525427732, -0.992013198043164, 0.0 ], [ -80.724773366632036, -0.991916902788269, 0.0 ], [ -80.724731660012637, -0.991835740981044, 0.0 ] ] ] ] } },
{ "type": "Feature", "properties": { "ID": 249, "ID_1": 249, "POSESIONAR": "MERO SANTOS JESSICA MARIBELL", "CEDULA___R": "1312818717", "BARRIO": "NUEVO MANTA", "PARROQUIA": "URBIMANTA", "COORDENADA": 530627.46, "COORDENA_1": 9890352.34, "ÁREA___M2": 212.27, "VIVIENDA": "SI", "RIESGO": "SI" }, "geometry": { "type": "MultiPolygon", "coordinates": [ [ [ [ -80.724773366632036, -0.991916902788269, 0.0 ], [ -80.724617525427732, -0.992013198043164, 0.0 ], [ -80.724658748315136, -0.992094609865481, 0.0 ], [ -80.724817945088745, -0.992003653237411, 0.0 ], [ -80.724773366632036, -0.991916902788269, 0.0 ], [ -80.724773366632036, -0.991916902788269, 0.0 ] ] ] ] } },
{ "type": "Feature", "properties": { "ID": 248, "ID_1": 248, "POSESIONAR": "GOBIERNO AUTONOMO DESCENTRALIZADO DE MANTA", "CEDULA___R": "1360000980001", "BARRIO": "NUEVO MANTA", "PARROQUIA": "URBIMANTA", "COORDENADA": 530622.15, "COORDENA_1": 9890343.66, "ÁREA___M2": 201.74, "VIVIENDA": "NO", "RIESGO": "SI" }, "geometry": { "type": "MultiPolygon", "coordinates": [ [ [ [ -80.724817945088745, -0.992003653237411, 0.0 ], [ -80.724658748315136, -0.992094609865481, 0.0 ], [ -80.724699563056717, -0.992175215630151, 0.0 ], [ -80.724858412900915, -0.992082404297904, 0.0 ], [ -80.724817945088745, -0.992003653237411, 0.0 ] ] ] ] } },
{ "type": "Feature", "properties": { "ID": 247, "ID_1": 247, "POSESIONAR": "VITE GONZALES DEXCY IRLANDA", "CEDULA___R": "1350628564", "BARRIO": "NUEVO MANTA", "PARROQUIA": "URBIMANTA", "COORDENADA": 530619.66, "COORDENA_1": 9890331.91, "ÁREA___M2": 210.51, "VIVIENDA": "SI", "RIESGO": "SI" }, "geometry": { "type": "MultiPolygon", "coordinates": [ [ [ [ -80.724858412900886, -0.992082404297938, 0.0 ], [ -80.724858412900872, -0.992082404297938, 0.0 ], [ -80.724699563056717, -0.992175215630151, 0.0 ], [ -80.724741602242204, -0.992258239567765, 0.0 ], [ -80.724900945399057, -0.992165173269644, 0.0 ], [ -80.724858412900886, -0.992082404297938, 0.0 ] ] ] ] } },
{ "type": "Feature", "properties": { "ID": 222, "ID_1": 222, "POSESIONAR": "GOBIERNO AUTONOMO DESCENTRALIZADO DE MANTA", "CEDULA___R": "1360000980001", "BARRIO": "NUEVO MANTA", "PARROQUIA": "URBIMANTA", "COORDENADA": 530604.65, "COORDENA_1": 9890329.37, "ÁREA___M2": 406.0, "VIVIENDA": "NO", "RIESGO": "SI" }, "geometry": { "type": "MultiPolygon", "coordinates": [ [ [ [ -80.725052274169869, -0.992074864352731, 0.0 ], [ -80.725052274169869, -0.992074864352731, 0.0 ], [ -80.724741602242204, -0.992258239567765, 0.0 ], [ -80.724783641429326, -0.992341263505406, 0.0 ], [ -80.725093088922421, -0.992155470115031, 0.0 ], [ -80.725052274169869, -0.992074864352731, 0.0 ] ] ] ] } },
{ "type": "Feature", "properties": { "ID": 156, "ID_1": 156, "POSESIONAR": "GOBIERNO AUTONOMO DESCENTRALIZADO DE MANTA", "CEDULA___R": "1360000980001", "BARRIO": "NUEVO MANTA", "PARROQUIA": "URBIMANTA", "COORDENADA": 530635.74, "COORDENA_1": 9890475.14, "ÁREA___M2": 194.37, "VIVIENDA": "SI", "RIESGO": "SI" }, "geometry": { "type": "MultiPolygon", "coordinates": [ [ [ [ -80.724750963146434, -0.990892610294503, 0.0 ], [ -80.724709229176042, -0.990812422209657, 0.0 ], [ -80.724600590275003, -0.990874602928773, 0.0 ], [ -80.724557800442213, -0.99089908769836, 0.0 ], [ -80.724557800443577, -0.990899087697585, 0.0 ], [ -80.72459866029628, -0.990979782572093, 0.0 ], [ -80.72462676021118, -0.990963699265508, 0.0 ], [ -80.724750963146434, -0.990892610294503, 0.0 ] ] ] ] } },
{ "type": "Feature", "properties": { "ID": 157, "ID_1": 157, "POSESIONAR": "GOBIERNO AUTONOMO DESCENTRALIZADO DE MANTA", "CEDULA___R": "1360000980001", "BARRIO": "NUEVO MANTA", "PARROQUIA": "URBIMANTA", "COORDENADA": 530641.29, "COORDENA_1": 9890483.62, "ÁREA___M2": 193.25, "VIVIENDA": "SI", "RIESGO": "SI" }, "geometry": { "type": "MultiPolygon", "coordinates": [ [ [ [ -80.724709229176042, -0.990812422209657, 0.0 ], [ -80.724709229176042, -0.990812422209657, 0.0 ], [ -80.724600590275003, -0.990874602928773, 0.0 ], [ -80.724557800442213, -0.99089908769836, 0.0 ], [ -80.724557800443577, -0.990899087697585, 0.0 ], [ -80.724516945677038, -0.990818402871652, 0.0 ], [ -80.724667495207271, -0.990732234124824, 0.0 ], [ -80.724709229176042, -0.990812422209657, 0.0 ] ] ] ] } },
{ "type": "Feature", "properties": { "ID": 158, "ID_1": 158, "POSESIONAR": "GOBIERNO AUTONOMO DESCENTRALIZADO DE MANTA", "CEDULA___R": "1360000980001", "BARRIO": "NUEVO MANTA", "PARROQUIA": "URBIMANTA", "COORDENADA": 530645.23, "COORDENA_1": 9890493.71, "ÁREA___M2": 249.16, "VIVIENDA": "SI", "RIESGO": "SI" }, "geometry": { "type": "MultiPolygon", "coordinates": [ [ [ [ -80.724516945677038, -0.990818402871652, 0.0 ], [ -80.724463996808225, -0.990713833172778, 0.0 ], [ -80.724613241050292, -0.990627989614526, 0.0 ], [ -80.724667495207271, -0.990732234124824, 0.0 ], [ -80.724516945677038, -0.990818402871652, 0.0 ], [ -80.724516945677038, -0.990818402871652, 0.0 ] ] ] ] } },
{ "type": "Feature", "properties": { "ID": 167, "ID_1": 167, "POSESIONAR": "GOBIERNO AUTONOMO DESCENTRALIZADO DE MANTA", "CEDULA___R": "1360000980001", "BARRIO": "NUEVO MANTA", "PARROQUIA": "URBIMANTA", "COORDENADA": 530688.91, "COORDENA_1": 9890492.41, "ÁREA___M2": 137.48, "VIVIENDA": "NO", "RIESGO": "SI" }, "geometry": { "type": "MultiPolygon", "coordinates": [ [ [ [ -80.724160668014022, -0.990833709096045, 0.0 ], [ -80.724221164983916, -0.990801222880911, 0.0 ], [ -80.724151597733311, -0.990660180036635, 0.0 ], [ -80.724086729516316, -0.990691422648377, 0.0 ], [ -80.724160668014022, -0.990833709096045, 0.0 ] ] ] ] } },
{ "type": "Feature", "properties": { "ID": 169, "ID_1": 169, "POSESIONAR": "GOBIERNO AUTONOMO DESCENTRALIZADO DE MANTA", "CEDULA___R": "1360000980001", "BARRIO": "NUEVO MANTA", "PARROQUIA": "URBIMANTA", "COORDENADA": 530675.24, "COORDENA_1": 9890497.9, "ÁREA___M2": 140.06, "VIVIENDA": "NO", "RIESGO": "SI" }, "geometry": { "type": "MultiPolygon", "coordinates": [ [ [ [ -80.724286166520059, -0.990766317760415, 0.0 ], [ -80.724351274249926, -0.990731355612766, 0.0 ], [ -80.724284577575219, -0.990596132677476, 0.0 ], [ -80.724216465949368, -0.990628937423266, 0.0 ], [ -80.724286166520059, -0.990766317760415, 0.0 ] ] ] ] } },
{ "type": "Feature", "properties": { "ID": 224, "ID_1": 224, "POSESIONAR": "GOBIERNO AUTONOMO DESCENTRALIZADO DE MANTA", "CEDULA___R": "1360000980001", "BARRIO": "NUEVO MANTA", "PARROQUIA": "URBIMANTA", "COORDENADA": 530577.92, "COORDENA_1": 9890300.85, "ÁREA___M2": 931.41, "VIVIENDA": "NO", "RIESGO": "SI" }, "geometry": { "type": "MultiPolygon", "coordinates": [ [ [ [ -80.725136865735962, -0.992241925700011, 0.0 ], [ -80.724990396752219, -0.992330288722026, 0.0 ], [ -80.725196088000104, -0.992730126556539, 0.0 ], [ -80.725343521398784, -0.992633878724135, 0.0 ], [ -80.725319362878949, -0.992602342420494, 0.0 ], [ -80.725136865735962, -0.992241925700011, 0.0 ] ] ] ] } },
{ "type": "Feature", "properties": { "ID": 260, "ID_1": 260, "POSESIONAR": "GOBIERNO AUTONOMO DESCENTRALIZADO DE MANTA", "CEDULA___R": "1360000980001", "BARRIO": "NUEVO MANTA", "PARROQUIA": "URBIMANTA", "COORDENADA": 5330488.43, "COORDENA_1": 9890343.82, "ÁREA___M2": 461.55, "VIVIENDA": "NO", "RIESGO": "NO" }, "geometry": { "type": "MultiPolygon", "coordinates": [ [ [ [ -80.725926346863474, -0.992210630663974, 0.0 ], [ -80.72609505298513, -0.992112292872899, 0.0 ], [ -80.726049460123278, -0.992017911959886, 0.0 ], [ -80.726012291497966, -0.991941460467703, 0.0 ], [ -80.725841091954138, -0.992034539955082, 0.0 ], [ -80.725926346863474, -0.992210630663974, 0.0 ] ] ] ] } },
{ "type": "Feature", "properties": { "ID": 213, "ID_1": 213, "POSESIONAR": "QUIJIJE MANTUANO KARINA ROCIO", "CEDULA___R": "1313517433", "BARRIO": "NUEVO MANTA", "PARROQUIA": "URBIMANTA", "COORDENADA": 530597.93, "COORDENA_1": 9890410.44, "ÁREA___M2": 192.51, "VIVIENDA": "SI", "RIESGO": "NO" }, "geometry": { "type": "MultiPolygon", "coordinates": [ [ [ [ -80.725003044188639, -0.991381808498078, 0.0 ], [ -80.724925610147835, -0.991427741815802, 0.0 ], [ -80.725003958187855, -0.991581995998285, 0.0 ], [ -80.725081270963472, -0.991538747852776, 0.0 ], [ -80.725003044188654, -0.991381808498128, 0.0 ], [ -80.725003044188639, -0.991381808498078, 0.0 ] ] ] ] } },
{ "type": "Feature", "properties": { "ID": 230, "ID_1": 230, "POSESIONAR": "VARELA MARCILLO JESSENIA AZUCENA", "CEDULA___R": "1311353831", "BARRIO": "NUEVO MANTA", "PARROQUIA": "URBIMANTA", "COORDENADA": 530535.12, "COORDENA_1": 9890232.01, "ÁREA___M2": 481.1, "VIVIENDA": "SI", "RIESGO": "NO" }, "geometry": { "type": "MultiPolygon", "coordinates": [ [ [ [ -80.725682002667639, -0.993068023379968, 0.0 ], [ -80.725627068444496, -0.992997563360761, 0.0 ], [ -80.725472670271515, -0.993090174390574, 0.0 ], [ -80.725273543334353, -0.993213283897811, 0.0 ], [ -80.725322271750386, -0.993292516833613, 0.0 ], [ -80.725534924830214, -0.993163908401109, 0.0 ], [ -80.725682002667639, -0.993068023379968, 0.0 ], [ -80.725682002667639, -0.993068023379968, 0.0 ] ] ] ] } },
{ "type": "Feature", "properties": { "ID": 204, "ID_1": 204, "POSESIONAR": "GOBIERNO AUTONOMO DESCENTRALIZADO DE MANTA", "CEDULA___R": "1360000980001", "BARRIO": "NUEVO MANTA", "PARROQUIA": "URBIMANTA", "COORDENADA": 530532.52, "COORDENA_1": 9890314.87, "ÁREA___M2": 231.42, "VIVIENDA": "NO", "RIESGO": "SI" }, "geometry": { "type": "MultiPolygon", "coordinates": [ [ [ [ -80.725638972645797, -0.992252901965803, 0.0 ], [ -80.7254882313064, -0.992340697183278, 0.0 ], [ -80.725537698851483, -0.992437171207443, 0.0 ], [ -80.725687427156871, -0.992349895506468, 0.0 ], [ -80.725638972645797, -0.992252901965803, 0.0 ] ] ] ] } },
{ "type": "Feature", "properties": { "ID": 200, "ID_1": 200, "POSESIONAR": "GOBIERNO AUTONOMO DESCENTRALIZADO DE MANTA", "CEDULA___R": "1360000980001", "BARRIO": "NUEVO MANTA", "PARROQUIA": "URBIMANTA", "COORDENADA": 530558.42, "COORDENA_1": 9890366.05, "ÁREA___M2": 354.86, "VIVIENDA": "NO", "RIESGO": "SI" }, "geometry": { "type": "MultiPolygon", "coordinates": [ [ [ [ -80.725241981193662, -0.991860448111163, 0.0 ], [ -80.725314919362731, -0.992002695724667, 0.0 ], [ -80.725470847544912, -0.991916358471269, 0.0 ], [ -80.725398165794147, -0.99177086816042, 0.0 ], [ -80.725241981193662, -0.991860448111163, 0.0 ] ] ] ] } },
{ "type": "Feature", "properties": { "ID": 125, "ID_1": 125, "POSESIONAR": "GOBIERNO AUTONOMO DESCENTRALIZADO DE MANTA", "CEDULA___R": "1360000980001", "BARRIO": "NUEVO MANTA", "PARROQUIA": "URBIMANTA", "COORDENADA": 530538.71, "COORDENA_1": 9890554.85, "ÁREA___M2": 308.82, "VIVIENDA": "SI", "RIESGO": "NO" }, "geometry": { "type": "MultiPolygon", "coordinates": [ [ [ [ -80.725618199503586, -0.990182233860041, 0.0 ], [ -80.725597516952718, -0.990141474728843, 0.0 ], [ -80.725613844811789, -0.990132200521894, 0.0 ], [ -80.725574099739688, -0.990064618202236, 0.0 ], [ -80.725398506025911, -0.990166448208341, 0.0 ], [ -80.725457806713081, -0.990281067128192, 0.0 ], [ -80.725618199503586, -0.990182233860041, 0.0 ] ] ] ] } },
{ "type": "Feature", "properties": { "ID": 131, "ID_1": 131, "POSESIONAR": "LAAZ MARCILLO DARWIN AGUSTIN", "CEDULA___R": "1308447042", "BARRIO": "NUEVO MANTA", "PARROQUIA": "URBIMANTA", "COORDENADA": 530517.47, "COORDENA_1": 9890492.78, "ÁREA___M2": 799.98, "VIVIENDA": "SI", "RIESGO": "NO" }, "geometry": { "type": "MultiPolygon", "coordinates": [ [ [ [ -80.725822410359825, -0.990584672430411, 0.0 ], [ -80.725660227529104, -0.990681505755289, 0.0 ], [ -80.725506645335074, -0.990778178709151, 0.0 ], [ -80.725583976928064, -0.990932190133597, 0.0 ], [ -80.725902788319658, -0.990743073347494, 0.0 ], [ -80.725822410359825, -0.990584672430411, 0.0 ] ] ] ] } },
{ "type": "Feature", "properties": { "ID": 126, "ID_1": 126, "POSESIONAR": "GOBIERNO AUTONOMO DESCENTRALIZADO DE MANTA", "CEDULA___R": "1360000980001", "BARRIO": "NUEVO MANTA", "PARROQUIA": "URBIMANTA", "COORDENADA": 530534.1, "COORDENA_1": 9890543.51, "ÁREA___M2": 196.44, "VIVIENDA": "SI", "RIESGO": "NO" }, "geometry": { "type": "MultiPolygon", "coordinates": [ [ [ [ -80.725619073692286, -0.990181354058555, 0.0 ], [ -80.725458680901852, -0.990280187326768, 0.0 ], [ -80.725495640692145, -0.990352044132376, 0.0 ], [ -80.725659585925484, -0.990261191569417, 0.0 ], [ -80.725619073692286, -0.990181354058555, 0.0 ] ] ] ] } },
{ "type": "Feature", "properties": { "ID": 127, "ID_1": 127, "POSESIONAR": "GOBIERNO AUTONOMO DESCENTRALIZADO DE MANTA", "CEDULA___R": "1360000980001", "BARRIO": "NUEVO MANTA", "PARROQUIA": "URBIMANTA", "COORDENADA": 530529.43, "COORDENA_1": 9890535.47, "ÁREA___M2": 205.98, "VIVIENDA": "NO", "RIESGO": "NO" }, "geometry": { "type": "MultiPolygon", "coordinates": [ [ [ [ -80.725658670613754, -0.9902620941598, 0.0 ], [ -80.725576739120982, -0.99030749765369, 0.0 ], [ -80.725494760671609, -0.99035291259579, 0.0 ], [ -80.725537866362615, -0.990434505149237, 0.0 ], [ -80.725698197400163, -0.990339885816471, 0.0 ], [ -80.725658670613754, -0.9902620941598, 0.0 ] ] ] ] } },
{ "type": "Feature", "properties": { "ID": 128, "ID_1": 128, "POSESIONAR": "MENDOZA CASTRO PATRCIA JANETH", "CEDULA___R": "1308360575", "BARRIO": "NUEVO MANTA", "PARROQUIA": "URBIMANTA", "COORDENADA": 530525.12, "COORDENA_1": 9890526.36, "ÁREA___M2": 210.13, "VIVIENDA": "SI", "RIESGO": "NO" }, "geometry": { "type": "MultiPolygon", "coordinates": [ [ [ [ -80.725698197401883, -0.990339885819858, 0.0 ], [ -80.725537866362615, -0.990434505149237, 0.0 ], [ -80.725581769747862, -0.990516130003301, 0.0 ], [ -80.725739937749637, -0.990422143571522, 0.0 ], [ -80.725698197401883, -0.990339885819858, 0.0 ] ] ] ] } },
{ "type": "Feature", "properties": { "ID": 129, "ID_1": 129, "POSESIONAR": "CHARCOPA BARRE ARIANA ARGENTINA", "CEDULA___R": "1311370017", "BARRIO": "NUEVO MANTA", "PARROQUIA": "URBIMANTA", "COORDENADA": 530519.05, "COORDENA_1": 9890518.1, "ÁREA___M2": 212.05, "VIVIENDA": "SI", "RIESGO": "NO" }, "geometry": { "type": "MultiPolygon", "coordinates": [ [ [ [ -80.725739937749637, -0.990422143571522, 0.0 ], [ -80.725581769747862, -0.990516130003301, 0.0 ], [ -80.725619459318153, -0.990602150561186, 0.0 ], [ -80.725781474231582, -0.990503999561348, 0.0 ], [ -80.725739937749637, -0.990422143571522, 0.0 ] ] ] ] } },
{ "type": "Feature", "properties": { "ID": 130, "ID_1": 130, "POSESIONAR": "CHILA MERO DANARYS ANAHI (REPRESENTANTE LEGAL CHILA ORTIZ ADRIANO ADALBERTO )", "CEDULA___R": "1350263669 1304147000", "BARRIO": "NUEVO MANTA", "PARROQUIA": "URBIMANTA", "COORDENADA": 530518.29, "COORDENA_1": 9890506.73, "ÁREA___M2": 208.48, "VIVIENDA": "SI", "RIESGO": "NO" }, "geometry": { "type": "MultiPolygon", "coordinates": [ [ [ [ -80.725781474231582, -0.990503999561348, 0.0 ], [ -80.725619459318153, -0.990602150561186, 0.0 ], [ -80.725660227529104, -0.990681505755289, 0.0 ], [ -80.725822410359825, -0.990584672430378, 0.0 ], [ -80.725781474231582, -0.990503999561348, 0.0 ] ] ] ] } },
{ "type": "Feature", "properties": { "ID": 132, "ID_1": 132, "POSESIONAR": "GOBIERNO AUTONOMO DESCENTRALIZADO DE MANTA", "CEDULA___R": "1360000980001", "BARRIO": "NUEVO MANTA", "PARROQUIA": "URBIMANTA", "COORDENADA": 53053.54, "COORDENA_1": 9890505.4, "ÁREA___M2": 404.88, "VIVIENDA": "NO", "RIESGO": "NO" }, "geometry": { "type": "MultiPolygon", "coordinates": [ [ [ [ -80.725660227529104, -0.990681505755289, 0.0 ], [ -80.725619459318153, -0.990602150561186, 0.0 ], [ -80.725581769747862, -0.990516130003301, 0.0 ], [ -80.725425559102689, -0.990616689638434, 0.0 ], [ -80.725506645335074, -0.990778178709151, 0.0 ], [ -80.725660227529104, -0.990681505755289, 0.0 ] ] ] ] } },
{ "type": "Feature", "properties": { "ID": 133, "ID_1": 133, "POSESIONAR": "CEVALLOS CEDEÑO REYNALDO ANIBAL", "CEDULA___R": "1309076170", "BARRIO": "NUEVO MANTA", "PARROQUIA": "URBIMANTA", "COORDENADA": 530541.69, "COORDENA_1": 9890516.63, "ÁREA___M2": 208.74, "VIVIENDA": "SI", "RIESGO": "NO" }, "geometry": { "type": "MultiPolygon", "coordinates": [ [ [ [ -80.725581769747862, -0.990516130003301, 0.0 ], [ -80.725537866362615, -0.990434505149237, 0.0 ], [ -80.725384205126588, -0.990534330212388, 0.0 ], [ -80.725425559102703, -0.990616689638434, 0.0 ], [ -80.725581769747862, -0.990516130003301, 0.0 ] ] ] ] } },
{ "type": "Feature", "properties": { "ID": 135, "ID_1": 135, "POSESIONAR": "QUIROZ MACIAS NOAH DAREH ( REPRESENTANTE LEGAL MACIAS FIGUEROA DAYSI MONSERRATE )", "CEDULA___R": "1354316570 1313550129", "BARRIO": "NUEVO MANTA", "PARROQUIA": "URBIMANTA", "COORDENADA": 530550.57, "COORDENA_1": 9890532.12, "ÁREA___M2": 200.47, "VIVIENDA": "SI", "RIESGO": "NO" }, "geometry": { "type": "MultiPolygon", "coordinates": [ [ [ [ -80.725499223835186, -0.990361360957986, 0.0 ], [ -80.725457806713081, -0.990281067128192, 0.0 ], [ -80.72530372705026, -0.99037405230977, 0.0 ], [ -80.725344472876557, -0.990455200567767, 0.0 ], [ -80.725499223835186, -0.990361360957986, 0.0 ] ] ] ] } },
{ "type": "Feature", "properties": { "ID": 136, "ID_1": 136, "POSESIONAR": "GOBIERNO AUTONOMO DESCENTRALIZADO DE MANTA", "CEDULA___R": "1360000980001", "BARRIO": "NUEVO MANTA", "PARROQUIA": "URBIMANTA", "COORDENADA": 530556.98, "COORDENA_1": 9890542.22, "ÁREA___M2": 285.77, "VIVIENDA": "SI", "RIESGO": "NO" }, "geometry": { "type": "MultiPolygon", "coordinates": [ [ [ [ -80.725457806713081, -0.990281067128192, 0.0 ], [ -80.72539850602584, -0.990166448208375, 0.0 ], [ -80.725244939542478, -0.990256972733594, 0.0 ], [ -80.72530372705026, -0.99037405230977, 0.0 ], [ -80.725457806713081, -0.990281067128192, 0.0 ] ] ] ] } },
{ "type": "Feature", "properties": { "ID": 134, "ID_1": 134, "POSESIONAR": "QUINAPALLO MERO LIZI BRIGGETTE", "CEDULA___R": "13166683091", "BARRIO": "NUEVO MANTA", "PARROQUIA": "URBIMANTA", "COORDENADA": 530547.04, "COORDENA_1": 9890523.81, "ÁREA___M2": 191.06, "VIVIENDA": "SI", "RIESGO": "NO" }, "geometry": { "type": "MultiPolygon", "coordinates": [ [ [ [ -80.725537873068816, -0.990434517843028, 0.0 ], [ -80.725499223942592, -0.990361360892846, 0.0 ], [ -80.725344472876557, -0.990455200567767, 0.0 ], [ -80.725384205126588, -0.990534330212388, 0.0 ], [ -80.725537873068816, -0.990434517843028, 0.0 ] ] ] ] } },
{ "type": "Feature", "properties": { "ID": 137, "ID_1": 137, "POSESIONAR": "GOBIERNO AUTONOMO DESCENTRALIZADO DE MANTA", "CEDULA___R": "1360000980001", "BARRIO": "NUEVO MANTA", "PARROQUIA": "URBIMANTA", "COORDENADA": 530579.6, "COORDENA_1": 9890523.51, "ÁREA___M2": 459.51, "VIVIENDA": "NO", "RIESGO": "NO" }, "geometry": { "type": "MultiPolygon", "coordinates": [ [ [ [ -80.725263350862619, -0.990494206638883, 0.0 ], [ -80.725170094627089, -0.990308497477349, 0.0 ], [ -80.725010278025721, -0.990409579471639, 0.0 ], [ -80.725106698987133, -0.99058295589449, 0.0 ], [ -80.725263350862619, -0.990494206638883, 0.0 ] ] ] ] } },
{ "type": "Feature", "properties": { "ID": 138, "ID_1": 138, "POSESIONAR": "GOBIERNO AUTONOMO DESCENTRALIZADO DE MANTA", "CEDULA___R": "1360000980001", "BARRIO": "NUEVO MANTA", "PARROQUIA": "URBIMANTA", "COORDENADA": 530571.17, "COORDENA_1": 9890507.5, "ÁREA___M2": 401.65, "VIVIENDA": "NO", "RIESGO": "NO" }, "geometry": { "type": "MultiPolygon", "coordinates": [ [ [ [ -80.725345247812925, -0.990657310334424, 0.0 ], [ -80.725263350862619, -0.990494206638883, 0.0 ], [ -80.725106698987133, -0.99058295589449, 0.0 ], [ -80.725190197625494, -0.990745235008899, 0.0 ], [ -80.725345247812925, -0.990657310334424, 0.0 ] ] ] ] } },
{ "type": "Feature", "properties": { "ID": 139, "ID_1": 139, "POSESIONAR": "CHILA ZAMBRANO DIANA ELIZABETH", "CEDULA___R": "1311438830", "BARRIO": "NUEVO MANTA", "PARROQUIA": "URBIMANTA", "COORDENADA": 530561.36, "COORDENA_1": 9890487.25, "ÁREA___M2": 309.8, "VIVIENDA": "SI", "RIESGO": "NO" }, "geometry": { "type": "MultiPolygon", "coordinates": [ [ [ [ -80.725426131325733, -0.990818395683587, 0.0 ], [ -80.725345247812925, -0.990657310334424, 0.0 ], [ -80.725190197625494, -0.990745235008899, 0.0 ], [ -80.725271395421075, -0.990903798309877, 0.0 ], [ -80.725426131325733, -0.990818395683587, 0.0 ] ] ] ] } },
{ "type": "Feature", "properties": { "ID": 140, "ID_1": 140, "POSESIONAR": "GARCIA DELGADO STEFANY ALEJANDRINA", "CEDULA___R": "1314040146", "BARRIO": "NUEVO MANTA", "PARROQUIA": "URBIMANTA", "COORDENADA": 530550.61, "COORDENA_1": 9890477.1, "ÁREA___M2": 395.25, "VIVIENDA": "SI", "RIESGO": "NO" }, "geometry": { "type": "MultiPolygon", "coordinates": [ [ [ [ -80.725426131325733, -0.990818395683587, 0.0 ], [ -80.725271395421075, -0.990903798309877, 0.0 ], [ -80.725269621718894, -0.990907908590394, 0.0 ], [ -80.725356451117577, -0.991067156886982, 0.0 ], [ -80.725506381319178, -0.990978219321062, 0.0 ], [ -80.725426131325733, -0.990818395683587, 0.0 ] ] ] ] } },
{ "type": "Feature", "properties": { "ID": 141, "ID_1": 141, "POSESIONAR": "PILLIGUA ALVIA NELSON PASCUAL - ALVAREZ TOALA MARIA DEL CARMEN", "CEDULA___R": "0916510019 - 1309612917", "BARRIO": "NUEVO MANTA", "PARROQUIA": "URBIMANTA", "COORDENADA": 530566.4, "COORDENA_1": 9890462.65, "ÁREA___M2": 203.03, "VIVIENDA": "SI", "RIESGO": "NO" }, "geometry": { "type": "MultiPolygon", "coordinates": [ [ [ [ -80.725356451112134, -0.991067156890217, 0.0 ], [ -80.725269621512581, -0.990907908708456, 0.0 ], [ -80.725191095977536, -0.990952846466302, 0.0 ], [ -80.725278264464038, -0.99111358662321, 0.0 ], [ -80.725356451112134, -0.991067156890217, 0.0 ] ] ] ] } },
{ "type": "Feature", "properties": { "ID": 142, "ID_1": 142, "POSESIONAR": "ERAZO CUSME LETTY EFIGENIA", "CEDULA___R": "1309903563", "BARRIO": "NUEVO MANTA", "PARROQUIA": "URBIMANTA", "COORDENADA": 530576.59, "COORDENA_1": 9890455.82, "ÁREA___M2": 304.38, "VIVIENDA": "SI", "RIESGO": "SI" }, "geometry": { "type": "MultiPolygon", "coordinates": [ [ [ [ -80.725278264464038, -0.99111358662321, 0.0 ], [ -80.725278243967026, -0.991113548826378, 0.0 ], [ -80.725191095977536, -0.990952846466302, 0.0 ], [ -80.72507568451519, -0.991021805389704, 0.0 ], [ -80.725160543036338, -0.99118336819555, 0.0 ], [ -80.725278264464038, -0.99111358662321, 0.0 ] ] ] ] } },
{ "type": "Feature", "properties": { "ID": 143, "ID_1": 143, "POSESIONAR": "SANCHEZ BARRE LUISA SABINA", "CEDULA___R": "1311959330", "BARRIO": "NUEVO MANTA", "PARROQUIA": "URBIMANTA", "COORDENADA": 530573.1, "COORDENA_1": 9890477.22, "ÁREA___M2": 124.32, "VIVIENDA": "SI", "RIESGO": "SI" }, "geometry": { "type": "MultiPolygon", "coordinates": [ [ [ [ -80.725191095977536, -0.990952846466302, 0.0 ], [ -80.72526962159931, -0.99090790886751, 0.0 ], [ -80.725271395421075, -0.990903798309877, 0.0 ], [ -80.725223229826767, -0.990809740392981, 0.0 ], [ -80.725142557291875, -0.990855895592982, 0.0 ], [ -80.725191095977536, -0.990952846466302, 0.0 ] ] ] ] } },
{ "type": "Feature", "properties": { "ID": 144, "ID_1": 144, "POSESIONAR": "GOBIERNO AUTONOMO DESCENTRALIZADO DE MANTA", "CEDULA___R": "1360000980001", "BARRIO": "NUEVO MANTA", "PARROQUIA": "URBIMANTA", "COORDENADA": 530579.68, "COORDENA_1": 9890486.67, "ÁREA___M2": 125.24, "VIVIENDA": "SI", "RIESGO": "SI" }, "geometry": { "type": "MultiPolygon", "coordinates": [ [ [ [ -80.725142557291875, -0.990855895592982, 0.0 ], [ -80.725223352062031, -0.990809670458478, 0.0 ], [ -80.725173763060482, -0.990713294529092, 0.0 ], [ -80.725092313341747, -0.99075575736229, 0.0 ], [ -80.725142557291875, -0.990855895592982, 0.0 ] ] ] ] } },
{ "type": "Feature", "properties": { "ID": 145, "ID_1": 145, "POSESIONAR": "MARCILLO ALCIVAR LOURDES PAOLA", "CEDULA___R": "1312682139", "BARRIO": "NUEVO MANTA", "PARROQUIA": "URBIMANTA", "COORDENADA": 530584.82, "COORDENA_1": 9890497.49, "ÁREA___M2": 121.21, "VIVIENDA": "SI", "RIESGO": "SI" }, "geometry": { "type": "MultiPolygon", "coordinates": [ [ [ [ -80.725173763060482, -0.990713294529092, 0.0 ], [ -80.725124159909157, -0.990616891095172, 0.0 ], [ -80.725044360599185, -0.990658521040236, 0.0 ], [ -80.725092313341747, -0.99075575736229, 0.0 ], [ -80.725173763060482, -0.990713294529092, 0.0 ] ] ] ] } },
{ "type": "Feature", "properties": { "ID": 146, "ID_1": 146, "POSESIONAR": "SANCHEZ SANCHEZ MANUEL AMADO", "CEDULA___R": "13013046109", "BARRIO": "NUEVO MANTA", "PARROQUIA": "URBIMANTA", "COORDENADA": 530590.1, "COORDENA_1": 9890508.68, "ÁREA___M2": 119.31, "VIVIENDA": "SI", "RIESGO": "SI" }, "geometry": { "type": "MultiPolygon", "coordinates": [ [ [ [ -80.725124159909157, -0.990616891095172, 0.0 ], [ -80.725106698987119, -0.990582955894473, 0.0 ], [ -80.725072990116729, -0.990522343314848, 0.0 ], [ -80.724993447569915, -0.990563823818839, 0.0 ], [ -80.725044360599185, -0.990658521040236, 0.0 ], [ -80.725124159909157, -0.990616891095172, 0.0 ] ] ] ] } },
{ "type": "Feature", "properties": { "ID": 147, "ID_1": 147, "POSESIONAR": "GOBIERNO AUTONOMO DESCENTRALIZADO DE MANTA", "CEDULA___R": "1360000980001", "BARRIO": "NUEVO MANTA", "PARROQUIA": "URBIMANTA", "COORDENADA": 530602.29, "COORDENA_1": 9890500.03, "ÁREA___M2": 119.71, "VIVIENDA": "SI", "RIESGO": "SI" }, "geometry": { "type": "MultiPolygon", "coordinates": [ [ [ [ -80.725010740427479, -0.990693122161092, 0.0 ], [ -80.724962201749477, -0.990596171287497, 0.0 ], [ -80.724884912938109, -0.990642351738896, 0.0 ], [ -80.72493345161385, -0.990739302613161, 0.0 ], [ -80.725010740427479, -0.990693122161092, 0.0 ] ] ] ] } },
{ "type": "Feature", "properties": { "ID": 148, "ID_1": 148, "POSESIONAR": "GOBIERNO AUTONOMO DESCENTRALIZADO DE MANTA", "CEDULA___R": "1360000980001", "BARRIO": "NUEVO MANTA", "PARROQUIA": "URBIMANTA", "COORDENADA": 530592.34, "COORDENA_1": 9890482.42, "ÁREA___M2": 299.28, "VIVIENDA": "NO", "RIESGO": "SI" }, "geometry": { "type": "MultiPolygon", "coordinates": [ [ [ [ -80.725010740427479, -0.990693122161092, 0.0 ], [ -80.72493345161385, -0.990739302613161, 0.0 ], [ -80.725054798312996, -0.990981679798907, 0.0 ], [ -80.72513208713228, -0.990935499345163, 0.0 ], [ -80.725010740427479, -0.990693122161092, 0.0 ] ] ] ] } },
{ "type": "Feature", "properties": { "ID": 149, "ID_1": 149, "POSESIONAR": "ESTACIO RAMOS ANA JANETH", "CEDULA___R": "1720784535", "BARRIO": "NUEVO MANTA", "PARROQUIA": "URBIMANTA", "COORDENADA": 530591.97, "COORDENA_1": 9890447.44, "ÁREA___M2": 205.62, "VIVIENDA": "SI", "RIESGO": "SI" }, "geometry": { "type": "MultiPolygon", "coordinates": [ [ [ [ -80.72511859798098, -0.991208249707165, 0.0 ], [ -80.725033582611744, -0.991045713521399, 0.0 ], [ -80.724954021977211, -0.9910878038038, 0.0 ], [ -80.725040957874242, -0.99125430526932, 0.0 ], [ -80.72511859798098, -0.991208249707165, 0.0 ] ] ] ] } },
{ "type": "Feature", "properties": { "ID": 151, "ID_1": 151, "POSESIONAR": "FERRIN ORTIZ ANGELA MAYRA", "CEDULA___R": "1717693947", "BARRIO": "NUEVO MANTA", "PARROQUIA": "URBIMANTA", "COORDENADA": 530602.2, "COORDENA_1": 9890444.72, "ÁREA___M2": 207.8, "VIVIENDA": "SI", "RIESGO": "SI" }, "geometry": { "type": "MultiPolygon", "coordinates": [ [ [ [ -80.725040957874242, -0.99125430526932, 0.0 ], [ -80.724954021977112, -0.991087803803851, 0.0 ], [ -80.724876479161608, -0.991133775191483, 0.0 ], [ -80.724963526982293, -0.991300236723226, 0.0 ], [ -80.725040957874242, -0.99125430526932, 0.0 ] ] ] ] } },
{ "type": "Feature", "properties": { "ID": 150, "ID_1": 150, "POSESIONAR": "GOBIERNO AUTONOMO DESCENTRALIZADO DE MANTA", "CEDULA___R": "1360000980001", "BARRIO": "NUEVO MANTA", "PARROQUIA": "URBIMANTA", "COORDENADA": 530604.51, "COORDENA_1": 9890458.12, "ÁREA___M2": 199.31, "VIVIENDA": "NO", "RIESGO": "SI" }, "geometry": { "type": "MultiPolygon", "coordinates": [ [ [ [ -80.725033582611744, -0.991045713521399, 0.0 ], [ -80.724991329856735, -0.990964839081722, 0.0 ], [ -80.724834431092063, -0.99105298646417, 0.0 ], [ -80.724876479161608, -0.991133775191483, 0.0 ], [ -80.724954021977211, -0.9910878038038, 0.0 ], [ -80.725033582611744, -0.991045713521399, 0.0 ] ] ] ] } },
{ "type": "Feature", "properties": { "ID": 152, "ID_1": 152, "POSESIONAR": "GOBIERNO AUTONOMO DESCENTRALIZADO DE MANTA", "CEDULA___R": "1360000980001", "BARRIO": "NUEVO MANTA", "PARROQUIA": "URBIMANTA", "COORDENADA": 530610.03, "COORDENA_1": 9890436.78, "ÁREA___M2": 204.98, "VIVIENDA": "SI", "RIESGO": "NO" }, "geometry": { "type": "MultiPolygon", "coordinates": [ [ [ [ -80.724963526982293, -0.991300236723226, 0.0 ], [ -80.724878809379106, -0.991138231266198, 0.0 ], [ -80.724799318345987, -0.991180454583844, 0.0 ], [ -80.724882180080058, -0.991339426976308, 0.0 ], [ -80.724886071225882, -0.991346182923054, 0.0 ], [ -80.724963526982293, -0.991300236723226, 0.0 ] ] ] ] } },
{ "type": "Feature", "properties": { "ID": 153, "ID_1": 153, "POSESIONAR": "DELGADO CORDOVA LORENA DEL ROCIO", "CEDULA___R": "1309950978", "BARRIO": "NUEVO MANTA", "PARROQUIA": "URBIMANTA", "COORDENADA": 530619.85, "COORDENA_1": 9890445.11, "ÁREA___M2": 403.14, "VIVIENDA": "SI", "RIESGO": "NO" }, "geometry": { "type": "MultiPolygon", "coordinates": [ [ [ [ -80.724886071225882, -0.991346182923054, 0.0 ], [ -80.724799318345987, -0.991180454583844, 0.0 ], [ -80.724878809379106, -0.991138231266198, 0.0 ], [ -80.724876479161608, -0.991133775191483, 0.0 ], [ -80.724836801796755, -0.991057541399063, 0.0 ], [ -80.72468201157514, -0.991144394528835, 0.0 ], [ -80.724807720757809, -0.991392659855867, 0.0 ], [ -80.724886071225882, -0.991346182923054, 0.0 ] ] ] ] } },
{ "type": "Feature", "properties": { "ID": 155, "ID_1": 155, "POSESIONAR": "GOBIERNO AUTONOMO DESCENTRALIZADO DE MANTA", "CEDULA___R": "1360000980001", "BARRIO": "NUEVO MANTA", "PARROQUIA": "URBIMANTA", "COORDENADA": 530629.69, "COORDENA_1": 9890465.76, "ÁREA___M2": 195.49, "VIVIENDA": "SI", "RIESGO": "SI" }, "geometry": { "type": "MultiPolygon", "coordinates": [ [ [ [ -80.724639517624368, -0.991060472454121, 0.0 ], [ -80.724792696124425, -0.990972796469445, 0.0 ], [ -80.724750963146434, -0.990892610294503, 0.0 ], [ -80.72459866029628, -0.990979782572093, 0.0 ], [ -80.724639517624368, -0.991060472454121, 0.0 ] ] ] ] } },
{ "type": "Feature", "properties": { "ID": 154, "ID_1": 154, "POSESIONAR": "GOBIERNO AUTONOMO DESCENTRALIZADO DE MANTA", "CEDULA___R": "1360000980001", "BARRIO": "NUEVO MANTA", "PARROQUIA": "URBIMANTA", "COORDENADA": 530625.93, "COORDENA_1": 9890456.26, "ÁREA___M2": 206.16, "VIVIENDA": "SI", "RIESGO": "SI" }, "geometry": { "type": "MultiPolygon", "coordinates": [ [ [ [ -80.724792697118431, -0.990972798379347, 0.0 ], [ -80.724639517608267, -0.991060472422321, 0.0 ], [ -80.72468201157514, -0.991144394528835, 0.0 ], [ -80.724836801731755, -0.991057541435524, 0.0 ], [ -80.724792697118431, -0.990972798379347, 0.0 ] ] ] ] } },
{ "type": "Feature", "properties": { "ID": 176, "ID_1": 176, "POSESIONAR": "CEVALLOS LOOR CAROLINA JOHANNA", "CEDULA___R": "1314742386", "BARRIO": "NUEVO MANTA", "PARROQUIA": "URBIMANTA", "COORDENADA": 530637.17, "COORDENA_1": 9890415.23, "ÁREA___M2": 202.58, "VIVIENDA": "SI", "RIESGO": "SI" }, "geometry": { "type": "MultiPolygon", "coordinates": [ [ [ [ -80.724726900232668, -0.99143227760863, 0.0 ], [ -80.724685630297998, -0.991351907023647, 0.0 ], [ -80.724530743889474, -0.991443947589868, 0.0 ], [ -80.724526576159974, -0.991446424244597, 0.0 ], [ -80.724572570726636, -0.991524151162376, 0.0 ], [ -80.724726900232668, -0.99143227760863, 0.0 ] ] ] ] } },
{ "type": "Feature", "properties": { "ID": 159, "ID_1": 159, "POSESIONAR": "CEVALLOS LOOR JESSICA LUCIA", "CEDULA___R": "1314687631", "BARRIO": "NUEVO MANTA", "PARROQUIA": "URBIMANTA", "COORDENADA": 530654.92, "COORDENA_1": 9890404.63, "ÁREA___M2": 200.52, "VIVIENDA": "SI", "RIESGO": "SI" }, "geometry": { "type": "MultiPolygon", "coordinates": [ [ [ [ -80.724572571461749, -0.991524152404659, 0.0 ], [ -80.724526576159974, -0.991446424244597, 0.0 ], [ -80.724374887477254, -0.991534007923404, 0.0 ], [ -80.724416840584837, -0.991616861889606, 0.0 ], [ -80.724572571461749, -0.991524152404659, 0.0 ] ] ] ] } },
{ "type": "Feature", "properties": { "ID": 160, "ID_1": 160, "POSESIONAR": "CASTRO LOOR FATIMA ALEXANDRA", "CEDULA___R": "1308399094", "BARRIO": "NUEVO MANTA", "PARROQUIA": "URBIMANTA", "COORDENADA": 530660.22, "COORDENA_1": 9890413.59, "ÁREA___M2": 204.32, "VIVIENDA": "SI", "RIESGO": "SI" }, "geometry": { "type": "MultiPolygon", "coordinates": [ [ [ [ -80.724374887477254, -0.991534007923404, 0.0 ], [ -80.724526585846476, -0.991446440613975, 0.0 ], [ -80.724530743889474, -0.991443947589851, 0.0 ], [ -80.724491510754774, -0.991361044260016, 0.0 ], [ -80.724333325488843, -0.991451926382425, 0.0 ], [ -80.724374887477254, -0.991534007923404, 0.0 ] ] ] ] } },
{ "type": "Feature", "properties": { "ID": 161, "ID_1": 161, "POSESIONAR": "GOBIERNO AUTONOMO DESCENTRALIZADO DE MANTA", "CEDULA___R": "1360000980001", "BARRIO": "NUEVO MANTA", "PARROQUIA": "URBIMANTA", "COORDENADA": 530664.85, "COORDENA_1": 9890427.48, "ÁREA___M2": 400.32, "VIVIENDA": "NO", "RIESGO": "SI" }, "geometry": { "type": "MultiPolygon", "coordinates": [ [ [ [ -80.724333325488843, -0.991451926382425, 0.0 ], [ -80.724491398322982, -0.991360806681026, 0.0 ], [ -80.724494562472387, -0.991359289489338, 0.0 ], [ -80.724453602088801, -0.991280340444257, 0.0 ], [ -80.72441512375849, -0.991202347344537, 0.0 ], [ -80.724253915000915, -0.991295097129584, 0.0 ], [ -80.724333325488843, -0.991451926382425, 0.0 ] ] ] ] } },
{ "type": "Feature", "properties": { "ID": 162, "ID_1": 162, "POSESIONAR": "GOBIERNO AUTONOMO DESCENTRALIZADO DE MANTA", "CEDULA___R": "1360000980001", "BARRIO": "NUEVO MANTA", "PARROQUIA": "URBIMANTA", "COORDENADA": 530672.99, "COORDENA_1": 9890439.82, "ÁREA___M2": 200.35, "VIVIENDA": "NO", "RIESGO": "SI" }, "geometry": { "type": "MultiPolygon", "coordinates": [ [ [ [ -80.724253915000915, -0.991295097129584, 0.0 ], [ -80.72441512375849, -0.991202347344537, 0.0 ], [ -80.724413852001646, -0.99119977434618, 0.0 ], [ -80.724371194246245, -0.991121733255005, 0.0 ], [ -80.724215633426667, -0.991219494130843, 0.0 ], [ -80.724253915000915, -0.991295097129584, 0.0 ] ] ] ] } },
{ "type": "Feature", "properties": { "ID": 163, "ID_1": 163, "POSESIONAR": "GOBIERNO AUTONOMO DESCENTRALIZADO DE MANTA", "CEDULA___R": "1360000980001", "BARRIO": "NUEVO MANTA", "PARROQUIA": "URBIMANTA", "COORDENADA": 530676.39, "COORDENA_1": 9890448.11, "ÁREA___M2": 205.87, "VIVIENDA": "NO", "RIESGO": "SI" }, "geometry": { "type": "MultiPolygon", "coordinates": [ [ [ [ -80.724215633426667, -0.991219494130843, 0.0 ], [ -80.724371198780617, -0.991121730405411, 0.0 ], [ -80.724328597128931, -0.991039589697338, 0.0 ], [ -80.724174589333742, -0.991138435379138, 0.0 ], [ -80.724215633426667, -0.991219494130843, 0.0 ] ] ] ] } },
{ "type": "Feature", "properties": { "ID": 164, "ID_1": 164, "POSESIONAR": "GOBIERNO AUTONOMO DESCENTRALIZADO DE MANTA", "CEDULA___R": "1360000980001", "BARRIO": "NUEVO MANTA", "PARROQUIA": "URBIMANTA", "COORDENADA": 530681.42, "COORDENA_1": 9890458.94, "ÁREA___M2": 205.87, "VIVIENDA": "NO", "RIESGO": "SI" }, "geometry": { "type": "MultiPolygon", "coordinates": [ [ [ [ -80.724328597128903, -0.991039589697271, 0.0 ], [ -80.724294602898482, -0.990962039200408, 0.0 ], [ -80.724141370026985, -0.991050939969488, 0.0 ], [ -80.724132802813273, -0.991055910390126, 0.0 ], [ -80.724174589333742, -0.991138435379138, 0.0 ], [ -80.724328597128903, -0.991039589697271, 0.0 ] ] ] ] } },
{ "type": "Feature", "properties": { "ID": 165, "ID_1": 165, "POSESIONAR": "GOBIERNO AUTONOMO DESCENTRALIZADO DE MANTA", "CEDULA___R": "1360000980001", "BARRIO": "NUEVO MANTA", "PARROQUIA": "URBIMANTA", "COORDENADA": 530685.18, "COORDENA_1": 9890466.69, "ÁREA___M2": 205.51, "VIVIENDA": "NO", "RIESGO": "SI" }, "geometry": { "type": "MultiPolygon", "coordinates": [ [ [ [ -80.724132802813287, -0.991055910390126, 0.0 ], [ -80.724294602898482, -0.990962039200408, 0.0 ], [ -80.724256835434105, -0.990884608994526, 0.0 ], [ -80.724091122453885, -0.990973595057357, 0.0 ], [ -80.724132802813287, -0.991055910390126, 0.0 ] ] ] ] } },
{ "type": "Feature", "properties": { "ID": 166, "ID_1": 166, "POSESIONAR": "GOBIERNO AUTONOMO DESCENTRALIZADO DE MANTA", "CEDULA___R": "1360000980001", "BARRIO": "NUEVO MANTA", "PARROQUIA": "URBIMANTA", "COORDENADA": 530698.13, "COORDENA_1": 9890488.58, "ÁREA___M2": 225.32, "VIVIENDA": "NO", "RIESGO": "SI" }, "geometry": { "type": "MultiPolygon", "coordinates": [ [ [ [ -80.724059213254989, -0.990888189194374, 0.0 ], [ -80.724160668014036, -0.990833709096045, 0.0 ], [ -80.724086729516316, -0.990691422648377, 0.0 ], [ -80.723987658971495, -0.990739138193069, 0.0 ], [ -80.724059213254989, -0.990888189194374, 0.0 ] ] ] ] } },
{ "type": "Feature", "properties": { "ID": 168, "ID_1": 168, "POSESIONAR": "GOBIERNO AUTONOMO DESCENTRALIZADO DE MANTA", "CEDULA___R": "1360000980001", "BARRIO": "NUEVO MANTA", "PARROQUIA": "URBIMANTA", "COORDENADA": 530683.17, "COORDENA_1": 9890495.66, "ÁREA___M2": 139.49, "VIVIENDA": "NO", "RIESGO": "SI" }, "geometry": { "type": "MultiPolygon", "coordinates": [ [ [ [ -80.724221164983916, -0.990801222880911, 0.0 ], [ -80.724286166520059, -0.990766317760415, 0.0 ], [ -80.724216465949368, -0.990628937423266, 0.0 ], [ -80.724151597733311, -0.990660180036635, 0.0 ], [ -80.724221164983916, -0.990801222880911, 0.0 ] ] ] ] } },
{ "type": "Feature", "properties": { "ID": 170, "ID_1": 170, "POSESIONAR": "PONCE GARCIA NILIAM", "CEDULA___R": "1304335407", "BARRIO": "NUEVO MANTA", "PARROQUIA": "URBIMANTA", "COORDENADA": 53066.31, "COORDENA_1": 9890471.85, "ÁREA___M2": 329.67, "VIVIENDA": "SI", "RIESGO": "SI" }, "geometry": { "type": "MultiPolygon", "coordinates": [ [ [ [ -80.724328597127254, -0.991039589698333, 0.0 ], [ -80.724482266255109, -0.990949145510289, 0.0 ], [ -80.724441701740076, -0.990869033899352, 0.0 ], [ -80.724377152742548, -0.990840407083949, 0.0 ], [ -80.724348305413073, -0.990835490607219, 0.0 ], [ -80.724256835434105, -0.990884608994526, 0.0 ], [ -80.724294602898482, -0.990962039200408, 0.0 ], [ -80.724328597127254, -0.991039589698333, 0.0 ] ] ] ] } },
{ "type": "Feature", "properties": { "ID": 171, "ID_1": 171, "POSESIONAR": "CABEZAS TREJO YULITZA ADRIANA", "CEDULA___R": "1316451317", "BARRIO": "NUEVO MANTA", "PARROQUIA": "URBIMANTA", "COORDENADA": 530659.9, "COORDENA_1": 9890459.55, "ÁREA___M2": 200.38, "VIVIENDA": "SI", "RIESGO": "SI" }, "geometry": { "type": "MultiPolygon", "coordinates": [ [ [ [ -80.724482266255109, -0.990949145510289, 0.0 ], [ -80.724328597127297, -0.9910395896984, 0.0 ], [ -80.72437131176757, -0.991121948256765, 0.0 ], [ -80.724523268565747, -0.991030121727805, 0.0 ], [ -80.724482266255109, -0.990949145510289, 0.0 ] ] ] ] } },
{ "type": "Feature", "properties": { "ID": 172, "ID_1": 172, "POSESIONAR": "GOBIERNO AUTONOMO DESCENTRALIZADO DE MANTA", "CEDULA___R": "1360000980001", "BARRIO": "NUEVO MANTA", "PARROQUIA": "URBIMANTA", "COORDENADA": 530656.46, "COORDENA_1": 9890449.79, "ÁREA___M2": 193.91, "VIVIENDA": "SI", "RIESGO": "SI" }, "geometry": { "type": "MultiPolygon", "coordinates": [ [ [ [ -80.724523268565747, -0.991030121727805, 0.0 ], [ -80.724371311767584, -0.991121948256799, 0.0 ], [ -80.724413852001646, -0.99119977434618, 0.0 ], [ -80.72456423976142, -0.991111036493146, 0.0 ], [ -80.724523268565747, -0.991030121727805, 0.0 ] ] ] ] } },
{ "type": "Feature", "properties": { "ID": 173, "ID_1": 173, "POSESIONAR": "GOBIERNO AUTONOMO DESCENTRALIZADO DE MANTA", "CEDULA___R": "1360000980001", "BARRIO": "NUEVO MANTA", "PARROQUIA": "URBIMANTA", "COORDENADA": 530650.41, "COORDENA_1": 9890441.4, "ÁREA___M2": 193.34, "VIVIENDA": "SI", "RIESGO": "SI" }, "geometry": { "type": "MultiPolygon", "coordinates": [ [ [ [ -80.724564239756646, -0.991111036495959, 0.0 ], [ -80.724413852001646, -0.99119977434618, 0.0 ], [ -80.724453602088801, -0.991280340444257, 0.0 ], [ -80.724604981369836, -0.991191497839312, 0.0 ], [ -80.724564239756646, -0.991111036495959, 0.0 ] ] ] ] } },
{ "type": "Feature", "properties": { "ID": 174, "ID_1": 174, "POSESIONAR": "GOBIERNO AUTONOMO DESCENTRALIZADO DE MANTA", "CEDULA___R": "1360000980001", "BARRIO": "NUEVO MANTA", "PARROQUIA": "URBIMANTA", "COORDENADA": 530646.44, "COORDENA_1": 9890431.58, "ÁREA___M2": 192.69, "VIVIENDA": "SI", "RIESGO": "SI" }, "geometry": { "type": "MultiPolygon", "coordinates": [ [ [ [ -80.724605054494944, -0.991191642255437, 0.0 ], [ -80.724453602088801, -0.991280340444257, 0.0 ], [ -80.724494562472387, -0.991359289489338, 0.0 ], [ -80.724645869230045, -0.991272248017738, 0.0 ], [ -80.724605054494944, -0.991191642255437, 0.0 ] ] ] ] } },
{ "type": "Feature", "properties": { "ID": 175, "ID_1": 175, "POSESIONAR": "MENOSCAL ESPINOZA PAOLA ELIZABETH", "CEDULA___R": "1310221468", "BARRIO": "NUEVO MANTA", "PARROQUIA": "URBIMANTA", "COORDENADA": 530642.7, "COORDENA_1": 9890423.23, "ÁREA___M2": 198.47, "VIVIENDA": "SI", "RIESGO": "SI" }, "geometry": { "type": "MultiPolygon", "coordinates": [ [ [ [ -80.724645869230045, -0.991272248017738, 0.0 ], [ -80.724494562454069, -0.991359289499869, 0.0 ], [ -80.724491510754774, -0.991361044260016, 0.0 ], [ -80.724530743885609, -0.991443947592177, 0.0 ], [ -80.724685630297586, -0.991351907022872, 0.0 ], [ -80.724645869230045, -0.991272248017738, 0.0 ] ] ] ] } },
{ "type": "Feature", "properties": { "ID": 177, "ID_1": 177, "POSESIONAR": "GOBIERNO AUTONOMO DESCENTRALIZADO DE MANTA", "CEDULA___R": "1360000980001", "BARRIO": "NUEVO MANTA", "PARROQUIA": "URBIMANTA", "COORDENADA": 530495.56, "COORDENA_1": 9890467.31, "ÁREA___M2": 303.89, "VIVIENDA": "NO", "RIESGO": "NO" }, "geometry": { "type": "MultiPolygon", "coordinates": [ [ [ [ -80.72600112126652, -0.990958114671374, 0.0 ], [ -80.725932270807675, -0.99083059765837, 0.0 ], [ -80.725782422686009, -0.990919486567719, 0.0 ], [ -80.725849459771766, -0.99104832378376, 0.0 ], [ -80.72600112126652, -0.990958114671374, 0.0 ] ] ] ] } },
{ "type": "Feature", "properties": { "ID": 178, "ID_1": 178, "POSESIONAR": "GOBIERNO AUTONOMO DESCENTRALIZADO DE MANTA", "CEDULA___R": "1360000980001", "BARRIO": "NUEVO MANTA", "PARROQUIA": "URBIMANTA", "COORDENADA": 530491.76, "COORDENA_1": 9890460.85, "ÁREA___M2": 164.79, "VIVIENDA": "SI", "RIESGO": "NO" }, "geometry": { "type": "MultiPolygon", "coordinates": [ [ [ [ -80.726001123408082, -0.990958118637733, 0.0 ], [ -80.725850032241041, -0.991048025261729, 0.0 ], [ -80.725882820742683, -0.991112439554449, 0.0 ], [ -80.726035462196663, -0.991021717045306, 0.0 ], [ -80.726001123408082, -0.990958118637733, 0.0 ] ] ] ] } },
{ "type": "Feature", "properties": { "ID": 179, "ID_1": 179, "POSESIONAR": "GOBIERNO AUTONOMO DESCENTRALIZADO DE MANTA", "CEDULA___R": "1360000980001", "BARRIO": "NUEVO MANTA", "PARROQUIA": "URBIMANTA", "COORDENADA": 530485.6, "COORDENA_1": 9890449.6, "ÁREA___M2": 331.0, "VIVIENDA": "NO", "RIESGO": "NO" }, "geometry": { "type": "MultiPolygon", "coordinates": [ [ [ [ -80.726035462196663, -0.991021717045306, 0.0 ], [ -80.725882820742626, -0.991112439554331, 0.0 ], [ -80.725916918256274, -0.991181833463769, 0.0 ], [ -80.725949055602968, -0.991247238116941, 0.0 ], [ -80.726106133450585, -0.991152606316003, 0.0 ], [ -80.726035462196663, -0.991021717045306, 0.0 ] ] ] ] } },
{ "type": "Feature", "properties": { "ID": 180, "ID_1": 180, "POSESIONAR": "GOBIERNO AUTONOMO DESCENTRALIZADO DE MANTA", "CEDULA___R": "1360000980001", "BARRIO": "NUEVO MANTA", "PARROQUIA": "URBIMANTA", "COORDENADA": 530479.84, "COORDENA_1": 9890438.65, "ÁREA___M2": 161.4, "VIVIENDA": "SI", "RIESGO": "NO" }, "geometry": { "type": "MultiPolygon", "coordinates": [ [ [ [ -80.726106133450585, -0.991152606316003, 0.0 ], [ -80.725949055602968, -0.991247238116941, 0.0 ], [ -80.725982616698772, -0.99131453508314, 0.0 ], [ -80.726141756552963, -0.991218583377431, 0.0 ], [ -80.726106133450585, -0.991152606316003, 0.0 ] ] ] ] } },
{ "type": "Feature", "properties": { "ID": 186, "ID_1": 186, "POSESIONAR": "ZAMBRANO PARRAGA JOFFRE GREGORIO", "CEDULA___R": "1308663093", "BARRIO": "NUEVO MANTA", "PARROQUIA": "URBIMANTA", "COORDENADA": 530498.09, "COORDENA_1": 9890431.17, "ÁREA___M2": 333.61, "VIVIENDA": "SI", "RIESGO": "NO" }, "geometry": { "type": "MultiPolygon", "coordinates": [ [ [ [ -80.725983201275923, -0.991315621401836, 0.0 ], [ -80.725982616698772, -0.99131453508314, 0.0 ], [ -80.725949055602968, -0.991247238116941, 0.0 ], [ -80.725916918256274, -0.991181833463769, 0.0 ], [ -80.725758870368551, -0.991273084168245, 0.0 ], [ -80.725828161189966, -0.991405066731772, 0.0 ], [ -80.725983201275923, -0.991315621401836, 0.0 ] ] ] ] } },
{ "type": "Feature", "properties": { "ID": 187, "ID_1": 187, "POSESIONAR": "GOBIERNO AUTONOMO DESCENTRALIZADO DE MANTA", "CEDULA___R": "1360000980001", "BARRIO": "NUEVO MANTA", "PARROQUIA": "URBIMANTA", "COORDENADA": 530510.01, "COORDENA_1": 9890452.41, "ÁREA___M2": 666.82, "VIVIENDA": "NO", "RIESGO": "NO" }, "geometry": { "type": "MultiPolygon", "coordinates": [ [ [ [ -80.725916918256274, -0.991181833463769, 0.0 ], [ -80.725882820742683, -0.991112439554449, 0.0 ], [ -80.725848249741716, -0.991044523472125, 0.0 ], [ -80.725782422686009, -0.990919486567719, 0.0 ], [ -80.725622908597359, -0.991014109249987, 0.0 ], [ -80.725758870368537, -0.991273084168245, 0.0 ], [ -80.725916918256274, -0.991181833463769, 0.0 ] ] ] ] } },
{ "type": "Feature", "properties": { "ID": 188, "ID_1": 188, "POSESIONAR": "MANTUANO MERO MIGUEL ANGEL", "CEDULA___R": "1311406365", "BARRIO": "NUEVO MANTA", "PARROQUIA": "URBIMANTA", "COORDENADA": 530541.91, "COORDENA_1": 9890441.31, "ÁREA___M2": 547.96, "VIVIENDA": "SI", "RIESGO": "NO" }, "geometry": { "type": "MultiPolygon", "coordinates": [ [ [ [ -80.725545391250165, -0.991060092012507, 0.0 ], [ -80.725336182564135, -0.991184193162944, 0.0 ], [ -80.725416725428872, -0.991345257073863, 0.0 ], [ -80.725630693569101, -0.991222508997828, 0.0 ], [ -80.725545391250165, -0.991060092012507, 0.0 ] ] ] ] } },
{ "type": "Feature", "properties": { "ID": 189, "ID_1": 189, "POSESIONAR": "MANTUANO MERO ALBERTO ALEJANDRO", "CEDULA___R": "1312006230", "BARRIO": "NUEVO MANTA", "PARROQUIA": "URBIMANTA", "COORDENADA": 530557.96, "COORDENA_1": 9890429.65, "ÁREA___M2": 257.76, "VIVIENDA": "SI", "RIESGO": "NO" }, "geometry": { "type": "MultiPolygon", "coordinates": [ [ [ [ -80.725336182564135, -0.991184193162944, 0.0 ], [ -80.725235518320801, -0.99124390648906, 0.0 ], [ -80.725315468232409, -0.991403945829744, 0.0 ], [ -80.725416725428872, -0.991345257073863, 0.0 ], [ -80.725336182564135, -0.991184193162944, 0.0 ] ] ] ] } },
{ "type": "Feature", "properties": { "ID": 191, "ID_1": 191, "POSESIONAR": "MERO MANTUANO KATHERINE JULIANA", "CEDULA___R": "1313517458", "BARRIO": "NUEVO MANTA", "PARROQUIA": "URBIMANTA", "COORDENADA": 530551.97, "COORDENA_1": 9890418.32, "ÁREA___M2": 200.05, "VIVIENDA": "SI", "RIESGO": "NO" }, "geometry": { "type": "MultiPolygon", "coordinates": [ [ [ [ -80.725470666409961, -0.991314557029888, 0.0 ], [ -80.725416725428872, -0.991345257073863, 0.0 ], [ -80.725315468232409, -0.991403945829744, 0.0 ], [ -80.725355846977948, -0.991484773779592, 0.0 ], [ -80.725511057366575, -0.991396853182423, 0.0 ], [ -80.725470666409961, -0.991314557029888, 0.0 ] ] ] ] } },
{ "type": "Feature", "properties": { "ID": 192, "ID_1": 192, "POSESIONAR": "ANCHUNDIA MERO LAURA MARY", "CEDULA___R": "3050207848", "BARRIO": "NUEVO MANTA", "PARROQUIA": "URBIMANTA", "COORDENADA": 530545.25, "COORDENA_1": 9890410.03, "ÁREA___M2": 201.22, "VIVIENDA": "SI", "RIESGO": "NO" }, "geometry": { "type": "MultiPolygon", "coordinates": [ [ [ [ -80.725514993153567, -0.991394668920913, 0.0 ], [ -80.725355846969592, -0.99148477378431, 0.0 ], [ -80.725396522514913, -0.991566195827045, 0.0 ], [ -80.72555421180823, -0.991473807392587, 0.0 ], [ -80.725514993153567, -0.991394668920913, 0.0 ] ] ] ] } },
{ "type": "Feature", "properties": { "ID": 194, "ID_1": 194, "POSESIONAR": "PICO PEZO XIMENA AUXILIADORA", "CEDULA___R": "1312787938", "BARRIO": "NUEVO MANTA", "PARROQUIA": "URBIMANTA", "COORDENADA": 530518.37, "COORDENA_1": 9890403.78, "ÁREA___M2": 215.05, "VIVIENDA": "SI", "RIESGO": "NO" }, "geometry": { "type": "MultiPolygon", "coordinates": [ [ [ [ -80.72575772519528, -0.991464537810065, 0.0 ], [ -80.725591065248665, -0.991558275991149, 0.0 ], [ -80.725632500670557, -0.9916395784254, 0.0 ], [ -80.725800139577316, -0.991545327137147, 0.0 ], [ -80.72575772519528, -0.991464537810065, 0.0 ] ] ] ] } },
{ "type": "Feature", "properties": { "ID": 193, "ID_1": 193, "POSESIONAR": "GOBIERNO AUTONOMO DESCENTRALIZADO DE MANTA", "CEDULA___R": "1360000980001", "BARRIO": "NUEVO MANTA", "PARROQUIA": "URBIMANTA", "COORDENADA": 530523.83, "COORDENA_1": 9890411.69, "ÁREA___M2": 216.03, "VIVIENDA": "NO", "RIESGO": "NO" }, "geometry": { "type": "MultiPolygon", "coordinates": [ [ [ [ -80.725714621653353, -0.991382435793739, 0.0 ], [ -80.725549440807526, -0.991476602670004, 0.0 ], [ -80.725591065248665, -0.991558275991149, 0.0 ], [ -80.725757725195123, -0.991464537809779, 0.0 ], [ -80.725714621653353, -0.991382435793739, 0.0 ] ] ] ] } },
{ "type": "Feature", "properties": { "ID": 195, "ID_1": 195, "POSESIONAR": "GOBIERNO AUTONOMO DESCENTRALIZADO DE MANTA", "CEDULA___R": "1360000980001", "BARRIO": "NUEVO MANTA", "PARROQUIA": "URBIMANTA", "COORDENADA": 530510.45, "COORDENA_1": 9890392.88, "ÁREA___M2": 434.07, "VIVIENDA": "NO", "RIESGO": "NO" }, "geometry": { "type": "MultiPolygon", "coordinates": [ [ [ [ -80.725800139577316, -0.991545327137147, 0.0 ], [ -80.725632500670557, -0.9916395784254, 0.0 ], [ -80.725715684469833, -0.991802797349242, 0.0 ], [ -80.725884740275276, -0.991706471369971, 0.0 ], [ -80.725800139577316, -0.991545327137147, 0.0 ] ] ] ] } },
{ "type": "Feature", "properties": { "ID": 201, "ID_1": 201, "POSESIONAR": "SANCHEZ VALERIANO CRISTOPHER LIVINTON ( REPRESENTANTE LEGAL VALERIANO RODRIGUEZ ROSA ELVIRA)", "CEDULA___R": "1350003651 1307711919", "BARRIO": "NUEVO MANTA", "PARROQUIA": "URBIMANTA", "COORDENADA": 530549.43, "COORDENA_1": 9890351.37, "ÁREA___M2": 236.71, "VIVIENDA": "SI", "RIESGO": "SI" }, "geometry": { "type": "MultiPolygon", "coordinates": [ [ [ [ -80.725470847544912, -0.991916358471269, 0.0 ], [ -80.725314919362731, -0.992002695724667, 0.0 ], [ -80.725364386899756, -0.992099169748807, 0.0 ], [ -80.725519302048241, -0.992013352011866, 0.0 ], [ -80.725470847544912, -0.991916358471269, 0.0 ] ] ] ] } },
{ "type": "Feature", "properties": { "ID": 202, "ID_1": 202, "POSESIONAR": "GOBIERNO AUTONOMO DESCENTRALIZADO DE MANTA", "CEDULA___R": "1360000980001", "BARRIO": "NUEVO MANTA", "PARROQUIA": "URBIMANTA", "COORDENADA": 530542.476, "COORDENA_1": 9890338.84, "ÁREA___M2": 351.04, "VIVIENDA": "NO", "RIESGO": "SI" }, "geometry": { "type": "MultiPolygon", "coordinates": [ [ [ [ -80.725519302048227, -0.992013352011866, 0.0 ], [ -80.725364386899756, -0.992099169748807, 0.0 ], [ -80.725361816489453, -0.992100593668797, 0.0 ], [ -80.725445126888999, -0.99224596355548, 0.0 ], [ -80.72558996486957, -0.99215480092527, 0.0 ], [ -80.725519302048227, -0.992013352011866, 0.0 ] ] ] ] } },
{ "type": "Feature", "properties": { "ID": 203, "ID_1": 203, "POSESIONAR": "GOBIERNO AUTONOMO DESCENTRALIZADO DE MANTA", "CEDULA___R": "1360000980001", "BARRIO": "NUEVO MANTA", "PARROQUIA": "URBIMANTA", "COORDENADA": 530539.56, "COORDENA_1": 9890323.75, "ÁREA___M2": 323.08, "VIVIENDA": "NO", "RIESGO": "SI" }, "geometry": { "type": "MultiPolygon", "coordinates": [ [ [ [ -80.725589964869584, -0.99215480092527, 0.0 ], [ -80.725445126888999, -0.99224596355548, 0.0 ], [ -80.725377177410294, -0.992287687803191, 0.0 ], [ -80.725423926937623, -0.992378149520266, 0.0 ], [ -80.725638972645797, -0.992252901965803, 0.0 ], [ -80.725589964869584, -0.99215480092527, 0.0 ] ] ] ] } },
{ "type": "Feature", "properties": { "ID": 206, "ID_1": 206, "POSESIONAR": "BARRETO SALTOS JOHANA DAMARYS", "CEDULA___R": "1313157602", "BARRIO": "NUEVO MANTA", "PARROQUIA": "URBIMANTA", "COORDENADA": 530552.86, "COORDENA_1": 9890327.2, "ÁREA___M2": 108.63, "VIVIENDA": "SI", "RIESGO": "SI" }, "geometry": { "type": "MultiPolygon", "coordinates": [ [ [ [ -80.725377177410294, -0.992287687803191, 0.0 ], [ -80.725445126888999, -0.99224596355548, 0.0 ], [ -80.725392271416439, -0.992153735046272, 0.0 ], [ -80.725318822358489, -0.992196384474602, 0.0 ], [ -80.725377177410294, -0.992287687803191, 0.0 ] ] ] ] } },
{ "type": "Feature", "properties": { "ID": 207, "ID_1": 207, "POSESIONAR": "GOBIERNO AUTONOMO DESCENTRALIZADO DE MANTA", "CEDULA___R": "1,36001E+11", "BARRIO": "NUEVO MANTA", "PARROQUIA": "URBIMANTA", "COORDENADA": 530579.07, "COORDENA_1": 9890358.06, "ÁREA___M2": 195.94, "VIVIENDA": "SI", "RIESGO": "SI" }, "geometry": { "type": "MultiPolygon", "coordinates": [ [ [ [ -80.725089010807423, -0.991948184530294, 0.0 ], [ -80.725129825560074, -0.992028790292115, 0.0 ], [ -80.725283204138194, -0.991940843131275, 0.0 ], [ -80.725241981193662, -0.991860448111163, 0.0 ], [ -80.725089010807423, -0.991948184530294, 0.0 ] ] ] ] } },
{ "type": "Feature", "properties": { "ID": 218, "ID_1": 218, "POSESIONAR": "GOBIERNO AUTONOMO DESCENTRALIZADO DE MANTA", "CEDULA___R": "1360000980001", "BARRIO": "NUEVO MANTA", "PARROQUIA": "URBIMANTA", "COORDENADA": 530614.38, "COORDENA_1": 9890370.73, "ÁREA___M2": 181.68, "VIVIENDA": "NO", "RIESGO": "SI" }, "geometry": { "type": "MultiPolygon", "coordinates": [ [ [ [ -80.72489064776623, -0.991755665533591, 0.0 ], [ -80.724736617078449, -0.991845387517564, 0.0 ], [ -80.724774607266525, -0.991919317084546, 0.0 ], [ -80.724928197332602, -0.991829822834962, 0.0 ], [ -80.72489064776623, -0.991755665533591, 0.0 ] ] ] ] } },
{ "type": "Feature", "properties": { "ID": 219, "ID_1": 219, "POSESIONAR": "GOBIERNO AUTONOMO DESCENTRALIZADO DE MANTA", "CEDULA___R": "1360000980001", "BARRIO": "NUEVO MANTA", "PARROQUIA": "URBIMANTA", "COORDENADA": 530610.73, "COORDENA_1": 9890362.56, "ÁREA___M2": 206.68, "VIVIENDA": "NO", "RIESGO": "SI" }, "geometry": { "type": "MultiPolygon", "coordinates": [ [ [ [ -80.724928197332602, -0.991829822834962, 0.0 ], [ -80.724774607266525, -0.991919317084546, 0.0 ], [ -80.724817945088745, -0.992003653237411, 0.0 ], [ -80.724971052817594, -0.991914458885469, 0.0 ], [ -80.724928197332602, -0.991829822834962, 0.0 ] ] ] ] } },
{ "type": "Feature", "properties": { "ID": 225, "ID_1": 225, "POSESIONAR": "ALVAREZ TOALA ALBERTO JAVIER", "CEDULA___R": "1313859629", "BARRIO": "NUEVO MANTA", "PARROQUIA": "URBIMANTA", "COORDENADA": 530561.99, "COORDENA_1": 9890273.61, "ÁREA___M2": 203.09, "VIVIENDA": "SI", "RIESGO": "SI" }, "geometry": { "type": "MultiPolygon", "coordinates": [ [ [ [ -80.725343524754678, -0.992633876530629, 0.0 ], [ -80.725192706618003, -0.992732333998583, 0.0 ], [ -80.725250054457874, -0.992806339918186, 0.0 ], [ -80.72539900824205, -0.992705047563856, 0.0 ], [ -80.725343524754678, -0.992633876530629, 0.0 ] ] ] ] } },
{ "type": "Feature", "properties": { "ID": 226, "ID_1": 226, "POSESIONAR": "DOMINGUEZ AMAGUA MARIANELA", "CEDULA___R": "1313178566", "BARRIO": "NUEVO MANTA", "PARROQUIA": "URBIMANTA", "COORDENADA": 530555.03, "COORDENA_1": 9890266.08, "ÁREA___M2": 201.27, "VIVIENDA": "SI", "RIESGO": "SI" }, "geometry": { "type": "MultiPolygon", "coordinates": [ [ [ [ -80.72539900838207, -0.992705047743456, 0.0 ], [ -80.725239180585092, -0.992813734428451, 0.0 ], [ -80.72529215989104, -0.992876490168243, 0.0 ], [ -80.725453936724733, -0.992775500232994, 0.0 ], [ -80.72539900838207, -0.992705047743456, 0.0 ] ] ] ] } },
{ "type": "Feature", "properties": { "ID": 227, "ID_1": 227, "POSESIONAR": "CEVALLOS FIGUEROA KEVIN RAFAEL", "CEDULA___R": "1313688762", "BARRIO": "NUEVO MANTA", "PARROQUIA": "URBIMANTA", "COORDENADA": 530549.68, "COORDENA_1": 9890257.8, "ÁREA___M2": 210.1, "VIVIENDA": "SI", "RIESGO": "SI" }, "geometry": { "type": "MultiPolygon", "coordinates": [ [ [ [ -80.725453936724733, -0.992775500232994, 0.0 ], [ -80.72529215989104, -0.992876490168243, 0.0 ], [ -80.725352670777653, -0.992948176982404, 0.0 ], [ -80.725510050732851, -0.992847340235034, 0.0 ], [ -80.725453936724733, -0.992775500232994, 0.0 ] ] ] ] } },
{ "type": "Feature", "properties": { "ID": 231, "ID_1": 231, "POSESIONAR": "CEDEÑO IBARRA AREOGAPITA AUXILIADORA", "CEDULA___R": "1304499609", "BARRIO": "NUEVO MANTA", "PARROQUIA": "URBIMANTA", "COORDENADA": 530524.32, "COORDENA_1": 9890225.56, "ÁREA___M2": 182.39, "VIVIENDA": "SI", "RIESGO": "NO" }, "geometry": { "type": "MultiPolygon", "coordinates": [ [ [ [ -80.725682002667654, -0.993068023379951, 0.0 ], [ -80.725534924830228, -0.993163908401109, 0.0 ], [ -80.72558383800046, -0.993221840930554, 0.0 ], [ -80.72573887901207, -0.993140974409658, 0.0 ], [ -80.725682002667654, -0.993068023379951, 0.0 ] ] ] ] } },
{ "type": "Feature", "properties": { "ID": 234, "ID_1": 234, "POSESIONAR": "CEDEÑO ARGANDOÑA YANDRY OSWALDO", "CEDULA___R": "1312147349", "BARRIO": "NUEVO MANTA", "PARROQUIA": "URBIMANTA", "COORDENADA": 530529.14, "COORDENA_1": 989009.46, "ÁREA___M2": 198.68, "VIVIENDA": "SI", "RIESGO": "SI" }, "geometry": { "type": "MultiPolygon", "coordinates": [ [ [ [ -80.725701480675923, -0.993361022805261, 0.0 ], [ -80.725642035806601, -0.993290770136379, 0.0 ], [ -80.725588480317441, -0.993227339268907, 0.0 ], [ -80.725504488658075, -0.993280726730912, 0.0 ], [ -80.725623227441929, -0.993405525690795, 0.0 ], [ -80.725701480675923, -0.993361022805261, 0.0 ] ] ] ] } },
{ "type": "Feature", "properties": { "ID": 241, "ID_1": 241, "POSESIONAR": "GOBIERNO AUTONOMO DESCENTRALIZADO DE MANTA", "CEDULA___R": "1360000980001", "BARRIO": "NUEVO MANTA", "PARROQUIA": "URBIMANTA", "COORDENADA": 530580.77, "COORDENA_1": 9890262.78, "ÁREA___M2": 201.05, "VIVIENDA": "NO", "RIESGO": "SI" }, "geometry": { "type": "MultiPolygon", "coordinates": [ [ [ [ -80.725074846809392, -0.992890201146987, 0.0 ], [ -80.725239180585092, -0.992813734428451, 0.0 ], [ -80.725250054457874, -0.992806339918186, 0.0 ], [ -80.725192706618003, -0.992732333998583, 0.0 ], [ -80.725175537484247, -0.992742949160573, 0.0 ], [ -80.725181291172149, -0.99275828696295, 0.0 ], [ -80.725024121980127, -0.992807722003675, 0.0 ], [ -80.725074846809392, -0.992890201146987, 0.0 ] ] ] ] } },
{ "type": "Feature", "properties": { "ID": 242, "ID_1": 242, "POSESIONAR": "CHAVEZ MERO DENISE MARITZA", "CEDULA___R": "1351405145", "BARRIO": "NUEVO MANTA", "PARROQUIA": "URBIMANTA", "COORDENADA": 530586.49, "COORDENA_1": 9890272.45, "ÁREA___M2": 276.99, "VIVIENDA": "SI", "RIESGO": "SI" }, "geometry": { "type": "MultiPolygon", "coordinates": [ [ [ [ -80.725024121980127, -0.992807722003675, 0.0 ], [ -80.724966869761786, -0.992703124356229, 0.0 ], [ -80.725149707766107, -0.992640290711738, 0.0 ], [ -80.725196088000217, -0.992730126556472, 0.0 ], [ -80.725175537484247, -0.992742949160573, 0.0 ], [ -80.725181291172149, -0.99275828696295, 0.0 ], [ -80.725024032347264, -0.992807576259632, 0.0 ], [ -80.725024121980127, -0.992807722003675, 0.0 ] ] ] ] } },
{ "type": "Feature", "properties": { "ID": 252, "ID_1": 252, "POSESIONAR": "MANTUANO ANCHUNDIA ROCIO ELIZABETH", "CEDULA___R": "1312510033", "BARRIO": "NUEVO MANTA", "PARROQUIA": "URBIMANTA", "COORDENADA": 530519.13, "COORDENA_1": 9890350.4, "ÁREA___M2": 208.55, "VIVIENDA": "SI", "RIESGO": "NO" }, "geometry": { "type": "MultiPolygon", "coordinates": [ [ [ [ -80.725684156590646, -0.991924722435297, 0.0 ], [ -80.725684156590646, -0.991924722435297, 0.0 ], [ -80.725599676478453, -0.99197285818441, 0.0 ], [ -80.725675582352437, -0.992124802340582, 0.0 ], [ -80.725764773350093, -0.992076064965377, 0.0 ], [ -80.725684156590646, -0.991924722435297, 0.0 ] ] ] ] } },
{ "type": "Feature", "properties": { "ID": 254, "ID_1": 254, "POSESIONAR": "GOBIERNO AUTONOMO DESCENTRALIZADO DE MANTA", "CEDULA___R": "1360000980001", "BARRIO": "NUEVO MANTA", "PARROQUIA": "URBIMANTA", "COORDENADA": 530497.23, "COORDENA_1": 9890363.58, "ÁREA___M2": 389.4, "VIVIENDA": "SI", "RIESGO": "NO" }, "geometry": { "type": "MultiPolygon", "coordinates": [ [ [ [ -80.725765828745409, -0.99187831836963, 0.0 ], [ -80.72584102747156, -0.992034708468089, 0.0 ], [ -80.726000748208151, -0.991947869894825, 0.0 ], [ -80.725922264330194, -0.991789183242171, 0.0 ], [ -80.725765828745409, -0.99187831836963, 0.0 ] ] ] ] } },
{ "type": "Feature", "properties": { "ID": 257, "ID_1": 257, "POSESIONAR": "MACIAS SANCHEZ SARA LUCIA", "CEDULA___R": "1309536850", "BARRIO": "NUEVO MANTA", "PARROQUIA": "URBIMANTA", "COORDENADA": 530469.65, "COORDENA_1": 9890372.25, "ÁREA___M2": 186.39, "VIVIENDA": "SI", "RIESGO": "NO" }, "geometry": { "type": "MultiPolygon", "coordinates": [ [ [ [ -80.726195692852826, -0.991738857258756, 0.0 ], [ -80.726036477768204, -0.991821071539391, 0.0 ], [ -80.726074153946627, -0.991897190814115, 0.0 ], [ -80.72623215158832, -0.991815574870879, 0.0 ], [ -80.726195692852826, -0.991738857258756, 0.0 ] ] ] ] } },
{ "type": "Feature", "properties": { "ID": 258, "ID_1": 258, "POSESIONAR": "MACIAS SANCHES ROSA BEATRIZ", "CEDULA___R": "1312681008", "BARRIO": "NUEVO MANTA", "PARROQUIA": "URBIMANTA", "COORDENADA": 530466.83, "COORDENA_1": 9890362.24, "ÁREA___M2": 288.29, "VIVIENDA": "SI", "RIESGO": "NO" }, "geometry": { "type": "MultiPolygon", "coordinates": [ [ [ [ -80.72623215158832, -0.991815574870879, 0.0 ], [ -80.726074067260384, -0.991897235593126, 0.0 ], [ -80.726078155650001, -0.991905254777846, 0.0 ], [ -80.726012291497966, -0.991941460467703, 0.0 ], [ -80.726049460123278, -0.992017911959886, 0.0 ], [ -80.726273272494026, -0.991902102764213, 0.0 ], [ -80.72623215158832, -0.991815574870879, 0.0 ] ] ] ] } },
{ "type": "Feature", "properties": { "ID": 259, "ID_1": 259, "POSESIONAR": "GOBIERNO AUTONOMO DESCENTRALIZADO DE MANTA", "CEDULA___R": "1360000980001", "BARRIO": "NUEVO MANTA", "PARROQUIA": "URBIMANTA", "COORDENADA": 530463.42, "COORDENA_1": 9890353.33, "ÁREA___M2": 304.7, "VIVIENDA": "SI", "RIESGO": "NO" }, "geometry": { "type": "MultiPolygon", "coordinates": [ [ [ [ -80.726273272494026, -0.991902102764213, 0.0 ], [ -80.726049460123278, -0.992017911959886, 0.0 ], [ -80.72609505298513, -0.992112292872899, 0.0 ], [ -80.72631283410368, -0.991985349534875, 0.0 ], [ -80.726273272494026, -0.991902102764213, 0.0 ] ] ] ] } },
{ "type": "Feature", "properties": { "ID": 253, "ID_1": 253, "POSESIONAR": "DELGADO LOPEZ MARGARITA ELIZABETH", "CEDULA___R": "1313681536", "BARRIO": "NUEVO MANTA", "PARROQUIA": "URBIMANTA", "COORDENADA": 530511.08, "COORDENA_1": 9890354.84, "ÁREA___M2": 191.97, "VIVIENDA": "SI", "RIESGO": "NO" }, "geometry": { "type": "MultiPolygon", "coordinates": [ [ [ [ -80.725684156590646, -0.991924722435297, 0.0 ], [ -80.725764773350093, -0.992076064965377, 0.0 ], [ -80.725841093264421, -0.992034540165147, 0.0 ], [ -80.72576589418648, -0.991878149335094, 0.0 ], [ -80.725684156590646, -0.991924722435297, 0.0 ] ] ] ] } },
{ "type": "Feature", "properties": { "ID": 261, "ID_1": 261, "POSESIONAR": "SANCHEZ RODRIGUEZ JOSE FLORENTINO", "CEDULA___R": "1712307949", "BARRIO": "NUEVO MANTA", "PARROQUIA": "URBIMANTA", "COORDENADA": 530504.27, "COORDENA_1": 9890332.47, "ÁREA___M2": 456.38, "VIVIENDA": "SI", "RIESGO": "SI" }, "geometry": { "type": "MultiPolygon", "coordinates": [ [ [ [ -80.725841092914209, -0.992034539432692, 0.0 ], [ -80.72584109103903, -0.992034540452215, 0.0 ], [ -80.72576477335069, -0.992076064965057, 0.0 ], [ -80.725675582352437, -0.992124802340582, 0.0 ], [ -80.725765342474489, -0.992304479145753, 0.0 ], [ -80.725926346863474, -0.992210630663974, 0.0 ], [ -80.725841092914209, -0.992034539432692, 0.0 ] ] ] ] } },
{ "type": "Feature", "properties": { "ID": 267, "ID_1": 267, "POSESIONAR": "GOBIERNO AUTONOMO DESCENTRALIZADO DE MANTA", "CEDULA___R": "1360000980001", "BARRIO": "NUEVO MANTA", "PARROQUIA": "URBIMANTA", "COORDENADA": 530493.47, "COORDENA_1": 9890232.56, "ÁREA___M2": 201.76, "VIVIENDA": "SI", "RIESGO": "NO" }, "geometry": { "type": "MultiPolygon", "coordinates": [ [ [ [ -80.726017922302475, -0.993082687373361, 0.0 ], [ -80.725962399886782, -0.993010462146842, 0.0 ], [ -80.725801394491455, -0.993101324615857, 0.0 ], [ -80.725860520956516, -0.993170772586204, 0.0 ], [ -80.726017922302475, -0.993082687373361, 0.0 ] ] ] ] } },
{ "type": "Feature", "properties": { "ID": 190, "ID_1": 190, "POSESIONAR": "MERO ALONZO OLGA", "CEDULA___R": "1301786198", "BARRIO": "NUEVO MANTA", "PARROQUIA": "URBIMANTA", "COORDENADA": 530528.36, "COORDENA_1": 9890420.56, "ÁREA___M2": 408.25, "VIVIENDA": "SI", "RIESGO": "NO" }, "geometry": { "type": "MultiPolygon", "coordinates": [ [ [ [ -80.725714621653353, -0.991382435793739, 0.0 ], [ -80.725672668364354, -0.991302524733131, 0.0 ], [ -80.725630667880353, -0.991222523774062, 0.0 ], [ -80.725470666409961, -0.991314557029888, 0.0 ], [ -80.725511074300243, -0.991396887684586, 0.0 ], [ -80.72551499315334, -0.991394668921048, 0.0 ], [ -80.725554240946522, -0.991473866190126, 0.0 ], [ -80.725714621653353, -0.991382435793739, 0.0 ] ] ] ] } },
{ "type": "Feature", "properties": { "ID": 182, "ID_1": 182, "POSESIONAR": "GOBIERNO AUTONOMO DESCENTRALIZADO DE MANTA", "CEDULA___R": "1360000980001", "BARRIO": "NUEVO MANTA", "PARROQUIA": "URBIMANTA", "COORDENADA": 530471.19, "COORDENA_1": 9890423.66, "ÁREA___M2": 155.6, "VIVIENDA": "SI", "RIESGO": "NO" }, "geometry": { "type": "MultiPolygon", "coordinates": [ [ [ [ -80.726179954793295, -0.991289329814315, 0.0 ], [ -80.726020732122095, -0.991385334727924, 0.0 ], [ -80.726055077707855, -0.991448921079646, 0.0 ], [ -80.72621429034524, -0.991352922216924, 0.0 ], [ -80.726179954793295, -0.991289329814315, 0.0 ] ] ] ] } },
{ "type": "Feature", "properties": { "ID": 183, "ID_1": 183, "POSESIONAR": "GOBIERNO AUTONOMO DESCENTRALIZADO DE MANTA", "CEDULA___R": "1360000980001", "BARRIO": "NUEVO MANTA", "PARROQUIA": "URBIMANTA", "COORDENADA": 530465.46, "COORDENA_1": 9890416.68, "ÁREA___M2": 160.46, "VIVIENDA": "SI", "RIESGO": "NO" }, "geometry": { "type": "MultiPolygon", "coordinates": [ [ [ [ -80.726055068929028, -0.991448926372924, 0.0 ], [ -80.726089404449738, -0.991512518722303, 0.0 ], [ -80.726248625868948, -0.991416514565251, 0.0 ], [ -80.72621429034524, -0.991352922216924, 0.0 ], [ -80.726055068929028, -0.991448926372924, 0.0 ] ] ] ] } },
{ "type": "Feature", "properties": { "ID": 181, "ID_1": 181, "POSESIONAR": "GOBIERNO AUTONOMO DESCENTRALIZADO DE MANTA", "CEDULA___R": "1360000980001", "BARRIO": "NUEVO MANTA", "PARROQUIA": "URBIMANTA", "COORDENADA": 530475.41, "COORDENA_1": 9890431.62, "ÁREA___M2": 179.7, "VIVIENDA": "SI", "RIESGO": "NO" }, "geometry": { "type": "MultiPolygon", "coordinates": [ [ [ [ -80.726141757727135, -0.991218582669455, 0.0 ], [ -80.725982616698772, -0.99131453508314, 0.0 ], [ -80.726020732122095, -0.991385334727924, 0.0 ], [ -80.726179953535222, -0.991289330572873, 0.0 ], [ -80.726141757727135, -0.991218582669455, 0.0 ] ] ] ] } },
{ "type": "Feature", "properties": { "ID": 184, "ID_1": 184, "POSESIONAR": "GOBIERNO AUTONOMO DESCENTRALIZADO DE MANTA", "CEDULA___R": "1360000980001", "BARRIO": "NUEVO MANTA", "PARROQUIA": "URBIMANTA", "COORDENADA": 530464.47, "COORDENA_1": 9890409.34, "ÁREA___M2": 163.73, "VIVIENDA": "SI", "RIESGO": "NO" }, "geometry": { "type": "MultiPolygon", "coordinates": [ [ [ [ -80.726248625868948, -0.991416514565251, 0.0 ], [ -80.726089404449738, -0.991512518722303, 0.0 ], [ -80.726121219844273, -0.99157172810821, 0.0 ], [ -80.726282739563274, -0.991479696064413, 0.0 ], [ -80.726248625868948, -0.991416514565251, 0.0 ] ] ] ] } },
{ "type": "Feature", "properties": { "ID": 185, "ID_1": 185, "POSESIONAR": "GOBIERNO AUTONOMO DESCENTRALIZADO DE MANTA", "CEDULA___R": "1360000980001", "BARRIO": "NUEVO MANTA", "PARROQUIA": "URBIMANTA", "COORDENADA": 530490.27, "COORDENA_1": 9890415.09, "ÁREA___M2": 661.97, "VIVIENDA": "NO", "RIESGO": "NO" }, "geometry": { "type": "MultiPolygon", "coordinates": [ [ [ [ -80.725962990818999, -0.991661885139041, 0.0 ], [ -80.726121219844273, -0.99157172810821, 0.0 ], [ -80.726089404449738, -0.991512518722303, 0.0 ], [ -80.726055068929028, -0.991448926372924, 0.0 ], [ -80.726020733380153, -0.991385333969365, 0.0 ], [ -80.725983201275923, -0.991315621401836, 0.0 ], [ -80.725828161189966, -0.991405066731772, 0.0 ], [ -80.725962990818999, -0.991661885139041, 0.0 ] ] ] ] } },
{ "type": "Feature", "properties": { "ID": 124, "ID_1": 124, "POSESIONAR": "ALVARADO APRECIADO GENESIS ELIZABETH", "CEDULA___R": "2300465917", "BARRIO": "NUEVO MANTA", "PARROQUIA": "URBIMANTA", "COORDENADA": 530674.1968, "COORDENA_1": 9890370.74, "ÁREA___M2": 289.07, "VIVIENDA": "SI", "RIESGO": "SI" }, "geometry": { "type": "MultiPolygon", "coordinates": [ [ [ [ -80.724379202742767, -0.99174176192488, 0.0 ], [ -80.724159917359358, -0.9918547918403, 0.0 ], [ -80.724204570652375, -0.991942567101657, 0.0 ], [ -80.724420833769329, -0.99182397980538, 0.0 ], [ -80.724379202742767, -0.99174176192488, 0.0 ] ] ] ] } },
{ "type": "Feature", "properties": { "ID": 123, "ID_1": 123, "POSESIONAR": "GOBIERNO AUTONOMO DESCENTRALIZADO DE MANTA", "CEDULA___R": "1360000980001", "BARRIO": "NUEVO MANTA", "PARROQUIA": "URBIMANTA", "COORDENADA": 530671.6711, "COORDENA_1": 9890360.436000001, "ÁREA___M2": 317.06, "VIVIENDA": "SI", "RIESGO": "SI" }, "geometry": { "type": "MultiPolygon", "coordinates": [ [ [ [ -80.724420833769329, -0.99182397980538, 0.0 ], [ -80.724184049334042, -0.991953819909824, 0.0 ], [ -80.724229005575879, -0.992042001894271, 0.0 ], [ -80.724462464797526, -0.991906197685889, 0.0 ], [ -80.724420833769329, -0.99182397980538, 0.0 ], [ -80.724420833769329, -0.99182397980538, 0.0 ] ] ] ] } },
{ "type": "Feature", "properties": { "ID": 122, "ID_1": 122, "POSESIONAR": "BARCIA CANTOS YESSENIA STEFANIA", "CEDULA___R": "1317225702", "BARRIO": "NUEVO MANTA", "PARROQUIA": "URBIMANTA", "COORDENADA": 530667.5317000001, "COORDENA_1": 9890350.84, "ÁREA___M2": 331.8, "VIVIENDA": "SI", "RIESGO": "SI" }, "geometry": { "type": "MultiPolygon", "coordinates": [ [ [ [ -80.72420643785027, -0.992055129633251, 0.0 ], [ -80.724247703711725, -0.992136519390263, 0.0 ], [ -80.724503687679984, -0.991987609508765, 0.0 ], [ -80.724462464797526, -0.991906197685889, 0.0 ], [ -80.72420643785027, -0.992055129633251, 0.0 ], [ -80.72420643785027, -0.992055129633251, 0.0 ] ] ] ] } },
{ "type": "Feature", "properties": { "ID": 121, "ID_1": 121, "POSESIONAR": "MISE PINCAY JUANA AMPARO", "CEDULA___R": "1309289393", "BARRIO": "NUEVO MANTA", "PARROQUIA": "URBIMANTA", "COORDENADA": 530658.457, "COORDENA_1": 9890343.918, "ÁREA___M2": 210.84, "VIVIENDA": "SI", "RIESGO": "SI" }, "geometry": { "type": "MultiPolygon", "coordinates": [ [ [ [ -80.724503687679984, -0.991987609508765, 0.0 ], [ -80.724503687679984, -0.991987609508765, 0.0 ], [ -80.724342601610218, -0.992081315801581, 0.0 ], [ -80.724384232637661, -0.992163533683315, 0.0 ], [ -80.724545318711435, -0.992069827389295, 0.0 ], [ -80.724503687679984, -0.991987609508765, 0.0 ] ] ] ] } },
{ "type": "Feature", "properties": { "ID": 120, "ID_1": 120, "POSESIONAR": "PEREZ DELGADO VIDALIA FLOR", "CEDULA___R": "1307928802", "BARRIO": "NUEVO MANTA", "PARROQUIA": "URBIMANTA", "COORDENADA": 530653.5048, "COORDENA_1": 9890335.485, "ÁREA___M2": 204.59, "VIVIENDA": "SI", "RIESGO": "SI" }, "geometry": { "type": "MultiPolygon", "coordinates": [ [ [ [ -80.724545318711435, -0.992069827389295, 0.0 ], [ -80.724384232637661, -0.992163533683315, 0.0 ], [ -80.724425139519155, -0.992244092107093, 0.0 ], [ -80.724585317154975, -0.992148821039221, 0.0 ], [ -80.724545318711435, -0.992069827389295, 0.0 ] ] ] ] } },
{ "type": "Feature", "properties": { "ID": 118, "ID_1": 118, "POSESIONAR": "ARCENTALES GALAN JAHAIRA ELIZABETH", "CEDULA___R": "0924029085", "BARRIO": "NUEVO MANTA", "PARROQUIA": "URBIMANTA", "COORDENADA": 530640.0844000001, "COORDENA_1": 9890311.972, "ÁREA___M2": 276.57, "VIVIENDA": "SI", "RIESGO": "SI" }, "geometry": { "type": "MultiPolygon", "coordinates": [ [ [ [ -80.724647172575885, -0.992270980423446, 0.0 ], [ -80.724500629231372, -0.992346163348621, 0.0 ], [ -80.724564063918578, -0.992467451992834, 0.0 ], [ -80.724709393968851, -0.992393862565659, 0.0 ], [ -80.724647172575885, -0.992270980423446, 0.0 ] ] ] ] } },
{ "type": "Feature", "properties": { "ID": 117, "ID_1": 117, "POSESIONAR": "GOBIERNO AUTONOMO DESCENTRALIZADO DE MANTA", "CEDULA___R": "1360000980001", "BARRIO": "NUEVO MANTA", "PARROQUIA": "URBIMANTA", "COORDENADA": 530634.512, "COORDENA_1": 9890300.948000001, "ÁREA___M2": 172.88, "VIVIENDA": "NO", "RIESGO": "SI" }, "geometry": { "type": "MultiPolygon", "coordinates": [ [ [ [ -80.724709393968851, -0.992393862565659, 0.0 ], [ -80.724564063918578, -0.992467451992834, 0.0 ], [ -80.724599199034941, -0.992544792835621, 0.0 ], [ -80.724748167976358, -0.992470438042602, 0.0 ], [ -80.724709393968851, -0.992393862565659, 0.0 ] ] ] ] } },
{ "type": "Feature", "properties": { "ID": 116, "ID_1": 116, "POSESIONAR": "MERO CEDEÑO CARLOS AGUSTIN", "CEDULA___R": "1309661211", "BARRIO": "NUEVO MANTA", "PARROQUIA": "URBIMANTA", "COORDENADA": 530626.4942, "COORDENA_1": 9890279.047, "ÁREA___M2": 596.8, "VIVIENDA": "SI", "RIESGO": "SI" }, "geometry": { "type": "MultiPolygon", "coordinates": [ [ [ [ -80.724772656823859, -0.992518801501768, 0.0 ], [ -80.724579401596927, -0.992615265308425, 0.0 ], [ -80.724683425393195, -0.992815747774954, 0.0 ], [ -80.724874693694531, -0.992720315915004, 0.0 ], [ -80.724772656823859, -0.992518801501768, 0.0 ] ] ] ] } },
{ "type": "Feature", "properties": { "ID": 111, "ID_1": 111, "POSESIONAR": "GOBIERNO AUTONOMO DESCENTRALIZADO DE MANTA", "CEDULA___R": "1360000980001", "BARRIO": "NUEVO MANTA", "PARROQUIA": "URBIMANTA", "COORDENADA": 530593.7143, "COORDENA_1": 9890221.216, "ÁREA___M2": 1172.3, "VIVIENDA": "NO", "RIESGO": "SI" }, "geometry": { "type": "MultiPolygon", "coordinates": [ [ [ [ -80.724811582724072, -0.993062742173687, 0.0 ], [ -80.72503393121363, -0.993424291233053, 0.0 ], [ -80.725232497989808, -0.993318426504582, 0.0 ], [ -80.725010145966877, -0.992956879642748, 0.0 ], [ -80.724811582724072, -0.993062742173687, 0.0 ] ] ] ] } },
{ "type": "Feature", "properties": { "ID": 110, "ID_1": 110, "POSESIONAR": "GOBIERNO AUTONOMO DESCENTRALIZADO DE MANTA", "CEDULA___R": "1360000980001", "BARRIO": "NUEVO MANTA", "PARROQUIA": "URBIMANTA", "COORDENADA": 530573.3838, "COORDENA_1": 9890188.114, "ÁREA___M2": 766.4, "VIVIENDA": "NO", "RIESGO": "SI" }, "geometry": { "type": "MultiPolygon", "coordinates": [ [ [ [ -80.72503393121363, -0.993424291233053, 0.0 ], [ -80.725183097534199, -0.993667796344539, 0.0 ], [ -80.725373282350674, -0.993547343404696, 0.0 ], [ -80.725232497989808, -0.993318426504582, 0.0 ], [ -80.72503393121363, -0.993424291233053, 0.0 ] ] ] ] } },
{ "type": "Feature", "properties": { "ID": 115, "ID_1": 115, "POSESIONAR": "GOBIERNO AUTONOMO DESCENTRALIZADO DE MANTA", "CEDULA___R": "1360000980001", "BARRIO": "NUEVO MANTA", "PARROQUIA": "URBIMANTA", "COORDENADA": 530638.5741, "COORDENA_1": 9890243.445, "ÁREA___M2": 2356.84, "VIVIENDA": "SI", "RIESGO": "SI" }, "geometry": { "type": "MultiPolygon", "coordinates": [ [ [ [ -80.724337832510372, -0.992735845066466, 0.0 ], [ -80.724608537204404, -0.993281895603847, 0.0 ], [ -80.724687516364085, -0.993338820259041, 0.0 ], [ -80.724912069893591, -0.993226139027067, 0.0 ], [ -80.724811582724072, -0.993062742173687, 0.0 ], [ -80.724579401596927, -0.992615265308425, 0.0 ], [ -80.724337832510372, -0.992735845066466, 0.0 ] ] ] ] } },
{ "type": "Feature", "properties": { "ID": 112, "ID_1": 112, "POSESIONAR": "GUERRERO HERRERA PEDRO LUIS", "CEDULA___R": "1314212109", "BARRIO": "NUEVO MANTA", "PARROQUIA": "URBIMANTA", "COORDENADA": 530608.7276, "COORDENA_1": 9890245.59, "ÁREA___M2": 253.3, "VIVIENDA": "SI", "RIESGO": "SI" }, "geometry": { "type": "MultiPolygon", "coordinates": [ [ [ [ -80.724767476627946, -0.992977737607895, 0.0 ], [ -80.724811582724072, -0.993062742173687, 0.0 ], [ -80.725010145966877, -0.992956879642748, 0.0 ], [ -80.724962837030844, -0.992879954777656, 0.0 ], [ -80.724767476627946, -0.992977737607895, 0.0 ] ] ] ] } },
{ "type": "Feature", "properties": { "ID": 113, "ID_1": 113, "POSESIONAR": "GUERRERO HERRERA JOMARA YAMILETH", "CEDULA___R": "1314212083", "BARRIO": "NUEVO MANTA", "PARROQUIA": "URBIMANTA", "COORDENADA": 530613.679, "COORDENA_1": 9890254.557, "ÁREA___M2": 243.6, "VIVIENDA": "SI", "RIESGO": "SI" }, "geometry": { "type": "MultiPolygon", "coordinates": [ [ [ [ -80.724725034914471, -0.992895940761588, 0.0 ], [ -80.724767476627946, -0.992977737607895, 0.0 ], [ -80.724962837030844, -0.992879954777656, 0.0 ], [ -80.724919765606572, -0.992809329221864, 0.0 ], [ -80.724915508445548, -0.992800921680293, 0.0 ], [ -80.724725034914471, -0.992895940761588, 0.0 ] ] ] ] } },
{ "type": "Feature", "properties": { "ID": 114, "ID_1": 114, "POSESIONAR": "MURILLO VERA CARMEN MONICA", "CEDULA___R": "1312382805", "BARRIO": "NUEVO MANTA", "PARROQUIA": "URBIMANTA", "COORDENADA": 530618.3189, "COORDENA_1": 9890263.509, "ÁREA___M2": 237.0, "VIVIENDA": "SI", "RIESGO": "SI" }, "geometry": { "type": "MultiPolygon", "coordinates": [ [ [ [ -80.724915508445548, -0.992800921680293, 0.0 ], [ -80.724915508445548, -0.992800921680293, 0.0 ], [ -80.724874693694076, -0.992720315915223, 0.0 ], [ -80.724683425393195, -0.992815747774954, 0.0 ], [ -80.724725034914471, -0.992895940761588, 0.0 ], [ -80.724915508445548, -0.992800921680293, 0.0 ] ] ] ] } },
{ "type": "Feature", "properties": { "ID": 40, "ID_1": 40, "POSESIONAR": "CEDEÑO ALVIA PAULA DE JESUS", "CEDULA___R": "1713057527", "BARRIO": "LAS PALMITAS", "PARROQUIA": "URBIMANTA", "COORDENADA": 530462.22, "COORDENA_1": 9889900.44, "ÁREA___M2": 365.79, "VIVIENDA": "SI", "RIESGO": "NO" }, "geometry": { "type": "MultiPolygon", "coordinates": [ [ [ [ -80.726375096083913, -0.995986262110025, 0.0 ], [ -80.726375096083913, -0.995986262110025, 0.0 ], [ -80.726110146898023, -0.996055556642298, 0.0 ], [ -80.726203830135034, -0.99615934634388, 0.0 ], [ -80.726429883347322, -0.996079778468053, 0.0 ], [ -80.726375096083913, -0.995986262110025, 0.0 ] ] ] ] } },
{ "type": "Feature", "properties": { "ID": 43, "ID_1": 43, "POSESIONAR": "ZAMBRANO LOPEZ JAHAIRA PAOLA", "CEDULA___R": "1311546004", "BARRIO": "LAS PALMITAS", "PARROQUIA": "URBIMANTA", "COORDENADA": 530474.99, "COORDENA_1": 9889918.5, "ÁREA___M2": 155.96, "VIVIENDA": "SI", "RIESGO": "NO" }, "geometry": { "type": "MultiPolygon", "coordinates": [ [ [ [ -80.725999261583681, -0.995915859343497, 0.0 ], [ -80.726024071306909, -0.995955267960777, 0.0 ], [ -80.726052781608473, -0.995991894747816, 0.0 ], [ -80.72617226429692, -0.995949944736493, 0.0 ], [ -80.726134169342501, -0.995863032560307, 0.0 ], [ -80.725999261583681, -0.995915859343497, 0.0 ] ] ] ] } },
{ "type": "Feature", "properties": { "ID": 44, "ID_1": 44, "POSESIONAR": "GOBIERNO AUTONOMO DESCENTRALIZADO DE MANTA", "CEDULA___R": "1360000980001", "BARRIO": "LAS PALMITAS", "PARROQUIA": "URBIMANTA", "COORDENADA": 530480.71, "COORDENA_1": 9889927.24, "ÁREA___M2": 148.93, "VIVIENDA": "SI", "RIESGO": "NO" }, "geometry": { "type": "MultiPolygon", "coordinates": [ [ [ [ -80.725959202751156, -0.995819948204983, 0.0 ], [ -80.72597077375265, -0.995854714239489, 0.0 ], [ -80.725985103909679, -0.995888422806381, 0.0 ], [ -80.725999261583681, -0.995915859343497, 0.0 ], [ -80.726114982543677, -0.995870495467403, 0.0 ], [ -80.726091008034203, -0.995792729152869, 0.0 ], [ -80.725959202751156, -0.995819948204983, 0.0 ] ] ] ] } },
{ "type": "Feature", "properties": { "ID": 45, "ID_1": 45, "POSESIONAR": "PONCE ZAMBRANO CRISTHIAN RICARDO", "CEDULA___R": "1308345881", "BARRIO": "LAS PALMITAS", "PARROQUIA": "URBIMANTA", "COORDENADA": 530481.99, "COORDENA_1": 9889936.94, "ÁREA___M2": 141.59, "VIVIENDA": "SI", "RIESGO": "NO" }, "geometry": { "type": "MultiPolygon", "coordinates": [ [ [ [ -80.725959202751156, -0.995819948205, 0.0 ], [ -80.725959202751156, -0.995819948204983, 0.0 ], [ -80.726091008034032, -0.995792729152296, 0.0 ], [ -80.726065276643155, -0.995708888148389, 0.0 ], [ -80.725938104685653, -0.995735731672753, 0.0 ], [ -80.725959202751156, -0.995819948205, 0.0 ] ] ] ] } },
{ "type": "Feature", "properties": { "ID": 46, "ID_1": 46, "POSESIONAR": "ZAMBRANO LOPEZ ANA YULITZA", "CEDULA___R": "1317044947", "BARRIO": "LAS PALMITAS", "PARROQUIA": "URBIMANTA", "COORDENADA": 530483.68, "COORDENA_1": 9889946.94, "ÁREA___M2": 267.05, "VIVIENDA": "SI", "RIESGO": "SI" }, "geometry": { "type": "MultiPolygon", "coordinates": [ [ [ [ -80.726172680548501, -0.995675702842577, 0.0 ], [ -80.726142647917186, -0.995595246514031, 0.0 ], [ -80.725916055539443, -0.995646159125577, 0.0 ], [ -80.725938104685781, -0.995735731673225, 0.0 ], [ -80.726065276643155, -0.995708888148389, 0.0 ], [ -80.726172680548501, -0.995675702842577, 0.0 ] ] ] ] } },
{ "type": "Feature", "properties": { "ID": 47, "ID_1": 47, "POSESIONAR": "MANTUANO MIRANDA JESSICA HAIDEE Y HERMANOS", "CEDULA___R": "1313932137 - 1311512048", "BARRIO": "LAS PALMITAS", "PARROQUIA": "URBIMANTA", "COORDENADA": 530488.59, "COORDENA_1": 9889962.65, "ÁREA___M2": 506.74, "VIVIENDA": "SI", "RIESGO": "SI" }, "geometry": { "type": "MultiPolygon", "coordinates": [ [ [ [ -80.725873254257039, -0.995472283004138, 0.0 ], [ -80.725873254257024, -0.995472283004138, 0.0 ], [ -80.725916055539443, -0.995646159125577, 0.0 ], [ -80.726151137038798, -0.995593287131376, 0.0 ], [ -80.726087283253449, -0.995424143944537, 0.0 ], [ -80.725873254257039, -0.995472283004138, 0.0 ] ] ] ] } },
{ "type": "Feature", "properties": { "ID": 48, "ID_1": 48, "POSESIONAR": "REVILLA BURGOS TATIANA LUCRECIA", "CEDULA___R": "0921976429", "BARRIO": "LAS PALMITAS", "PARROQUIA": "URBIMANTA", "COORDENADA": 530495.61, "COORDENA_1": 9889975.94, "ÁREA___M2": 192.36, "VIVIENDA": "SI", "RIESGO": "SI" }, "geometry": { "type": "MultiPolygon", "coordinates": [ [ [ [ -80.725873254257024, -0.995472283004138, 0.0 ], [ -80.725873254257039, -0.995472283004138, 0.0 ], [ -80.725851637448514, -0.995384466781296, 0.0 ], [ -80.726019487782168, -0.995346789608223, 0.0 ], [ -80.726043115392557, -0.99543407940958, 0.0 ], [ -80.725873254257024, -0.995472283004138, 0.0 ] ] ] ] } },
{ "type": "Feature", "properties": { "ID": 49, "ID_1": 49, "POSESIONAR": "QUIMIZ CHAVEZ VIVANA VIRGINIA", "CEDULA___R": "1310186844", "BARRIO": "LAS PALMITAS", "PARROQUIA": "URBIMANTA", "COORDENADA": 530493.31, "COORDENA_1": 9889986.43, "ÁREA___M2": 219.17, "VIVIENDA": "SI", "RIESGO": "SI" }, "geometry": { "type": "MultiPolygon", "coordinates": [ [ [ [ -80.726019487782168, -0.995346789608223, 0.0 ], [ -80.725990561258243, -0.995239573603875, 0.0 ], [ -80.72582829129594, -0.995289625260859, 0.0 ], [ -80.725851637448514, -0.995384466781296, 0.0 ], [ -80.726019487782168, -0.995346789608223, 0.0 ] ] ] ] } },
{ "type": "Feature", "properties": { "ID": 50, "ID_1": 50, "POSESIONAR": "LOPEZ MERO NELLY MONSERRATE", "CEDULA___R": "1304049545", "BARRIO": "LAS PALMITAS", "PARROQUIA": "URBIMANTA", "COORDENADA": 530498.94, "COORDENA_1": 9889994.46, "ÁREA___M2": 185.34, "VIVIENDA": "SI", "RIESGO": "SI" }, "geometry": { "type": "MultiPolygon", "coordinates": [ [ [ [ -80.725990561258243, -0.995239573603875, 0.0 ], [ -80.725966978332565, -0.995152540705703, 0.0 ], [ -80.725807106824718, -0.995203565362824, 0.0 ], [ -80.72582829129594, -0.995289625260859, 0.0 ], [ -80.725990561258243, -0.995239573603875, 0.0 ] ] ] ] } },
{ "type": "Feature", "properties": { "ID": 51, "ID_1": 51, "POSESIONAR": "MENDIETA MIRANDA JENNY MARIA", "CEDULA___R": "1314568229", "BARRIO": "LAS PALMITAS", "PARROQUIA": "URBIMANTA", "COORDENADA": 530502.31, "COORDENA_1": 9890005.3, "ÁREA___M2": 185.17, "VIVIENDA": "SI", "RIESGO": "SI" }, "geometry": { "type": "MultiPolygon", "coordinates": [ [ [ [ -80.725807106824718, -0.995203565362824, 0.0 ], [ -80.725966978332565, -0.995152540705703, 0.0 ], [ -80.725943350724293, -0.995065250904765, 0.0 ], [ -80.725785490017884, -0.995115749140462, 0.0 ], [ -80.725807106824718, -0.995203565362824, 0.0 ] ] ] ] } },
{ "type": "Feature", "properties": { "ID": 52, "ID_1": 52, "POSESIONAR": "MACIAS BAZURTO KLEBER AQUILES", "CEDULA___R": "1305885954", "BARRIO": "LAS PALMITAS", "PARROQUIA": "URBIMANTA", "COORDENADA": 530504.5, "COORDENA_1": 9890014.88, "ÁREA___M2": 183.27, "VIVIENDA": "SI", "RIESGO": "SI" }, "geometry": { "type": "MultiPolygon", "coordinates": [ [ [ [ -80.725943350724293, -0.995065250904765, 0.0 ], [ -80.725919723116675, -0.994977961103956, 0.0 ], [ -80.725761849671812, -0.995028462835445, 0.0 ], [ -80.725769492475749, -0.995050760645316, 0.0 ], [ -80.725785490017884, -0.995115749140462, 0.0 ], [ -80.725943350724293, -0.995065250904765, 0.0 ] ] ] ] } },
{ "type": "Feature", "properties": { "ID": 53, "ID_1": 53, "POSESIONAR": "CARREÑO PONCE GABRIELA MONSERRATE", "CEDULA___R": "920691268", "BARRIO": "LAS PALMITAS", "PARROQUIA": "URBIMANTA", "COORDENADA": 530506.43, "COORDENA_1": 9890023.82, "ÁREA___M2": 189.41, "VIVIENDA": "SI", "RIESGO": "SI" }, "geometry": { "type": "MultiPolygon", "coordinates": [ [ [ [ -80.725919723116675, -0.994977961103956, 0.0 ], [ -80.725896095509725, -0.994890671303277, 0.0 ], [ -80.725731948959421, -0.994941227781548, 0.0 ], [ -80.725761849671812, -0.995028462835445, 0.0 ], [ -80.725919723116675, -0.994977961103956, 0.0 ] ] ] ] } },
{ "type": "Feature", "properties": { "ID": 54, "ID_1": 54, "POSESIONAR": "GARCIA MERA DAYA EDITH", "CEDULA___R": "803364496", "BARRIO": "LAS PALMITAS", "PARROQUIA": "URBIMANTA", "COORDENADA": 530513.33, "COORDENA_1": 9890033.64, "ÁREA___M2": 211.66, "VIVIENDA": "SI", "RIESGO": "SI" }, "geometry": { "type": "MultiPolygon", "coordinates": [ [ [ [ -80.725731948959421, -0.994941227781548, 0.0 ], [ -80.725896095509725, -0.994890671303277, 0.0 ], [ -80.725868363614751, -0.994790443360778, 0.0 ], [ -80.725701755088934, -0.99485313743874, 0.0 ], [ -80.725731948959421, -0.994941227781548, 0.0 ] ] ] ] } },
{ "type": "Feature", "properties": { "ID": 55, "ID_1": 55, "POSESIONAR": "ALAVA MENDOZA JOYCE EVERILYS", "CEDULA___R": "1351775000", "BARRIO": "LAS PALMITAS", "PARROQUIA": "URBIMANTA", "COORDENADA": 530510.37, "COORDENA_1": 9890045.73, "ÁREA___M2": 199.76, "VIVIENDA": "SI", "RIESGO": "SI" }, "geometry": { "type": "MultiPolygon", "coordinates": [ [ [ [ -80.725673026941266, -0.99476932332624, 0.0 ], [ -80.725701755088934, -0.99485313743874, 0.0 ], [ -80.725868363614751, -0.994790443360778, 0.0 ], [ -80.725837749586503, -0.994701522537031, 0.0 ], [ -80.725673026941266, -0.99476932332624, 0.0 ] ] ] ] } },
{ "type": "Feature", "properties": { "ID": 56, "ID_1": 56, "POSESIONAR": "ARTEAGA NAVARRETE KATIUSKA MERCEDES \nCATAGUA BURGOS PROSCOPIO BALDOMERO", "CEDULA___R": "1309687091 - 1309260063", "BARRIO": "LAS PALMITAS", "PARROQUIA": "URBIMANTA", "COORDENADA": 530512.0, "COORDENA_1": 9890061.47, "ÁREA___M2": 554.84, "VIVIENDA": "SI", "RIESGO": "SI" }, "geometry": { "type": "MultiPolygon", "coordinates": [ [ [ [ -80.725614398071315, -0.994598274117249, 0.0 ], [ -80.725673026941266, -0.99476932332624, 0.0 ], [ -80.725837588136969, -0.994701598482388, 0.0 ], [ -80.725909465158949, -0.994667787750748, 0.0 ], [ -80.72582000167337, -0.994500494507412, 0.0 ], [ -80.725614398071315, -0.994598274117249, 0.0 ] ] ] ] } },
{ "type": "Feature", "properties": { "ID": 57, "ID_1": 57, "POSESIONAR": "LOPEZ MERO YESSENIA MARIBEL", "CEDULA___R": "1311589426", "BARRIO": "LAS PALMITAS", "PARROQUIA": "URBIMANTA", "COORDENADA": 530523.16, "COORDENA_1": 9890073.86, "ÁREA___M2": 164.44, "VIVIENDA": "SI", "RIESGO": "SI" }, "geometry": { "type": "MultiPolygon", "coordinates": [ [ [ [ -80.725723140742971, -0.994452612873259, 0.0 ], [ -80.725585963098695, -0.994515315332282, 0.0 ], [ -80.725614398071315, -0.994598274117249, 0.0 ], [ -80.725758825629555, -0.994529698277029, 0.0 ], [ -80.725723140742971, -0.994452612873259, 0.0 ] ] ] ] } },
{ "type": "Feature", "properties": { "ID": 58, "ID_1": 58, "POSESIONAR": "CATAGUA BURGOS FANNY CARDENIA", "CEDULA___R": "1307943017", "BARRIO": "LAS PALMITAS", "PARROQUIA": "URBIMANTA", "COORDENADA": 530526.33, "COORDENA_1": 9890083.04, "ÁREA___M2": 279.43, "VIVIENDA": "SI", "RIESGO": "SI" }, "geometry": { "type": "MultiPolygon", "coordinates": [ [ [ [ -80.725585963070841, -0.994515315251173, 0.0 ], [ -80.72574521276114, -0.994442459773153, 0.0 ], [ -80.725648089879058, -0.994317922580796, 0.0 ], [ -80.725537007969066, -0.99437248916241, 0.0 ], [ -80.725585963070841, -0.994515315251173, 0.0 ] ] ] ] } },
{ "type": "Feature", "properties": { "ID": 59, "ID_1": 59, "POSESIONAR": "GOBIERNO AUTONOMO DESCENTRALIZADO DE MANTA", "CEDULA___R": "1360000980001", "BARRIO": "LAS PALMITAS", "PARROQUIA": "URBIMANTA", "COORDENADA": 530515.4, "COORDENA_1": 9890090.78, "ÁREA___M2": 111.42, "VIVIENDA": "SI", "RIESGO": "SI" }, "geometry": { "type": "MultiPolygon", "coordinates": [ [ [ [ -80.725692464670999, -0.994295993979338, 0.0 ], [ -80.725648089879058, -0.994317922580796, 0.0 ], [ -80.725745212761154, -0.994442459773153, 0.0 ], [ -80.72580645055443, -0.994414095669515, 0.0 ], [ -80.725692464670999, -0.994295993979338, 0.0 ] ] ] ] } },
{ "type": "Feature", "properties": { "ID": 60, "ID_1": 60, "POSESIONAR": "GOBIERNO AUTONOMO DESCENTRALIZADO DE MANTA", "CEDULA___R": "1360000980001", "BARRIO": "LAS PALMITAS", "PARROQUIA": "URBIMANTA", "COORDENADA": 530534.35, "COORDENA_1": 9890100.46, "ÁREA___M2": 89.41, "VIVIENDA": "SI", "RIESGO": "SI" }, "geometry": { "type": "MultiPolygon", "coordinates": [ [ [ [ -80.725593635322696, -0.994246655846259, 0.0 ], [ -80.725593635322696, -0.994246655846259, 0.0 ], [ -80.725503296373617, -0.994274135867934, 0.0 ], [ -80.725528213639691, -0.994346831781224, 0.0 ], [ -80.725635556669076, -0.994293879780479, 0.0 ], [ -80.725593635322696, -0.994246655846259, 0.0 ] ] ] ] } },
{ "type": "Feature", "properties": { "ID": 75, "ID_1": 75, "POSESIONAR": "MENENDEZ CASTRO NANCY CAROLINA", "CEDULA___R": "1312327545", "BARRIO": "LAS PALMITAS", "PARROQUIA": "URBIMANTA", "COORDENADA": 530504.45, "COORDENA_1": 9889922.54, "ÁREA___M2": 273.0, "VIVIENDA": "SI", "RIESGO": "NO" }, "geometry": { "type": "MultiPolygon", "coordinates": [ [ [ [ -80.725725438260625, -0.995769069644196, 0.0 ], [ -80.725770881591913, -0.995944135961822, 0.0 ], [ -80.725891571583105, -0.995922865629505, 0.0 ], [ -80.725848770302477, -0.995748989507418, 0.0 ], [ -80.725725438260625, -0.995769069644196, 0.0 ] ] ] ] } },
{ "type": "Feature", "properties": { "ID": 74, "ID_1": 74, "POSESIONAR": "CERVANTES REVILLA NATALIA NICOL", "CEDULA___R": "943208181", "BARRIO": "LAS PALMITAS", "PARROQUIA": "URBIMANTA", "COORDENADA": 530509.32, "COORDENA_1": 9889940.32, "ÁREA___M2": 139.54, "VIVIENDA": "SI", "RIESGO": "NO" }, "geometry": { "type": "MultiPolygon", "coordinates": [ [ [ [ -80.72582715349489, -0.995661173284324, 0.0 ], [ -80.725704118429334, -0.995679318384626, 0.0 ], [ -80.725725438260625, -0.995769069644196, 0.0 ], [ -80.725848770302477, -0.995748989507418, 0.0 ], [ -80.72582715349489, -0.995661173284324, 0.0 ] ] ] ] } },
{ "type": "Feature", "properties": { "ID": 73, "ID_1": 73, "POSESIONAR": "DIAZ TIRAPE ANGEL ANDRES", "CEDULA___R": "0943669937", "BARRIO": "LAS PALMITAS", "PARROQUIA": "URBIMANTA", "COORDENADA": 530512.16, "COORDENA_1": 9889951.94, "ÁREA___M2": 136.97, "VIVIENDA": "SI", "RIESGO": "NO" }, "geometry": { "type": "MultiPolygon", "coordinates": [ [ [ [ -80.725805536687844, -0.995573357061359, 0.0 ], [ -80.725681583671872, -0.995593606702823, 0.0 ], [ -80.725704118429334, -0.995679318384626, 0.0 ], [ -80.72582715349489, -0.995661173284324, 0.0 ], [ -80.725805536687844, -0.995573357061359, 0.0 ] ] ] ] } },
{ "type": "Feature", "properties": { "ID": 72, "ID_1": 72, "POSESIONAR": "LAAZ MENDIETA SILVIA ADRIANA", "CEDULA___R": "1311874323", "BARRIO": "LAS PALMITAS", "PARROQUIA": "URBIMANTA", "COORDENADA": 530514.94, "COORDENA_1": 988964.36, "ÁREA___M2": 192.87, "VIVIENDA": "SI", "RIESGO": "NO" }, "geometry": { "type": "MultiPolygon", "coordinates": [ [ [ [ -80.725648968745347, -0.995477844351891, 0.0 ], [ -80.725681583671872, -0.995593606702823, 0.0 ], [ -80.725805536687844, -0.995573357061359, 0.0 ], [ -80.725775273158902, -0.995450414349477, 0.0 ], [ -80.725648968745347, -0.995477844351891, 0.0 ] ] ] ] } },
{ "type": "Feature", "properties": { "ID": 71, "ID_1": 71, "POSESIONAR": "RENDON CHAVEZ ELENA PILAR-GOROZABEL ZAMORA ANTONIO EDWIN", "CEDULA___R": "1308582608 - 1310912686", "BARRIO": "LAS PALMITAS", "PARROQUIA": "URBIMANTA", "COORDENADA": 530514.83, "COORDENA_1": 9889975.22, "ÁREA___M2": 144.33, "VIVIENDA": "SI", "RIESGO": "NO" }, "geometry": { "type": "MultiPolygon", "coordinates": [ [ [ [ -80.725753656353163, -0.99536259812679, 0.0 ], [ -80.725626165400229, -0.995390332718094, 0.0 ], [ -80.725648968745347, -0.995477844351891, 0.0 ], [ -80.725775273158902, -0.995450414349443, 0.0 ], [ -80.725753656353163, -0.99536259812679, 0.0 ] ] ] ] } },
{ "type": "Feature", "properties": { "ID": 70, "ID_1": 70, "POSESIONAR": "ARBOLEDA SORNOZA JULIO CESAR", "CEDULA___R": "1720954815", "BARRIO": "LAS PALMITAS", "PARROQUIA": "URBIMANTA", "COORDENADA": 530520.7, "COORDENA_1": 9889989.71, "ÁREA___M2": 216.15, "VIVIENDA": "SI", "RIESGO": "NO" }, "geometry": { "type": "MultiPolygon", "coordinates": [ [ [ [ -80.725591494269935, -0.995264814772238, 0.0 ], [ -80.725626165400229, -0.995390332718094, 0.0 ], [ -80.725753656353163, -0.99536259812679, 0.0 ], [ -80.72572123114557, -0.995230873793061, 0.0 ], [ -80.725591494269935, -0.995264814772238, 0.0 ] ] ] ] } },
{ "type": "Feature", "properties": { "ID": 69, "ID_1": 69, "POSESIONAR": "CERVANTES REVILLA YUDYLI TATIANA", "CEDULA___R": "944147552", "BARRIO": "LAS PALMITAS", "PARROQUIA": "URBIMANTA", "COORDENADA": 530524.47, "COORDENA_1": 9889998.89, "ÁREA___M2": 157.81, "VIVIENDA": "SI", "RIESGO": "NO" }, "geometry": { "type": "MultiPolygon", "coordinates": [ [ [ [ -80.725698533500974, -0.995138666759632, 0.0 ], [ -80.725565280215065, -0.995174881028212, 0.0 ], [ -80.725591494269935, -0.995264814772238, 0.0 ], [ -80.72572123114557, -0.995230873793061, 0.0 ], [ -80.725698533500974, -0.995138666759632, 0.0 ] ] ] ] } },
{ "type": "Feature", "properties": { "ID": 68, "ID_1": 68, "POSESIONAR": "GOBIERNO AUTONOMO DESCENTRALIZADO DE MANTA", "CEDULA___R": "1360000980001", "BARRIO": "LAS PALMITAS", "PARROQUIA": "URBIMANTA", "COORDENADA": 530534.08, "COORDENA_1": 9890011.39, "ÁREA___M2": 515.5, "VIVIENDA": "NO", "RIESGO": "NO" }, "geometry": { "type": "MultiPolygon", "coordinates": [ [ [ [ -80.725420669203572, -0.995036055477026, 0.0 ], [ -80.725460170339574, -0.995204458257293, 0.0 ], [ -80.725698533500974, -0.995138666759632, 0.0 ], [ -80.725683217066319, -0.995076445191791, 0.0 ], [ -80.725648238176831, -0.994974394594861, 0.0 ], [ -80.725420669203572, -0.995036055477026, 0.0 ] ] ] ] } },
{ "type": "Feature", "properties": { "ID": 63, "ID_1": 63, "POSESIONAR": "PINARGOTE VILLAMAR ALEXANDRA ELIZABETH", "CEDULA___R": "1316594892", "BARRIO": "LAS PALMITAS", "PARROQUIA": "URBIMANTA", "COORDENADA": 530545.21, "COORDENA_1": 9890065.22, "ÁREA___M2": 131.97, "VIVIENDA": "SI", "RIESGO": "NO" }, "geometry": { "type": "MultiPolygon", "coordinates": [ [ [ [ -80.725500493433984, -0.99454335058747, 0.0 ], [ -80.725385828871154, -0.994574975881296, 0.0 ], [ -80.725415189892644, -0.994660484288775, 0.0 ], [ -80.725529807865115, -0.994628875191881, 0.0 ], [ -80.725500493433984, -0.99454335058747, 0.0 ] ] ] ] } },
{ "type": "Feature", "properties": { "ID": 62, "ID_1": 62, "POSESIONAR": "SALTOS PINARGOTE CESAR ENRIQUE", "CEDULA___R": "1311736878", "BARRIO": "LAS PALMITAS", "PARROQUIA": "URBIMANTA", "COORDENADA": 530458.48, "COORDENA_1": 9890074.67, "ÁREA___M2": 132.02, "VIVIENDA": "SI", "RIESGO": "SI" }, "geometry": { "type": "MultiPolygon", "coordinates": [ [ [ [ -80.725356467850503, -0.994489467472636, 0.0 ], [ -80.725385828871154, -0.994574975881296, 0.0 ], [ -80.725500493433984, -0.99454335058747, 0.0 ], [ -80.725471179003833, -0.994457825983174, 0.0 ], [ -80.725356467850503, -0.994489467472636, 0.0 ] ] ] ] } },
{ "type": "Feature", "properties": { "ID": 61, "ID_1": 61, "POSESIONAR": "MACIAS VILLIGUA DEXI BARBARA", "CEDULA___R": "1350753487", "BARRIO": "LAS PALMITAS", "PARROQUIA": "URBIMANTA", "COORDENADA": 530554.29, "COORDENA_1": 9890088.87, "ÁREA___M2": 262.74, "VIVIENDA": "SI", "RIESGO": "SI" }, "geometry": { "type": "MultiPolygon", "coordinates": [ [ [ [ -80.725301492659426, -0.994328797637563, 0.0 ], [ -80.725356467850503, -0.994489467472636, 0.0 ], [ -80.725471179003833, -0.994457825983174, 0.0 ], [ -80.725412864550037, -0.994287694044897, 0.0 ], [ -80.725408619134697, -0.994278342293462, 0.0 ], [ -80.725301492659426, -0.994328797637563, 0.0 ] ] ] ] } },
{ "type": "Feature", "properties": { "ID": 82, "ID_1": 82, "POSESIONAR": "GAIBOR RIVERA TRAVIS", "CEDULA___R": "96375781", "BARRIO": "LAS PALMITAS", "PARROQUIA": "URBIMANTA", "COORDENADA": 530561.97, "COORDENA_1": 9890071.0, "ÁREA___M2": 181.92, "VIVIENDA": "SI", "RIESGO": "NO" }, "geometry": { "type": "MultiPolygon", "coordinates": [ [ [ [ -80.72527725122066, -0.994528406365695, 0.0 ], [ -80.725329862377535, -0.994684316524759, 0.0 ], [ -80.725415189892644, -0.994660484288775, 0.0 ], [ -80.725359453585199, -0.994498162859242, 0.0 ], [ -80.72527725122066, -0.994528406365695, 0.0 ] ] ] ] } },
{ "type": "Feature", "properties": { "ID": 83, "ID_1": 83, "POSESIONAR": "DELGADO MERO JOSE LUIS", "CEDULA___R": "1310060155", "BARRIO": "LAS PALMITAS", "PARROQUIA": "URBIMANTA", "COORDENADA": 530564.93, "COORDENA_1": 9890077.81, "ÁREA___M2": 199.79, "VIVIENDA": "SI", "RIESGO": "NO" }, "geometry": { "type": "MultiPolygon", "coordinates": [ [ [ [ -80.72527725122066, -0.994528406365695, 0.0 ], [ -80.725359453585199, -0.994498162859242, 0.0 ], [ -80.725301492659426, -0.994328797637563, 0.0 ], [ -80.725203141192779, -0.99436953298308, 0.0 ], [ -80.725238019155682, -0.994424405575649, 0.0 ], [ -80.725245948269333, -0.994438718368461, 0.0 ], [ -80.725252105633771, -0.994453888851719, 0.0 ], [ -80.72527725122066, -0.994528406365695, 0.0 ] ] ] ] } },
{ "type": "Feature", "properties": { "ID": 78, "ID_1": 78, "POSESIONAR": "TUMBACO MERA MARTHA CEVERA", "CEDULA___R": "1305383000", "BARRIO": "LAS PALMITAS", "PARROQUIA": "URBIMANTA", "COORDENADA": 530525.56, "COORDENA_1": 98899940.89, "ÁREA___M2": 145.11, "VIVIENDA": "SI", "RIESGO": "NO" }, "geometry": { "type": "MultiPolygon", "coordinates": [ [ [ [ -80.725725438260625, -0.995769069644196, 0.0 ], [ -80.725704118429334, -0.995679318384626, 0.0 ], [ -80.725576862545552, -0.99570194496944, 0.0 ], [ -80.725597516050939, -0.995789995783509, 0.0 ], [ -80.725725438260625, -0.995769069644196, 0.0 ] ] ] ] } },
{ "type": "Feature", "properties": { "ID": 79, "ID_1": 79, "POSESIONAR": "IGLESIA  EVANGELICA / PARRAGA ALVARADO BAYRON ANTONIO", "CEDULA___R": "1310138704", "BARRIO": "LAS PALMITAS", "PARROQUIA": "URBIMANTA", "COORDENADA": 530525.61, "COORDENA_1": 9889951.75, "ÁREA___M2": 222.15, "VIVIENDA": "SI", "RIESGO": "NO" }, "geometry": { "type": "MultiPolygon", "coordinates": [ [ [ [ -80.725544849703439, -0.995565466592779, 0.0 ], [ -80.725576862545552, -0.99570194496944, 0.0 ], [ -80.725704118429334, -0.995679318384626, 0.0 ], [ -80.725681583671872, -0.995593606702823, 0.0 ], [ -80.725666378274354, -0.995539637163904, 0.0 ], [ -80.725544849703439, -0.995565466592779, 0.0 ] ] ] ] } },
{ "type": "Feature", "properties": { "ID": 80, "ID_1": 80, "POSESIONAR": "GOBIERNO AUTONOMO DESCENTRALIZADO DE MANTA (AREA VERDE)", "CEDULA___R": "1360000980001", "BARRIO": "LAS PALMITAS", "PARROQUIA": "URBIMANTA", "COORDENADA": 530533.76, "COORDENA_1": 9889979.8, "ÁREA___M2": 541.05, "VIVIENDA": "NO", "RIESGO": "NO" }, "geometry": { "type": "MultiPolygon", "coordinates": [ [ [ [ -80.725565280215065, -0.995174881028212, 0.0 ], [ -80.725460170339574, -0.995204458257293, 0.0 ], [ -80.725544849703439, -0.995565466592779, 0.0 ], [ -80.725666378274354, -0.995539637163904, 0.0 ], [ -80.725626181265085, -0.995390329193038, 0.0 ], [ -80.725591494269935, -0.995264814772238, 0.0 ], [ -80.725565280215065, -0.995174881028212, 0.0 ] ] ] ] } },
{ "type": "Feature", "properties": { "ID": 32, "ID_1": 32, "POSESIONAR": "GOBIERNO AUTONOMO DESCENTRALIZADO DE MANTA", "CEDULA___R": "1360000980001", "BARRIO": "30 DE AGOSTO", "PARROQUIA": "URBIMANTA", "COORDENADA": 0.0, "COORDENA_1": 0.0, "ÁREA___M2": 657.31, "VIVIENDA": "SI", "RIESGO": "SI" }, "geometry": { "type": "MultiPolygon", "coordinates": [ [ [ [ -80.726928597287866, -0.995341751986384, 0.0 ], [ -80.726840311748845, -0.995291212044599, 0.0 ], [ -80.72654654489854, -0.995491206223521, 0.0 ], [ -80.726736830284906, -0.995611498349212, 0.0 ], [ -80.726928597287866, -0.995341751986384, 0.0 ] ] ] ] } },
{ "type": "Feature", "properties": { "ID": 33, "ID_1": 33, "POSESIONAR": "GOBIERNO AUTONOMO DESCENTRALIZADO DE MANTA", "CEDULA___R": "1360000980001", "BARRIO": "30 DE AGOSTO", "PARROQUIA": "URBIMANTA", "COORDENADA": 0.0, "COORDENA_1": 0.0, "ÁREA___M2": 447.11, "VIVIENDA": "SI", "RIESGO": "NO" }, "geometry": { "type": "MultiPolygon", "coordinates": [ [ [ [ -80.727011413810544, -0.99538916113181, 0.0 ], [ -80.726928597287895, -0.99534175198635, 0.0 ], [ -80.726736830284906, -0.995611498349212, 0.0 ], [ -80.726838895481151, -0.995679205769112, 0.0 ], [ -80.727011413810544, -0.99538916113181, 0.0 ] ] ] ] } },
{ "type": "Feature", "properties": { "ID": 34, "ID_1": 34, "POSESIONAR": "GOBIERNO AUTONOMO DESCENTRALIZADO DE MANTA", "CEDULA___R": "1360000980001", "BARRIO": "30 DE AGOSTO", "PARROQUIA": "URBIMANTA", "COORDENADA": 0.0, "COORDENA_1": 0.0, "ÁREA___M2": 392.73, "VIVIENDA": "SI", "RIESGO": "NO" }, "geometry": { "type": "MultiPolygon", "coordinates": [ [ [ [ -80.727011413810544, -0.99538916113181, 0.0 ], [ -80.726838895479801, -0.99567920577142, 0.0 ], [ -80.726944411892589, -0.995743409597475, 0.0 ], [ -80.726969416601065, -0.995698235294933, 0.0 ], [ -80.726987904272974, -0.995654988903512, 0.0 ], [ -80.727011215695498, -0.995557567552289, 0.0 ], [ -80.727062176078888, -0.995418270712936, 0.0 ], [ -80.727011413810544, -0.99538916113181, 0.0 ] ] ] ] } },
{ "type": "Feature", "properties": { "ID": 25, "ID_1": 25, "POSESIONAR": "BARRE REYES CECILIO SANTIAGO", "CEDULA___R": "1312073842", "BARRIO": "30 de agosto", "PARROQUIA": "URBIMANTA", "COORDENADA": 530389.22, "COORDENA_1": 9890009.49, "ÁREA___M2": 192.81, "VIVIENDA": "SI", "RIESGO": "NO" }, "geometry": { "type": "MultiPolygon", "coordinates": [ [ [ [ -80.72677590558979, -0.99515026265951, 0.0 ], [ -80.726855596956455, -0.995195882784145, 0.0 ], [ -80.726944514199602, -0.995051287932344, 0.0 ], [ -80.726865130264386, -0.995003344521791, 0.0 ], [ -80.72677590558979, -0.99515026265951, 0.0 ] ] ] ] } },
{ "type": "Feature", "properties": { "ID": 24, "ID_1": 24, "POSESIONAR": "GOBIERNO AUTONOMO DESCENTRALIZADO DE MANTA", "CEDULA___R": "1360000980001", "BARRIO": "30 de agosto", "PARROQUIA": "URBIMANTA", "COORDENADA": 530398.46, "COORDENA_1": 9890014.5, "ÁREA___M2": 187.58, "VIVIENDA": "SI", "RIESGO": "NO" }, "geometry": { "type": "MultiPolygon", "coordinates": [ [ [ [ -80.726865130264386, -0.995003344521791, 0.0 ], [ -80.726788042063902, -0.994956825370686, 0.0 ], [ -80.726700901952881, -0.995107326070393, 0.0 ], [ -80.72677590558979, -0.99515026265951, 0.0 ], [ -80.726865130264386, -0.995003344521791, 0.0 ] ] ] ] } },
{ "type": "Feature", "properties": { "ID": 23, "ID_1": 23, "POSESIONAR": "GOBIERNO AUTONOMO DESCENTRALIZADO DE MANTA", "CEDULA___R": "1360000980001", "BARRIO": "30 de agosto", "PARROQUIA": "URBIMANTA", "COORDENADA": 530406.33, "COORDENA_1": 9890020.93, "ÁREA___M2": 200.51, "VIVIENDA": "SI", "RIESGO": "NO" }, "geometry": { "type": "MultiPolygon", "coordinates": [ [ [ [ -80.726788042063902, -0.994956825370686, 0.0 ], [ -80.726709430396411, -0.994909345131938, 0.0 ], [ -80.726618866727605, -0.995060364174669, 0.0 ], [ -80.726700901953166, -0.995107326069887, 0.0 ], [ -80.726788042063902, -0.994956825370686, 0.0 ] ] ] ] } },
{ "type": "Feature", "properties": { "ID": 22, "ID_1": 22, "POSESIONAR": "GOBIERNO AUTONOMO DESCENTRALIZADO DE MANTA", "CEDULA___R": "1360000980001", "BARRIO": "30 de agosto", "PARROQUIA": "URBIMANTA", "COORDENADA": 530415.92, "COORDENA_1": 9890024.48, "ÁREA___M2": 208.4, "VIVIENDA": "SI", "RIESGO": "NO" }, "geometry": { "type": "MultiPolygon", "coordinates": [ [ [ [ -80.726709429405417, -0.994909346794409, 0.0 ], [ -80.726624755837875, -0.994861526946382, 0.0 ], [ -80.72654073794412, -0.995015638558383, 0.0 ], [ -80.726618866727605, -0.995060364174669, 0.0 ], [ -80.726709429405417, -0.994909346794409, 0.0 ] ] ] ] } },
{ "type": "Feature", "properties": { "ID": 6, "ID_1": 6, "POSESIONAR": "MORALES AVILA ANA MARÍA", "CEDULA___R": "1312923715", "BARRIO": "30 de agosto", "PARROQUIA": "URBIMANTA", "COORDENADA": 530412.49, "COORDENA_1": 9890048.28, "ÁREA___M2": 164.27, "VIVIENDA": "SI", "RIESGO": "NO" }, "geometry": { "type": "MultiPolygon", "coordinates": [ [ [ [ -80.726725870953132, -0.994719713662077, 0.0 ], [ -80.726649338766052, -0.994675822410606, 0.0 ], [ -80.726567499990878, -0.99482927304746, 0.0 ], [ -80.726624755837875, -0.994861526946382, 0.0 ], [ -80.726725870953132, -0.994719713662077, 0.0 ] ] ] ] } },
{ "type": "Feature", "properties": { "ID": 7, "ID_1": 7, "POSESIONAR": "GOBIERNO AUTONOMO DESCENTRALIZADO DE MANTA", "CEDULA___R": "1360000980001", "BARRIO": "30 de agosto", "PARROQUIA": "URBIMANTA", "COORDENADA": 530419.78, "COORDENA_1": 9890055.74, "ÁREA___M2": 206.53, "VIVIENDA": "SI", "RIESGO": "SI" }, "geometry": { "type": "MultiPolygon", "coordinates": [ [ [ [ -80.726567499990878, -0.99482927304746, 0.0 ], [ -80.726649338766052, -0.994675822410606, 0.0 ], [ -80.726567964676761, -0.99462770919753, 0.0 ], [ -80.726482334804615, -0.994782388049804, 0.0 ], [ -80.726546301823959, -0.994817331497557, 0.0 ], [ -80.726567499990878, -0.99482927304746, 0.0 ] ] ] ] } },
{ "type": "Feature", "properties": { "ID": 4, "ID_1": 4, "POSESIONAR": "GOBIERNO AUTONOMO DESCENTRALIZADO DE MANTA", "CEDULA___R": "1360000980001", "BARRIO": "30 de agosto", "PARROQUIA": "URBIMANTA", "COORDENADA": 530378.6403, "COORDENA_1": 9890025.767000001, "ÁREA___M2": 195.19, "VIVIENDA": "SI", "RIESGO": "NO" }, "geometry": { "type": "MultiPolygon", "coordinates": [ [ [ [ -80.726887091179094, -0.994814985886547, 0.0 ], [ -80.726788042063902, -0.994956825370686, 0.0 ], [ -80.726865130264386, -0.995003344521791, 0.0 ], [ -80.726964551921569, -0.994860873730351, 0.0 ], [ -80.726887091179094, -0.994814985886547, 0.0 ] ] ] ] } },
{ "type": "Feature", "properties": { "ID": 21, "ID_1": 21, "POSESIONAR": "MACIAS PALMA GLENDA JESSENIA", "CEDULA___R": "1311849572", "BARRIO": "30 de agosto", "PARROQUIA": "URBIMANTA", "COORDENADA": 530425.31, "COORDENA_1": 9890028.6, "ÁREA___M2": 195.9, "VIVIENDA": "SI", "RIESGO": "SI" }, "geometry": { "type": "MultiPolygon", "coordinates": [ [ [ [ -80.72654073794412, -0.995015638558383, 0.0 ], [ -80.726624755837875, -0.994861526946382, 0.0 ], [ -80.726546301823959, -0.994817331497557, 0.0 ], [ -80.726461046587502, -0.99497001842845, 0.0 ], [ -80.72654073794412, -0.995015638558383, 0.0 ] ] ] ] } },
{ "type": "Feature", "properties": { "ID": 20, "ID_1": 20, "POSESIONAR": "GOBIERNO AUTONOMO DESCENTRALIZADO DE MANTA", "CEDULA___R": "1360000980001", "BARRIO": "30 de agosto", "PARROQUIA": "URBIMANTA", "COORDENADA": 530433.22, "COORDENA_1": 9890035.28, "ÁREA___M2": 178.21, "VIVIENDA": "SI", "RIESGO": "SI" }, "geometry": { "type": "MultiPolygon", "coordinates": [ [ [ [ -80.726461046587502, -0.99497001842845, 0.0 ], [ -80.726546301823959, -0.994817331497557, 0.0 ], [ -80.726471255145668, -0.99477633553245, 0.0 ], [ -80.726390730686703, -0.994929765371514, 0.0 ], [ -80.726461046587502, -0.99497001842845, 0.0 ] ] ] ] } },
{ "type": "Feature", "properties": { "ID": 10, "ID_1": 10, "POSESIONAR": "PICO MACIAS GENNY MARILU", "CEDULA___R": "1313515635", "BARRIO": "30 de agosto", "PARROQUIA": "URBIMANTA", "COORDENADA": 530445.44, "COORDENA_1": 9890070.97, "ÁREA___M2": 234.78, "VIVIENDA": "SI", "RIESGO": "SI" }, "geometry": { "type": "MultiPolygon", "coordinates": [ [ [ [ -80.726323934567176, -0.994716181559574, 0.0 ], [ -80.726418607080475, -0.994535403742124, 0.0 ], [ -80.726341422169355, -0.994485608238247, 0.0 ], [ -80.726243002834224, -0.99466731821196, 0.0 ], [ -80.726323934567176, -0.994716181559574, 0.0 ] ] ] ] } },
{ "type": "Feature", "properties": { "ID": 14, "ID_1": 14, "POSESIONAR": "GOBIERNO AUTONOMO DESCENTRALIZADO DE MANTA", "CEDULA___R": "1360000980001", "BARRIO": "31 de agosto", "PARROQUIA": "URBIMANTA", "COORDENADA": 530483.53, "COORDENA_1": 9890096.31, "ÁREA___M2": 215.25, "VIVIENDA": "SI", "RIESGO": "SI" }, "geometry": { "type": "MultiPolygon", "coordinates": [ [ [ [ -80.725902812738639, -0.994334332020309, 0.0 ], [ -80.726028215375266, -0.994422203777962, 0.0 ], [ -80.726096323173621, -0.994317510867424, 0.0 ], [ -80.725995995709766, -0.994244099816728, 0.0 ], [ -80.725902812738639, -0.994334332020309, 0.0 ] ] ] ] } },
{ "type": "Feature", "properties": { "ID": 12, "ID_1": 12, "POSESIONAR": "GOBIERNO AUTONOMO DESCENTRALIZADO DE MANTA", "CEDULA___R": "1360000980001", "BARRIO": "30 de agosto", "PARROQUIA": "URBIMANTA", "COORDENADA": 530465.71, "COORDENA_1": 9890081.07, "ÁREA___M2": 174.0, "VIVIENDA": "SI", "RIESGO": "SI" }, "geometry": { "type": "MultiPolygon", "coordinates": [ [ [ [ -80.72625146712555, -0.994425710219402, 0.0 ], [ -80.726175005457961, -0.994373174713365, 0.0 ], [ -80.72610337164879, -0.994486863829041, 0.0 ], [ -80.726170189204339, -0.9945662444105, 0.0 ], [ -80.72625146712555, -0.994425710219402, 0.0 ] ] ] ] } },
{ "type": "Feature", "properties": { "ID": 11, "ID_1": 11, "POSESIONAR": "TORO PALMA BYRON JAVIER", "CEDULA___R": "1311815607", "BARRIO": "30 de agosto", "PARROQUIA": "URBIMANTA", "COORDENADA": 530453.49, "COORDENA_1": 9890078.2, "ÁREA___M2": 250.18, "VIVIENDA": "SI", "RIESGO": "SI" }, "geometry": { "type": "MultiPolygon", "coordinates": [ [ [ [ -80.726243002834224, -0.99466731821196, 0.0 ], [ -80.726341422169355, -0.994485608238247, 0.0 ], [ -80.72625146712555, -0.994425710219402, 0.0 ], [ -80.726170189204339, -0.9945662444105, 0.0 ], [ -80.726243002834224, -0.99466731821196, 0.0 ] ] ] ] } },
{ "type": "Feature", "properties": { "ID": 15, "ID_1": 15, "POSESIONAR": "GOBIERNO AUTONOMO DESCENTRALIZADO DE MANTA", "CEDULA___R": "1360000980001", "BARRIO": "30 de agosto", "PARROQUIA": "URBIMANTA", "COORDENADA": 530497.61, "COORDENA_1": 9890104.27, "ÁREA___M2": 243.37, "VIVIENDA": "SI", "RIESGO": "SI" }, "geometry": { "type": "MultiPolygon", "coordinates": [ [ [ [ -80.725995995709766, -0.994244099816728, 0.0 ], [ -80.725863771412051, -0.994150261775269, 0.0 ], [ -80.725778103644629, -0.994230591948808, 0.0 ], [ -80.725902812738653, -0.994334332020292, 0.0 ], [ -80.725995995709766, -0.994244099816728, 0.0 ] ] ] ] } },
{ "type": "Feature", "properties": { "ID": 16, "ID_1": 16, "POSESIONAR": "GOBIERNO AUTONOMO DESCENTRALIZADO DE MANTA", "CEDULA___R": "1360000980001", "BARRIO": "30 de agosto", "PARROQUIA": "URBIMANTA", "COORDENADA": 530510.6, "COORDENA_1": 9890114.04, "ÁREA___M2": 213.78, "VIVIENDA": "SI", "RIESGO": "SI" }, "geometry": { "type": "MultiPolygon", "coordinates": [ [ [ [ -80.725863771412051, -0.994150261775269, 0.0 ], [ -80.725771548277933, -0.994085672348038, 0.0 ], [ -80.725662011302191, -0.994168904846298, 0.0 ], [ -80.725704380303512, -0.994223978679392, 0.0 ], [ -80.725756335888434, -0.994250871425388, 0.0 ], [ -80.725863771412051, -0.994150261775269, 0.0 ] ] ] ] } },
{ "type": "Feature", "properties": { "ID": 13, "ID_1": 13, "POSESIONAR": "HERRERA HERMIDAS MATIAS ISSAC / HERRERA HERMIDAS SALMA SARAY / REPRE. HERMIDAS MOREIRA MARIA VANESSA", "CEDULA___R": "1351670649 / 1352924672 / 1316282100", "BARRIO": "30 de agosto", "PARROQUIA": "URBIMANTA", "COORDENADA": 530474.62, "COORDENA_1": 9890088.13, "ÁREA___M2": 154.98, "VIVIENDA": "SI", "RIESGO": "SI" }, "geometry": { "type": "MultiPolygon", "coordinates": [ [ [ [ -80.726175005457961, -0.994373174713365, 0.0 ], [ -80.726096323173621, -0.994317510867424, 0.0 ], [ -80.726028215375266, -0.994422203777962, 0.0 ], [ -80.72610337164879, -0.994486863829041, 0.0 ], [ -80.726175005457961, -0.994373174713365, 0.0 ] ] ] ] } },
{ "type": "Feature", "properties": { "ID": 5, "ID_1": 5, "POSESIONAR": "AGUAYO CORONEL DAISY MARLENE", "CEDULA___R": "1309072419", "BARRIO": "30 de agosto", "PARROQUIA": "URBIMANTA", "COORDENADA": 530398.59, "COORDENA_1": 9890039.18, "ÁREA___M2": 398.66, "VIVIENDA": "SI", "RIESGO": "NO" }, "geometry": { "type": "MultiPolygon", "coordinates": [ [ [ [ -80.726887091179094, -0.994814985886547, 0.0 ], [ -80.726725870953132, -0.994719713662077, 0.0 ], [ -80.726624758229093, -0.994861522795201, 0.0 ], [ -80.726709429405417, -0.994909346794409, 0.0 ], [ -80.726788042063902, -0.994956825370686, 0.0 ], [ -80.726887091179094, -0.994814985886547, 0.0 ] ] ] ] } },
{ "type": "Feature", "properties": { "ID": 17, "ID_1": 17, "POSESIONAR": "GOBIERNO AUTONOMO DESCENTRALIZADO DE MANTA", "CEDULA___R": "1360000980001", "BARRIO": "Nuevo Manta", "PARROQUIA": "URBIMANTA", "COORDENADA": 530527.9, "COORDENA_1": 9890122.51, "ÁREA___M2": 352.38, "VIVIENDA": "SI", "RIESGO": "SI" }, "geometry": { "type": "MultiPolygon", "coordinates": [ [ [ [ -80.725771548277933, -0.994085672348038, 0.0 ], [ -80.725646293521848, -0.993997948875206, 0.0 ], [ -80.725483300808477, -0.994062805043149, 0.0 ], [ -80.725572348429651, -0.994162621807588, 0.0 ], [ -80.725662011302191, -0.994168904846298, 0.0 ], [ -80.725771548277933, -0.994085672348038, 0.0 ] ] ] ] } },
{ "type": "Feature", "properties": { "ID": 19, "ID_1": 19, "POSESIONAR": "BENTANCUT MACIAS JUANA MARIBEL", "CEDULA___R": "1311802506", "BARRIO": "30 de agosto", "PARROQUIA": "URBIMANTA", "COORDENADA": 530441.02, "COORDENA_1": 9890039.11, "ÁREA___M2": 153.23, "VIVIENDA": "SI", "RIESGO": "SI" }, "geometry": { "type": "MultiPolygon", "coordinates": [ [ [ [ -80.726471255145668, -0.99477633553245, 0.0 ], [ -80.726410036298859, -0.994739644329325, 0.0 ], [ -80.726328227665462, -0.994893984875572, 0.0 ], [ -80.726390730686703, -0.994929765371514, 0.0 ], [ -80.726471255145668, -0.99477633553245, 0.0 ] ] ] ] } },
{ "type": "Feature", "properties": { "ID": 31, "ID_1": 31, "POSESIONAR": "RIVERA ZAMBRANO MARIA ISABEL", "CEDULA___R": "1307741742", "BARRIO": "30 DE AGOSTO", "PARROQUIA": "URBIMANTA", "COORDENADA": 0.0, "COORDENA_1": 0.0, "ÁREA___M2": 374.66, "VIVIENDA": "SI", "RIESGO": "SI" }, "geometry": { "type": "MultiPolygon", "coordinates": [ [ [ [ -80.726756713940972, -0.99524335563833, 0.0 ], [ -80.72647441041417, -0.995432798318016, 0.0 ], [ -80.72654654489854, -0.995491206223521, 0.0 ], [ -80.726840311748845, -0.995291212044599, 0.0 ], [ -80.726756713940972, -0.99524335563833, 0.0 ] ] ] ] } },
{ "type": "Feature", "properties": { "ID": 30, "ID_1": 30, "POSESIONAR": "VALERIANO MURILLO NELLY LUCIA", "CEDULA___R": "1303159972", "BARRIO": "30 DE AGOSTO", "PARROQUIA": "URBIMANTA", "COORDENADA": 0.0, "COORDENA_1": 0.0, "ÁREA___M2": 629.92, "VIVIENDA": "SI", "RIESGO": "SI" }, "geometry": { "type": "MultiPolygon", "coordinates": [ [ [ [ -80.726421887828693, -0.995362742189542, 0.0 ], [ -80.72647441041417, -0.995432798318016, 0.0 ], [ -80.726756713940972, -0.99524335563833, 0.0 ], [ -80.726677413219278, -0.995197959139428, 0.0 ], [ -80.726421887828693, -0.995362742189542, 0.0 ] ] ] ] } },
{ "type": "Feature", "properties": { "ID": 28, "ID_1": 28, "POSESIONAR": "MACIAS BARRETO LISSETH ROXANA", "CEDULA___R": "1314924224", "BARRIO": "30 DE AGOSTO", "PARROQUIA": "URBIMANTA", "COORDENADA": 0.0, "COORDENA_1": 0.0, "ÁREA___M2": 355.43, "VIVIENDA": "SI", "RIESGO": "SI" }, "geometry": { "type": "MultiPolygon", "coordinates": [ [ [ [ -80.726332329393202, -0.995145336170962, 0.0 ], [ -80.72636936524529, -0.995292686060831, 0.0 ], [ -80.726598112500113, -0.995152562639214, 0.0 ], [ -80.726467637430687, -0.995077870857614, 0.0 ], [ -80.726332329393202, -0.995145336170962, 0.0 ] ] ] ] } },
{ "type": "Feature", "properties": { "ID": 9, "ID_1": 9, "POSESIONAR": "VELEZ GARCIA ANTHONY ORLEY / GARCIA GARCIA VIVIANA AZUCENA", "CEDULA___R": "1352143513 1314858984", "BARRIO": "30 de agosto", "PARROQUIA": "URBIMANTA", "COORDENADA": 530442.53, "COORDENA_1": 9890055.4, "ÁREA___M2": 373.45, "VIVIENDA": "SI", "RIESGO": "SI" }, "geometry": { "type": "MultiPolygon", "coordinates": [ [ [ [ -80.726418607080475, -0.994535403742124, 0.0 ], [ -80.726255930933206, -0.994846576580982, 0.0 ], [ -80.726328227665462, -0.994893984875572, 0.0 ], [ -80.726409912361675, -0.994739570048207, 0.0 ], [ -80.726491080065358, -0.994580849928502, 0.0 ], [ -80.726418607080475, -0.994535403742124, 0.0 ] ] ] ] } },
{ "type": "Feature", "properties": { "ID": 35, "ID_1": 35, "POSESIONAR": "CATAGUA CEDEÑO JESSENIA ELIZABETH", "CEDULA___R": "1312141862", "BARRIO": "30 DE AGOSTO", "PARROQUIA": "URBIMANTA", "COORDENADA": 530397.0, "COORDENA_1": 0.0, "ÁREA___M2": 501.7, "VIVIENDA": "SI", "RIESGO": "NO" }, "geometry": { "type": "MultiPolygon", "coordinates": [ [ [ [ -80.726718909015503, -0.995600169116352, 0.0 ], [ -80.726626614225125, -0.995699091806598, 0.0 ], [ -80.726863281997524, -0.995879048790259, 0.0 ], [ -80.726944411892589, -0.995743409597475, 0.0 ], [ -80.72683889553835, -0.99567920580705, 0.0 ], [ -80.726718909015503, -0.995600169116352, 0.0 ] ] ] ] } },
{ "type": "Feature", "properties": { "ID": 36, "ID_1": 36, "POSESIONAR": "INTRIAGO CEVALLOS BEXI EDUVINA", "CEDULA___R": "1310410525", "BARRIO": "LAS PALMITAS", "PARROQUIA": "URBIMANTA", "COORDENADA": 0.0, "COORDENA_1": 0.0, "ÁREA___M2": 400.15, "VIVIENDA": "SI", "RIESGO": "NO" }, "geometry": { "type": "MultiPolygon", "coordinates": [ [ [ [ -80.726626614225125, -0.995699091806598, 0.0 ], [ -80.726564220474359, -0.995760386063498, 0.0 ], [ -80.72672402193156, -0.995943018547682, 0.0 ], [ -80.726768099858432, -0.995918360444477, 0.0 ], [ -80.726833877818251, -0.995856690498912, 0.0 ], [ -80.726626614225125, -0.995699091806598, 0.0 ] ] ] ] } },
{ "type": "Feature", "properties": { "ID": 37, "ID_1": 37, "POSESIONAR": "ANCHUNDIA GARCIA MAYRA ELIZABETH", "CEDULA___R": "1312485632", "BARRIO": "LAS PALMITAS", "PARROQUIA": "URBIMANTA", "COORDENADA": 0.0, "COORDENA_1": 0.0, "ÁREA___M2": 501.7, "VIVIENDA": "SI", "RIESGO": "SI" }, "geometry": { "type": "MultiPolygon", "coordinates": [ [ [ [ -80.726589476817054, -0.996038181555322, 0.0 ], [ -80.726636399366228, -0.996006159956335, 0.0 ], [ -80.726723427877388, -0.995942339620322, 0.0 ], [ -80.726564220474359, -0.995760386063498, 0.0 ], [ -80.726442950914745, -0.995878829975446, 0.0 ], [ -80.726589476817054, -0.996038181555322, 0.0 ] ] ] ] } },
{ "type": "Feature", "properties": { "ID": 38, "ID_1": 38, "POSESIONAR": "GOBIERNO AUTONOMO DESCENTRALIZADO DE MANTA", "CEDULA___R": "1360000980001", "BARRIO": "LAS PALMITAS", "PARROQUIA": "URBIMANTA", "COORDENADA": 0.0, "COORDENA_1": 0.0, "ÁREA___M2": 501.7, "VIVIENDA": "SI", "RIESGO": "SI" }, "geometry": { "type": "MultiPolygon", "coordinates": [ [ [ [ -80.726442950914745, -0.995878829975446, 0.0 ], [ -80.72635749497563, -0.995955748690909, 0.0 ], [ -80.726429883347464, -0.996079778468306, 0.0 ], [ -80.726469590463537, -0.996150416119075, 0.0 ], [ -80.726614258862298, -0.996063809174935, 0.0 ], [ -80.726589476817054, -0.996038181555322, 0.0 ], [ -80.726442950914745, -0.995878829975446, 0.0 ] ] ] ] } },
{ "type": "Feature", "properties": { "ID": 77, "ID_1": 77, "POSESIONAR": "PRADO SORNOZA JOSE GREGORIO", "CEDULA___R": "1310494354", "BARRIO": "LAS PALMITAS", "PARROQUIA": "URBIMANTA", "COORDENADA": 530520.12, "COORDENA_1": 9889925.3, "ÁREA___M2": 222.12, "VIVIENDA": "SI", "RIESGO": "NO" }, "geometry": { "type": "MultiPolygon", "coordinates": [ [ [ [ -80.725770881591913, -0.995944135961822, 0.0 ], [ -80.725725438260625, -0.995769069644196, 0.0 ], [ -80.725597516050939, -0.995789995783509, 0.0 ], [ -80.725638823063179, -0.99596609741205, 0.0 ], [ -80.725770881591913, -0.995944135961822, 0.0 ] ] ] ] } },
{ "type": "Feature", "properties": { "ID": 99, "ID_1": 99, "POSESIONAR": "GOBIERNO AUTONOMO DESCENTRALIZADO DE MANTA", "CEDULA___R": "1360000980001", "BARRIO": "LAS PALMITAS", "PARROQUIA": "URBIMANTA", "COORDENADA": 530581.04, "COORDENA_1": 9890030.15, "ÁREA___M2": 749.74, "VIVIENDA": "NO", "RIESGO": "NO" }, "geometry": { "type": "MultiPolygon", "coordinates": [ [ [ [ -80.725268769550269, -0.994784571192378, 0.0 ], [ -80.72497319122742, -0.99486888363145, 0.0 ], [ -80.725014715644804, -0.995061632275566, 0.0 ], [ -80.725314323897777, -0.994976395230466, 0.0 ], [ -80.725270604502512, -0.994790008968729, 0.0 ], [ -80.725268769550269, -0.994784571192378, 0.0 ] ] ] ] } },
{ "type": "Feature", "properties": { "ID": 100, "ID_1": 100, "POSESIONAR": "CEDEÑO VARGAS MARIA DOLORES", "CEDULA___R": "1314940931", "BARRIO": "LAS PALMITAS", "PARROQUIA": "URBIMANTA", "COORDENADA": 530584.36, "COORDENA_1": 9890049.07, "ÁREA___M2": 515.42, "VIVIENDA": "SI", "RIESGO": "NO" }, "geometry": { "type": "MultiPolygon", "coordinates": [ [ [ [ -80.725219627263428, -0.994638940823494, 0.0 ], [ -80.724946524171386, -0.994745100098842, 0.0 ], [ -80.72497319122742, -0.99486888363145, 0.0 ], [ -80.725268769550269, -0.994784571192378, 0.0 ], [ -80.725219627263428, -0.994638940823494, 0.0 ] ] ] ] } },
{ "type": "Feature", "properties": { "ID": 103, "ID_1": 103, "POSESIONAR": "GOBIERNO AUTONOMO DESCENTRALIZADO DE MANTA", "CEDULA___R": "1360000980001", "BARRIO": "LAS PALMITAS", "PARROQUIA": "URBIMANTA", "COORDENADA": 530601.0, "COORDENA_1": 9890077.09, "ÁREA___M2": 192.55, "VIVIENDA": "NO", "RIESGO": "SI" }, "geometry": { "type": "MultiPolygon", "coordinates": [ [ [ [ -80.724907666462542, -0.994564729808953, 0.0 ], [ -80.725028243673023, -0.994523190275861, 0.0 ], [ -80.725001688983184, -0.994442600380255, 0.0 ], [ -80.72488938048248, -0.994479849672716, 0.0 ], [ -80.724907666462542, -0.994564729808953, 0.0 ] ] ] ] } },
{ "type": "Feature", "properties": { "ID": 104, "ID_1": 104, "POSESIONAR": "ALCIVAR VELEZ YOMIRA ALEXANDRA", "CEDULA___R": "1315556595", "BARRIO": "NUEVO MANTA", "PARROQUIA": "URBIMANTA", "COORDENADA": 530603.17, "COORDENA_1": 9890091.66, "ÁREA___M2": 260.3, "VIVIENDA": "SI", "RIESGO": "SI" }, "geometry": { "type": "MultiPolygon", "coordinates": [ [ [ [ -80.72500530134559, -0.994373446282845, 0.0 ], [ -80.724963570823547, -0.994286229727188, 0.0 ], [ -80.724851560435454, -0.994321512612301, 0.0 ], [ -80.724874870152846, -0.994412495406066, 0.0 ], [ -80.72488938048248, -0.994479849672716, 0.0 ], [ -80.725021247052652, -0.994435946865411, 0.0 ], [ -80.72500530134559, -0.994373446282845, 0.0 ] ] ] ] } },
{ "type": "Feature", "properties": { "ID": 105, "ID_1": 105, "POSESIONAR": "DONOSO MONTALVAN MARIA REGINA", "CEDULA___R": "1311114183", "BARRIO": "NUEVO MANTA", "PARROQUIA": "URBIMANTA", "COORDENADA": 530607.86, "COORDENA_1": 9890105.14, "ÁREA___M2": 155.81, "VIVIENDA": "SI", "RIESGO": "SI" }, "geometry": { "type": "MultiPolygon", "coordinates": [ [ [ [ -80.724822719282756, -0.994208939444682, 0.0 ], [ -80.724851560435454, -0.994321512612301, 0.0 ], [ -80.724963570823547, -0.994286229727188, 0.0 ], [ -80.724912888432272, -0.994175257732222, 0.0 ], [ -80.724822719282756, -0.994208939444682, 0.0 ] ] ] ] } },
{ "type": "Feature", "properties": { "ID": 106, "ID_1": 106, "POSESIONAR": "GOBIERNO AUTONOMO DESCENTRALIZADO DE MANTA", "CEDULA___R": "1360000980001", "BARRIO": "NUEVO MANTA", "PARROQUIA": "URBIMANTA", "COORDENADA": 530610.37, "COORDENA_1": 9890113.73, "ÁREA___M2": 65.55, "VIVIENDA": "SI", "RIESGO": "SI" }, "geometry": { "type": "MultiPolygon", "coordinates": [ [ [ [ -80.724822719282756, -0.994208939444682, 0.0 ], [ -80.724912888432272, -0.994175257732222, 0.0 ], [ -80.724914943745304, -0.994115509716094, 0.0 ], [ -80.724810935932709, -0.994162946516346, 0.0 ], [ -80.724822719282756, -0.994208939444682, 0.0 ] ] ] ] } },
{ "type": "Feature", "properties": { "ID": 107, "ID_1": 107, "POSESIONAR": "GOBIERNO AUTONOMO DESCENTRALIZADO DE MANTA", "CEDULA___R": "1360000980001", "BARRIO": "NUEVO MANTA", "PARROQUIA": "URBIMANTA", "COORDENADA": 530612.75, "COORDENA_1": 9890120.72, "ÁREA___M2": 117.6, "VIVIENDA": "SI", "RIESGO": "SI" }, "geometry": { "type": "MultiPolygon", "coordinates": [ [ [ [ -80.724810935932709, -0.994162946516346, 0.0 ], [ -80.724914943745304, -0.994115509716094, 0.0 ], [ -80.724914972301804, -0.994033336979603, 0.0 ], [ -80.724791184808396, -0.994085853664337, 0.0 ], [ -80.724810935932709, -0.994162946516346, 0.0 ] ] ] ] } },
{ "type": "Feature", "properties": { "ID": 108, "ID_1": 108, "POSESIONAR": "GOBIERNO AUTONOMO DESCENTRALIZADO DE MANTA", "CEDULA___R": "1360000980001", "BARRIO": "NUEVO MANTA", "PARROQUIA": "URBIMANTA", "COORDENADA": 530613.96, "COORDENA_1": 9890129.62, "ÁREA___M2": 137.54, "VIVIENDA": "SI", "RIESGO": "SI" }, "geometry": { "type": "MultiPolygon", "coordinates": [ [ [ [ -80.724791184808396, -0.994085853664337, 0.0 ], [ -80.724914972301804, -0.994033336979603, 0.0 ], [ -80.724878637512219, -0.993947976284736, 0.0 ], [ -80.724770538354562, -0.994005266148439, 0.0 ], [ -80.724791184808396, -0.994085853664337, 0.0 ] ] ] ] } },
{ "type": "Feature", "properties": { "ID": 67, "ID_1": 67, "POSESIONAR": "LOOR NAPA LADY THALIA", "CEDULA___R": "1313670554", "BARRIO": "LAS PALMITAS", "PARROQUIA": "URBIMANTA", "COORDENADA": 530531.93, "COORDENA_1": 9890027.03, "ÁREA___M2": 97.38, "VIVIENDA": "SI", "RIESGO": "NO" }, "geometry": { "type": "MultiPolygon", "coordinates": [ [ [ [ -80.725618923741749, -0.994888869989983, 0.0 ], [ -80.725509469722667, -0.994918437329562, 0.0 ], [ -80.725531456685403, -0.995006037090883, 0.0 ], [ -80.725648238176831, -0.994974394594861, 0.0 ], [ -80.725618923741749, -0.994888869989983, 0.0 ] ] ] ] } },
{ "type": "Feature", "properties": { "ID": 64, "ID_1": 64, "POSESIONAR": "PINARGOTE VILLAMAR KASSANDRA ABIGAIL", "CEDULA___R": "1316594900", "BARRIO": "LAS PALMITAS", "PARROQUIA": "URBIMANTA", "COORDENADA": 530537.86, "COORDENA_1": 9890055.67, "ÁREA___M2": 230.6, "VIVIENDA": "SI", "RIESGO": "NO" }, "geometry": { "type": "MultiPolygon", "coordinates": [ [ [ [ -80.725529807865115, -0.994628875191881, 0.0 ], [ -80.725329862377535, -0.994684316524759, 0.0 ], [ -80.725357091460694, -0.99476500835436, 0.0 ], [ -80.725358295631608, -0.994770142023137, 0.0 ], [ -80.725559122297227, -0.994714399796408, 0.0 ], [ -80.725529807865115, -0.994628875191881, 0.0 ] ] ] ] } },
{ "type": "Feature", "properties": { "ID": 66, "ID_1": 66, "POSESIONAR": "BARRETO MOJOJO YUBER LEONARDO", "CEDULA___R": "1315350486", "BARRIO": "LAS PALMITAS", "PARROQUIA": "URBIMANTA", "COORDENADA": 530540.85, "COORDENA_1": 9890035.15, "ÁREA___M2": 254.04, "VIVIENDA": "SI", "RIESGO": "NO" }, "geometry": { "type": "MultiPolygon", "coordinates": [ [ [ [ -80.725378949131837, -0.994858192835843, 0.0 ], [ -80.725400015702576, -0.994948004664936, 0.0 ], [ -80.725618923741749, -0.994888869989983, 0.0 ], [ -80.725588436730305, -0.994799924401051, 0.0 ], [ -80.725378949131837, -0.994858192835843, 0.0 ] ] ] ] } },
{ "type": "Feature", "properties": { "ID": 65, "ID_1": 65, "POSESIONAR": "GOBIERNO AUTONOMO DESCENTRALIZADO DE MANTA", "CEDULA___R": "1360000980001", "BARRIO": "LAS PALMITAS", "PARROQUIA": "URBIMANTA", "COORDENADA": 530543.71, "COORDENA_1": 9890044.87, "ÁREA___M2": 236.47, "VIVIENDA": "SI", "RIESGO": "NO" }, "geometry": { "type": "MultiPolygon", "coordinates": [ [ [ [ -80.725559122297227, -0.994714399796408, 0.0 ], [ -80.725358295631608, -0.994770142023137, 0.0 ], [ -80.725378949131837, -0.994858192835843, 0.0 ], [ -80.725588436730305, -0.994799924401051, 0.0 ], [ -80.725559122297227, -0.994714399796408, 0.0 ] ] ] ] } },
{ "type": "Feature", "properties": { "ID": 76, "ID_1": 76, "POSESIONAR": "SALVATIERRA VACA BENJAMIN LEONARDO - VACA SANCHEZ NORMA IRLANDA", "CEDULA___R": "1351060551 - 1308211166", "BARRIO": "LAS PALMITAS", "PARROQUIA": "URBIMANTA", "COORDENADA": 530502.39, "COORDENA_1": 9889913.61, "ÁREA___M2": 144.0, "VIVIENDA": "SI", "RIESGO": "NO" }, "geometry": { "type": "MultiPolygon", "coordinates": [ [ [ [ -80.725785282940038, -0.996034403935585, 0.0 ], [ -80.725914053064699, -0.99601419450192, 0.0 ], [ -80.725891571583105, -0.995922865629505, 0.0 ], [ -80.725770881591913, -0.995944135961822, 0.0 ], [ -80.725785282940038, -0.996034403935585, 0.0 ] ] ] ] } },
{ "type": "Feature", "properties": { "ID": 101, "ID_1": 101, "POSESIONAR": "HOLGUIN DELGADO YANDRI FELICIANO", "CEDULA___R": "1315556355", "BARRIO": "LAS PALMITAS", "PARROQUIA": "URBIMANTA", "COORDENADA": 530589.39, "COORDENA_1": 9890064.73, "ÁREA___M2": 615.31, "VIVIENDA": "SI", "RIESGO": "SI" }, "geometry": { "type": "MultiPolygon", "coordinates": [ [ [ [ -80.725219627263428, -0.994638940823494, 0.0 ], [ -80.725170511183009, -0.994493388107993, 0.0 ], [ -80.725163555257865, -0.99447657466012, 0.0 ], [ -80.724907666462542, -0.994564729808953, 0.0 ], [ -80.724946524171386, -0.994745100098842, 0.0 ], [ -80.725219627263428, -0.994638940823494, 0.0 ] ] ] ] } },
{ "type": "Feature", "properties": { "ID": 18, "ID_1": 18, "POSESIONAR": "MOREIRA RIVAS ANGELA MARGARITA", "CEDULA___R": "13111791006", "BARRIO": "30 de agosto", "PARROQUIA": "URBIMANTA", "COORDENADA": 530544.0, "COORDENA_1": 9890119.19, "ÁREA___M2": 97.59, "VIVIENDA": "SI", "RIESGO": "SI" }, "geometry": { "type": "MultiPolygon", "coordinates": [ [ [ [ -80.725420868653302, -0.994087647318327, 0.0 ], [ -80.725461960323372, -0.994178163569467, 0.0 ], [ -80.725549358038677, -0.994136851030647, 0.0 ], [ -80.725483300808477, -0.994062805043149, 0.0 ], [ -80.725420868653302, -0.994087647318327, 0.0 ] ] ] ] } },
{ "type": "Feature", "properties": { "ID": 109, "ID_1": 109, "POSESIONAR": "FLORES ZAMBRANO KEILYN JULIBETH", "CEDULA___R": "1312573346", "BARRIO": "NUEVO MANTA", "PARROQUIA": "URBIMANTA", "COORDENADA": 530629.7135, "COORDENA_1": 9890175.239, "ÁREA___M2": 1314.54, "VIVIENDA": "SI", "RIESGO": "SI" }, "geometry": { "type": "MultiPolygon", "coordinates": [ [ [ [ -80.724518651789467, -0.993217110202355, 0.0 ], [ -80.7246984402436, -0.993941230786657, 0.0 ], [ -80.724878248864243, -0.993846109627104, 0.0 ], [ -80.724698422623192, -0.993346681003853, 0.0 ], [ -80.724518651789467, -0.993217110202355, 0.0 ] ] ] ] } },
{ "type": "Feature", "properties": { "ID": 39, "ID_1": 39, "POSESIONAR": "MARQUEZ MERA VERNAN GAEL-MERA CHISPE ANA YRALDA", "CEDULA___R": "1352871964-1308737897", "BARRIO": "LAS PALMITAS", "PARROQUIA": "URBIMANTA", "COORDENADA": 530453.45, "COORDENA_1": 9889890.3, "ÁREA___M2": 264.48, "VIVIENDA": "SI", "RIESGO": "NO" }, "geometry": { "type": "MultiPolygon", "coordinates": [ [ [ [ -80.726429883347166, -0.99607977846775, 0.0 ], [ -80.726429883347151, -0.99607977846775, 0.0 ], [ -80.726203830135034, -0.99615934634388, 0.0 ], [ -80.726282403176953, -0.996246395770171, 0.0 ], [ -80.726469653958517, -0.996150682506266, 0.0 ], [ -80.726429883347166, -0.99607977846775, 0.0 ] ] ] ] } },
{ "type": "Feature", "properties": { "ID": 2, "ID_1": 2, "POSESIONAR": "MEZA MACIAS ADRIAN MIGUEL", "CEDULA___R": "1311891202", "BARRIO": "30 de agosto", "PARROQUIA": "URBIMANTA", "COORDENADA": 530369.9343, "COORDENA_1": 9890020.78, "ÁREA___M2": 193.0229, "VIVIENDA": "SI", "RIESGO": "NO" }, "geometry": { "type": "MultiPolygon", "coordinates": [ [ [ [ -80.727040847176227, -0.994906761475863, 0.0 ], [ -80.726943348707067, -0.995051287833919, 0.0 ], [ -80.727018943921905, -0.995098533086911, 0.0 ], [ -80.727118307923647, -0.994952649317229, 0.0 ], [ -80.727040847176227, -0.994906761475863, 0.0 ] ] ] ] } },
{ "type": "Feature", "properties": { "ID": 27, "ID_1": 27, "POSESIONAR": "MOLINA LOPEZ ROSA FATIMA", "CEDULA___R": "1306448778", "BARRIO": "30 DE AGOSTO", "PARROQUIA": "URBIMANTA", "COORDENADA": 530364.06, "COORDENA_1": 9889992.99, "ÁREA___M2": 202.12, "VIVIENDA": "SI", "RIESGO": "NO" }, "geometry": { "type": "MultiPolygon", "coordinates": [ [ [ [ -80.727007948105708, -0.995283097724549, 0.0 ], [ -80.727103265239606, -0.99533766296674, 0.0 ], [ -80.727172679718024, -0.995193857965721, 0.0 ], [ -80.727092651963531, -0.995143866807921, 0.0 ], [ -80.727007948105708, -0.995283097724549, 0.0 ] ] ] ] } },
{ "type": "Feature", "properties": { "ID": 3, "ID_1": 3, "POSESIONAR": "REYES MERA JIXON ADRIAN", "CEDULA___R": "1314029248", "BARRIO": "30 de agosto", "PARROQUIA": "URBIMANTA", "COORDENADA": 530387.0, "COORDENA_1": 9890033.65, "ÁREA___M2": 191.47, "VIVIENDA": "SI", "RIESGO": "NO" }, "geometry": { "type": "MultiPolygon", "coordinates": [ [ [ [ -80.726865130264386, -0.995003344521791, 0.0 ], [ -80.726944514197413, -0.995051287931013, 0.0 ], [ -80.727042012666516, -0.994906761572909, 0.0 ], [ -80.726964551921569, -0.994860873730351, 0.0 ], [ -80.726865130264386, -0.995003344521791, 0.0 ] ] ] ] } },
{ "type": "Feature", "properties": { "ID": 26, "ID_1": 26, "POSESIONAR": "JURADO VERA DELFINA GEOCONDA / BRIONES BRAVO EUGENIO RENE", "CEDULA___R": "1306998806 / 1305838698", "BARRIO": "30 de agosto", "PARROQUIA": "URBIMANTA", "COORDENADA": 530376.24, "COORDENA_1": 9890001.49, "ÁREA___M2": 358.18, "VIVIENDA": "SI", "RIESGO": "NO" }, "geometry": { "type": "MultiPolygon", "coordinates": [ [ [ [ -80.727007948105708, -0.995283097724549, 0.0 ], [ -80.727092651963488, -0.995143866807989, 0.0 ], [ -80.726944514199587, -0.995051287932378, 0.0 ], [ -80.726855596956455, -0.995195882784145, 0.0 ], [ -80.727007948105708, -0.995283097724549, 0.0 ] ] ] ] } },
{ "type": "Feature", "properties": { "ID": 1, "ID_1": 1, "POSESIONAR": "GOBIERNO AUTONOMO DESCENTRALIZADO DE MANTA", "CEDULA___R": "1360000980001", "BARRIO": "30 de agosto", "PARROQUIA": "URBIMANTA", "COORDENADA": 530357.5923, "COORDENA_1": 9890014.172, "ÁREA___M2": 364.8847, "VIVIENDA": "NO", "RIESGO": "NO" }, "geometry": { "type": "MultiPolygon", "coordinates": [ [ [ [ -80.727020109412265, -0.995098533183983, 0.0 ], [ -80.727172679718024, -0.995193857965721, 0.0 ], [ -80.727251156690286, -0.995030658741662, 0.0 ], [ -80.727119473413964, -0.994952649414251, 0.0 ], [ -80.727020109412265, -0.995098533183983, 0.0 ] ] ] ] } },
{ "type": "Feature", "properties": { "ID": 98, "ID_1": 98, "POSESIONAR": "GOBIERNO AUTONOMO DESCENTRALIZADO DE MANTA", "CEDULA___R": "1360000980001", "BARRIO": "LAS PALMITAS", "PARROQUIA": "URBIMANTA", "COORDENADA": 530575.42, "COORDENA_1": 9890008.56, "ÁREA___M2": 686.41, "VIVIENDA": "SI", "RIESGO": "NO" }, "geometry": { "type": "MultiPolygon", "coordinates": [ [ [ [ -80.725314323897777, -0.994976395230466, 0.0 ], [ -80.725014715644804, -0.995061632275566, 0.0 ], [ -80.725065632985093, -0.995235165446527, 0.0 ], [ -80.725356250497313, -0.995155138366146, 0.0 ], [ -80.725314323897777, -0.994976395230466, 0.0 ] ] ] ] } },
{ "type": "Feature", "properties": { "ID": 92, "ID_1": 92, "POSESIONAR": "MANTUANO PONCE RAMON CRISTOBAL", "CEDULA___R": "1303413155", "BARRIO": "LAS PALMITAS", "PARROQUIA": "URBIMANTA", "COORDENADA": 530551.11, "COORDENA_1": 9889952.42, "ÁREA___M2": 146.08, "VIVIENDA": "SI", "RIESGO": "NO" }, "geometry": { "type": "MultiPolygon", "coordinates": [ [ [ [ -80.725472942777273, -0.995652625462124, 0.0 ], [ -80.725452289275268, -0.995564574648357, 0.0 ], [ -80.725323093855494, -0.995590256790015, 0.0 ], [ -80.725345186380792, -0.995678546511819, 0.0 ], [ -80.725472942777273, -0.995652625462124, 0.0 ] ] ] ] } },
{ "type": "Feature", "properties": { "ID": 91, "ID_1": 91, "POSESIONAR": "GOBIERNO AUTONOMO DESCENTRALIZADO DE MANTA", "CEDULA___R": "1360000980001", "BARRIO": "LAS PALMITAS", "PARROQUIA": "URBIMANTA", "COORDENADA": 530566.15, "COORDENA_1": 9889950.27, "ÁREA___M2": 165.4, "VIVIENDA": "SI", "RIESGO": "NO" }, "geometry": { "type": "MultiPolygon", "coordinates": [ [ [ [ -80.725323093855536, -0.995590256790015, 0.0 ], [ -80.725177730351803, -0.995616914867588, 0.0 ], [ -80.725204226094618, -0.995707146549403, 0.0 ], [ -80.725345186380252, -0.995678546509747, 0.0 ], [ -80.725323093855536, -0.995590256790015, 0.0 ] ] ] ] } },
{ "type": "Feature", "properties": { "ID": 93, "ID_1": 93, "POSESIONAR": "MORAN MOREIRA JACINTO HIPOLITO", "CEDULA___R": "1308739430", "BARRIO": "LAS PALMITAS", "PARROQUIA": "URBIMANTA", "COORDENADA": 530565.94, "COORDENA_1": 9889960.49, "ÁREA___M2": 592.89, "VIVIENDA": "SI", "RIESGO": "NO" }, "geometry": { "type": "MultiPolygon", "coordinates": [ [ [ [ -80.725177730351362, -0.995616914867672, 0.0 ], [ -80.725322777179457, -0.99559031604361, 0.0 ], [ -80.725452289275268, -0.995564574648357, 0.0 ], [ -80.725399622847348, -0.995340045073929, 0.0 ], [ -80.725264205772675, -0.995378446468706, 0.0 ], [ -80.72528942929732, -0.995476462906888, 0.0 ], [ -80.725144610673439, -0.995504125265746, 0.0 ], [ -80.725177730351362, -0.995616914867672, 0.0 ] ] ] ] } },
{ "type": "Feature", "properties": { "ID": 96, "ID_1": 96, "POSESIONAR": "REYNADO JIMENEZ LISSETTE IVONNE", "CEDULA___R": "0927106615", "BARRIO": "LAS PALMITAS", "PARROQUIA": "URBIMANTA", "COORDENADA": 530560.48, "COORDENA_1": 9889987.84, "ÁREA___M2": 174.66, "VIVIENDA": "SI", "RIESGO": "NO" }, "geometry": { "type": "MultiPolygon", "coordinates": [ [ [ [ -80.725264205772675, -0.995378446468706, 0.0 ], [ -80.725399622847178, -0.99534004507398, 0.0 ], [ -80.725376903997073, -0.995243189179296, 0.0 ], [ -80.725239531413663, -0.995280128737797, 0.0 ], [ -80.725264205772675, -0.995378446468706, 0.0 ] ] ] ] } },
{ "type": "Feature", "properties": { "ID": 94, "ID_1": 94, "POSESIONAR": "BRIONES RIVERA CLEMENTE JESUS", "CEDULA___R": "1304235888", "BARRIO": "LAS PALMITAS", "PARROQUIA": "URBIMANTA", "COORDENADA": 530572.9, "COORDENA_1": 9889978.93, "ÁREA___M2": 362.96, "VIVIENDA": "SI", "RIESGO": "NO" }, "geometry": { "type": "MultiPolygon", "coordinates": [ [ [ [ -80.725239531413663, -0.995280128737797, 0.0 ], [ -80.725091109657967, -0.995321926678395, 0.0 ], [ -80.725144610673439, -0.995504125265746, 0.0 ], [ -80.72528942929732, -0.995476462906888, 0.0 ], [ -80.725264205772675, -0.995378446468706, 0.0 ], [ -80.725239531413663, -0.995280128737797, 0.0 ] ] ] ] } },
{ "type": "Feature", "properties": { "ID": 95, "ID_1": 95, "POSESIONAR": "HOLGUIN HOLGUIN GENNY ALEXANDRA", "CEDULA___R": "1310958044", "BARRIO": "LAS PALMITAS", "PARROQUIA": "URBIMANTA", "COORDENADA": 530579.9, "COORDENA_1": 9889992.75, "ÁREA___M2": 145.75, "VIVIENDA": "SI", "RIESGO": "NO" }, "geometry": { "type": "MultiPolygon", "coordinates": [ [ [ [ -80.725065632985093, -0.995235165446527, 0.0 ], [ -80.725091109657967, -0.995321926678395, 0.0 ], [ -80.725217880158255, -0.99528617855749, 0.0 ], [ -80.725192336707124, -0.995200149155149, 0.0 ], [ -80.725065632985093, -0.995235165446527, 0.0 ] ] ] ] } },
{ "type": "Feature", "properties": { "ID": 97, "ID_1": 97, "POSESIONAR": "HOLGUIN MOREIRA EDITA LETTY", "CEDULA___R": "1304239005", "BARRIO": "LAS PALMITAS", "PARROQUIA": "URBIMANTA", "COORDENADA": 530565.21, "COORDENA_1": 9889997.23, "ÁREA___M2": 185.14, "VIVIENDA": "SI", "RIESGO": "NO" }, "geometry": { "type": "MultiPolygon", "coordinates": [ [ [ [ -80.725239531413663, -0.995280128737797, 0.0 ], [ -80.725376903997073, -0.995243189179296, 0.0 ], [ -80.725356250497285, -0.995155138365994, 0.0 ], [ -80.725192336707124, -0.995200149155149, 0.0 ], [ -80.725217880158255, -0.99528617855749, 0.0 ], [ -80.725239531413663, -0.995280128737797, 0.0 ] ] ] ] } },
{ "type": "Feature", "properties": { "ID": 88, "ID_1": 88, "POSESIONAR": "ALCIVAR AVEIGA JOSE CARLOS", "CEDULA___R": "1310911167", "BARRIO": "LAS PALMITAS", "PARROQUIA": "URBIMANTA", "COORDENADA": 530558.8546, "COORDENA_1": 9889923.691, "ÁREA___M2": 158.35, "VIVIENDA": "SI", "RIESGO": "NO" }, "geometry": { "type": "MultiPolygon", "coordinates": [ [ [ [ -80.725271507095414, -0.995936273072515, 0.0 ], [ -80.72541880832398, -0.995911053249026, 0.0 ], [ -80.725402069982678, -0.995828018837495, 0.0 ], [ -80.72524781378462, -0.995855585126019, 0.0 ], [ -80.725271507095414, -0.995936273072515, 0.0 ] ] ] ] } },
{ "type": "Feature", "properties": { "ID": 90, "ID_1": 90, "POSESIONAR": "PALMA TUMBACO KENNEDY GABRIEL", "CEDULA___R": "1204416398", "BARRIO": "LAS PALMITAS", "PARROQUIA": "URBIMANTA", "COORDENADA": 530554.8537, "COORDENA_1": 9889933.349, "ÁREA___M2": 250.08, "VIVIENDA": "SI", "RIESGO": "NO" }, "geometry": { "type": "MultiPolygon", "coordinates": [ [ [ [ -80.725510630674634, -0.995808618540166, 0.0 ], [ -80.725491541030834, -0.995731914259052, 0.0 ], [ -80.725227245171396, -0.995785538385061, 0.0 ], [ -80.72524781378462, -0.995855585126019, 0.0 ], [ -80.725510630674634, -0.995808618540166, 0.0 ] ] ] ] } },
{ "type": "Feature", "properties": { "ID": 87, "ID_1": 87, "POSESIONAR": "BARBERAN CEDEÑO ANA MARIA", "CEDULA___R": "1309469557", "BARRIO": "LAS PALMITAS", "PARROQUIA": "URBIMANTA", "COORDENADA": 530556.2544, "COORDENA_1": 9889914.412, "ÁREA___M2": 148.09, "VIVIENDA": "SI", "RIESGO": "NO" }, "geometry": { "type": "MultiPolygon", "coordinates": [ [ [ [ -80.725294436106481, -0.996014358182137, 0.0 ], [ -80.725271507095414, -0.995936273072515, 0.0 ], [ -80.72541880832398, -0.995911053249026, 0.0 ], [ -80.725435825478883, -0.995993429979921, 0.0 ], [ -80.725294436106481, -0.996014358182137, 0.0 ], [ -80.725294436106481, -0.996014358182137, 0.0 ] ] ] ] } },
{ "type": "Feature", "properties": { "ID": 89, "ID_1": 89, "POSESIONAR": "ALCIVAR JOAQUIN HERMOGENES", "CEDULA___R": "1304056730", "BARRIO": "LAS PALMITAS", "PARROQUIA": "URBIMANTA", "COORDENADA": 530543.2422, "COORDENA_1": 9889921.498, "ÁREA___M2": 238.5, "VIVIENDA": "SI", "RIESGO": "NO" }, "geometry": { "type": "MultiPolygon", "coordinates": [ [ [ [ -80.725402069982678, -0.995828018837495, 0.0 ], [ -80.725419360620705, -0.995913726809936, 0.0 ], [ -80.725435819922396, -0.995993430819039, 0.0 ], [ -80.725552128782638, -0.995975362481144, 0.0 ], [ -80.725510630674634, -0.995808618540166, 0.0 ], [ -80.725402069982678, -0.995828018837495, 0.0 ] ] ] ] } },
{ "type": "Feature", "properties": { "ID": 84, "ID_1": 84, "POSESIONAR": "GOBIERNO AUTONOMO DESCENTRALIZADO DE MANTA", "CEDULA___R": "1360000980001", "BARRIO": "LAS PALMITAS", "PARROQUIA": "URBIMANTA", "COORDENADA": 530541.1, "COORDENA_1": 9889889.74, "ÁREA___M2": 279.2, "VIVIENDA": "NO", "RIESGO": "NO" }, "geometry": { "type": "MultiPolygon", "coordinates": [ [ [ [ -80.725345389466625, -0.996187880648277, 0.0 ], [ -80.725370866147841, -0.996274641881523, 0.0 ], [ -80.725622543303345, -0.996237260028039, 0.0 ], [ -80.725595811003757, -0.996150882419525, 0.0 ], [ -80.725345389466625, -0.996187880648277, 0.0 ] ] ] ] } },
{ "type": "Feature", "properties": { "ID": 41, "ID_1": 41, "POSESIONAR": "ZAMBRANO LOPEZ XIOMARA MONSERRATE", "CEDULA___R": "1311546285", "BARRIO": "LAS PALMITAS", "PARROQUIA": "URBIMANTA", "COORDENADA": 530469.18, "COORDENA_1": 9889910.27, "ÁREA___M2": 98.33, "VIVIENDA": "SI", "RIESGO": "NO" }, "geometry": { "type": "MultiPolygon", "coordinates": [ [ [ [ -80.726195724846164, -0.996020272717844, 0.0 ], [ -80.72617226429692, -0.995949944736493, 0.0 ], [ -80.726052781608473, -0.995991894747816, 0.0 ], [ -80.726104102818411, -0.99604886053247, 0.0 ], [ -80.726195724846164, -0.996020272717844, 0.0 ] ] ] ] } },
{ "type": "Feature", "properties": { "ID": 42, "ID_1": 42, "POSESIONAR": "TUAREZ VERA JOSE LUIS", "CEDULA___R": "1351488836", "BARRIO": "LAS PALMITAS", "PARROQUIA": "URBIMANTA", "COORDENADA": 530461.74, "COORDENA_1": 9889927.56, "ÁREA___M2": 689.37, "VIVIENDA": "SI", "RIESGO": "SI" }, "geometry": { "type": "MultiPolygon", "coordinates": [ [ [ [ -80.726172680548501, -0.995675702842577, 0.0 ], [ -80.726065276642672, -0.99570888814849, 0.0 ], [ -80.726114982258878, -0.995870494543586, 0.0 ], [ -80.726134168880648, -0.995863031506599, 0.0 ], [ -80.72617226429692, -0.995949944736493, 0.0 ], [ -80.726195724846164, -0.996020272717844, 0.0 ], [ -80.726198844588225, -0.996032358744303, 0.0 ], [ -80.726337183990424, -0.995996177600797, 0.0 ], [ -80.726310727505791, -0.995881634842705, 0.0 ], [ -80.726286326345942, -0.995775883578245, 0.0 ], [ -80.726281647121596, -0.995755615125555, 0.0 ], [ -80.726172680548501, -0.995675702842577, 0.0 ] ] ] ] } },
{ "type": "Feature", "properties": { "ID": 81, "ID_1": 81, "POSESIONAR": "MERO PIN LUIS ANTONIO", "CEDULA___R": "1314531672", "BARRIO": "LAS PALMITAS", "PARROQUIA": "URBIMANTA", "COORDENADA": 5305144.47, "COORDENA_1": 9890022.88, "ÁREA___M2": 159.43, "VIVIENDA": "SI", "RIESGO": "NO" }, "geometry": { "type": "MultiPolygon", "coordinates": [ [ [ [ -80.725531456685403, -0.995006037090883, 0.0 ], [ -80.725531456685403, -0.995006037090883, 0.0 ], [ -80.725509469722667, -0.994918437329562, 0.0 ], [ -80.725400015702576, -0.994948004664936, 0.0 ], [ -80.725420669203572, -0.995036055477026, 0.0 ], [ -80.725531456685403, -0.995006037090883, 0.0 ] ] ] ] } },
{ "type": "Feature", "properties": { "ID": 86, "ID_1": 86, "POSESIONAR": "HERMANOS SIERRA CEDEÑO JORDAN - SIERRA CEDEÑO JORDANA", "CEDULA___R": "1353715798 - 1354495135", "BARRIO": "LAS PALMITAS", "PARROQUIA": "URBIMANTA", "COORDENADA": 530548.0818, "COORDENA_1": 9889907.77, "ÁREA___M2": 207.61, "VIVIENDA": "SI", "RIESGO": "NO" }, "geometry": { "type": "MultiPolygon", "coordinates": [ [ [ [ -80.725552128782638, -0.995975362481144, 0.0 ], [ -80.725294436106481, -0.996014358182137, 0.0 ], [ -80.725312906699202, -0.996077260076085, 0.0 ], [ -80.725567963587551, -0.996038988458752, 0.0 ], [ -80.725552128782638, -0.995975362481144, 0.0 ] ] ] ] } },
{ "type": "Feature", "properties": { "ID": 85, "ID_1": 85, "POSESIONAR": "SIERRA FLORES JERSON SLOANNY", "CEDULA___R": "1312335910", "BARRIO": "LAS PALMITAS", "PARROQUIA": "URBIMANTA", "COORDENADA": 530545.4523, "COORDENA_1": 9889898.139, "ÁREA___M2": 359.76, "VIVIENDA": "SI", "RIESGO": "NO" }, "geometry": { "type": "MultiPolygon", "coordinates": [ [ [ [ -80.725567963587551, -0.996038988458752, 0.0 ], [ -80.725312906699202, -0.996077260076085, 0.0 ], [ -80.725345389466625, -0.996187880648277, 0.0 ], [ -80.725595811003757, -0.996150882419525, 0.0 ], [ -80.725567963587551, -0.996038988458752, 0.0 ] ] ] ] } },
{ "type": "Feature", "properties": { "ID": 29, "ID_1": 29, "POSESIONAR": "MANZABA PINARGOTE JOSE ALEJANDRO", "CEDULA___R": "1308887551", "BARRIO": "30 DE AGOSTO", "PARROQUIA": "URBIMANTA", "COORDENADA": 0.0, "COORDENA_1": 0.0, "ÁREA___M2": 295.47, "VIVIENDA": "SI", "RIESGO": "SI" }, "geometry": { "type": "MultiPolygon", "coordinates": [ [ [ [ -80.726598112500113, -0.995152562639214, 0.0 ], [ -80.72636936524529, -0.995292686060831, 0.0 ], [ -80.726421887828693, -0.995362742189542, 0.0 ], [ -80.726677413219278, -0.995197959139428, 0.0 ], [ -80.726598112500113, -0.995152562639214, 0.0 ] ] ] ] } },
{ "type": "Feature", "properties": { "ID": 309, "ID_1": 309, "POSESIONAR": "GOBIERNO AUTONOMO DESCENTRALIZADO DE MANTA", "CEDULA___R": "1360000980001", "BARRIO": "NUEVO MANTA", "PARROQUIA": "URBIMANTA", "COORDENADA": 530313.2205000001, "COORDENA_1": 9890643.205, "ÁREA___M2": 192.95, "VIVIENDA": "SI", "RIESGO": "SI" }, "geometry": { "type": "MultiPolygon", "coordinates": [ [ [ [ -80.727426378196327, -0.989511909079034, 0.0 ], [ -80.727523693573076, -0.989718783159959, 0.0 ], [ -80.727922053817835, -0.98949051276559, 0.0 ], [ -80.727858785197995, -0.989321460561029, 0.0 ], [ -80.727426379611558, -0.989511908404493, 0.0 ], [ -80.727426378196327, -0.989511909079034, 0.0 ] ] ] ] } },
{ "type": "Feature", "properties": { "ID": 310, "ID_1": 310, "POSESIONAR": "GOBIERNO AUTONOMO DESCENTRALIZADO DE MANTA", "CEDULA___R": "1360000980001", "BARRIO": "NUEVO MANTA", "PARROQUIA": "URBIMANTA", "COORDENADA": 530303.0355, "COORDENA_1": 9890647.967, "ÁREA___M2": 208.12, "VIVIENDA": "NO", "RIESGO": "SI" }, "geometry": { "type": "MultiPolygon", "coordinates": [ [ [ [ -80.727426378196327, -0.989511909079034, 0.0 ], [ -80.727530841339856, -0.989465987614917, 0.0 ], [ -80.727466606372772, -0.989326758888015, 0.0 ], [ -80.727364936493416, -0.989381289623574, 0.0 ], [ -80.727426379559461, -0.989511908293757, 0.0 ], [ -80.727426378196327, -0.989511909079034, 0.0 ] ] ] ] } },
{ "type": "Feature", "properties": { "ID": 311, "ID_1": 311, "POSESIONAR": "GOROZABEL MACIAS FREDDY RAMON", "CEDULA___R": "1306851757", "BARRIO": "NUEVO MANTA", "PARROQUIA": "URBIMANTA", "COORDENADA": 530290.0391000001, "COORDENA_1": 9890653.965, "ÁREA___M2": 347.63, "VIVIENDA": "SI", "RIESGO": "SI" }, "geometry": { "type": "MultiPolygon", "coordinates": [ [ [ [ -80.72755941297568, -0.989276981974312, 0.0 ], [ -80.727466606372772, -0.989326758888015, 0.0 ], [ -80.727530841344588, -0.989465987612828, 0.0 ], [ -80.727617455917567, -0.989427912328916, 0.0 ], [ -80.72755941297568, -0.989276981974312, 0.0 ] ] ] ] } },
{ "type": "Feature", "properties": { "ID": 312, "ID_1": 312, "POSESIONAR": "MENDOZA ZAMBRANO CARLOS VICENTE", "CEDULA___R": "1308391778", "BARRIO": "NUEVO MANTA", "PARROQUIA": "URBIMANTA", "COORDENADA": 530389.8529000001, "COORDENA_1": 9890516.438, "ÁREA___M2": 202.49, "VIVIENDA": "SI", "RIESGO": "NO" }, "geometry": { "type": "MultiPolygon", "coordinates": [ [ [ [ -80.72755941297568, -0.989276981974312, 0.0 ], [ -80.727617455917567, -0.989427912328916, 0.0 ], [ -80.727711525772335, -0.989386559740604, 0.0 ], [ -80.727649839919934, -0.989228481388462, 0.0 ], [ -80.72755941297568, -0.989276981974312, 0.0 ] ] ] ] } },
{ "type": "Feature", "properties": { "ID": 313, "ID_1": 313, "POSESIONAR": "CHARCOPA BARRE CINDY JANINA", "CEDULA___R": "1313247759", "BARRIO": "NUEVO MANTA", "PARROQUIA": "URBIMANTA", "COORDENADA": 530380.8529000001, "COORDENA_1": 9890521.419, "ÁREA___M2": 202.55, "VIVIENDA": "SI", "RIESGO": "NO" }, "geometry": { "type": "MultiPolygon", "coordinates": [ [ [ [ -80.727649839919934, -0.989228481388462, 0.0 ], [ -80.727649839919934, -0.989228481388462, 0.0 ], [ -80.727711525772335, -0.989386559740604, 0.0 ], [ -80.727858785197995, -0.989321460561029, 0.0 ], [ -80.727792619301241, -0.989151901509489, 0.0 ], [ -80.727649839919934, -0.989228481388462, 0.0 ] ] ] ] } },
{ "type": "Feature", "properties": { "ID": 369, "ID_1": 369, "POSESIONAR": "PIBAQUE GOROZABEL KATERINE LISETH", "CEDULA___R": "1314726306", "BARRIO": "NUEVO MANTA", "PARROQUIA": "URBIMANTA", "COORDENADA": 530421.1429, "COORDENA_1": 9890614.875, "ÁREA___M2": 380.43, "VIVIENDA": "SI", "RIESGO": "NO" }, "geometry": { "type": "MultiPolygon", "coordinates": [ [ [ [ -80.726502863677609, -0.989862992112652, 0.0 ], [ -80.726331194206367, -0.989601903729499, 0.0 ], [ -80.726219453628829, -0.989663980641396, 0.0 ], [ -80.726414890547673, -0.989934523500901, 0.0 ], [ -80.726502863677609, -0.989862992112652, 0.0 ] ] ] ] } },
{ "type": "Feature", "properties": { "ID": 370, "ID_1": 370, "POSESIONAR": "GOBIERNO AUTONOMO DESCENTRALIZADO DE MANTA", "CEDULA___R": "1360000980001", "BARRIO": "NUEVO MANTA", "PARROQUIA": "URBIMANTA", "COORDENADA": 530353.1002, "COORDENA_1": 9890637.269, "ÁREA___M2": 395.01, "VIVIENDA": "NO", "RIESGO": "NO" }, "geometry": { "type": "MultiPolygon", "coordinates": [ [ [ [ -80.726540707695904, -0.989832220951966, 0.0 ], [ -80.726370539479319, -0.989580045660734, 0.0 ], [ -80.726331194206367, -0.989601903729499, 0.0 ], [ -80.726502863677609, -0.989862992112652, 0.0 ], [ -80.726540707695904, -0.989832220951966, 0.0 ] ] ] ] } },
{ "type": "Feature", "properties": { "ID": 371, "ID_1": 371, "POSESIONAR": "GOBIERNO AUTONOMO DESCENTRALIZADO DE MANTA", "CEDULA___R": "1360000980001", "BARRIO": "NUEVO MANTA", "PARROQUIA": "URBIMANTA", "COORDENADA": 530365.5186, "COORDENA_1": 9890652.394, "ÁREA___M2": 586.07, "VIVIENDA": "SI", "RIESGO": "NO" }, "geometry": { "type": "MultiPolygon", "coordinates": [ [ [ [ -80.726603757433324, -0.989780954892322, 0.0 ], [ -80.726457882459783, -0.989531522703638, 0.0 ], [ -80.726370539479333, -0.989580045660734, 0.0 ], [ -80.726540707695904, -0.989832220951966, 0.0 ], [ -80.726603757433324, -0.989780954892322, 0.0 ] ] ] ] } },
{ "type": "Feature", "properties": { "ID": 372, "ID_1": 372, "POSESIONAR": "GOROZABEL MACIAS ALICIA MERCEDES", "CEDULA___R": "1307906972", "BARRIO": "NUEVO MANTA", "PARROQUIA": "URBIMANTA", "COORDENADA": 530382.9327, "COORDENA_1": 9890642.369000001, "ÁREA___M2": 204.54, "VIVIENDA": "SI", "RIESGO": "NO" }, "geometry": { "type": "MultiPolygon", "coordinates": [ [ [ [ -80.726603757433324, -0.989780954892322, 0.0 ], [ -80.726603757433324, -0.989780954892322, 0.0 ], [ -80.726682330626872, -0.989717067137139, 0.0 ], [ -80.726564114692124, -0.989472505911223, 0.0 ], [ -80.726457882459783, -0.989531522703638, 0.0 ], [ -80.726603757433324, -0.989780954892322, 0.0 ] ] ] ] } },
{ "type": "Feature", "properties": { "ID": 375, "ID_1": 375, "POSESIONAR": "GOBIERNO AUTONOMO DESCENTRALIZADO DE MANTA", "CEDULA___R": "1360000980001", "BARRIO": "NUEVO MANTA", "PARROQUIA": "URBIMANTA", "COORDENADA": 530320.2428, "COORDENA_1": 9890672.967, "ÁREA___M2": 637.03, "VIVIENDA": "SI", "RIESGO": "SI" }, "geometry": { "type": "MultiPolygon", "coordinates": [ [ [ [ -80.726836383954932, -0.989321248037543, 0.0 ], [ -80.72691665738445, -0.989484115138442, 0.0 ], [ -80.726998287208744, -0.989436278579342, 0.0 ], [ -80.726915074489526, -0.989277531883576, 0.0 ], [ -80.726836383954932, -0.989321248037543, 0.0 ] ] ] ] } },
{ "type": "Feature", "properties": { "ID": 374, "ID_1": 374, "POSESIONAR": "GOBIERNO AUTONOMO DESCENTRALIZADO DE MANTA", "CEDULA___R": "1360000980001", "BARRIO": "NUEVO MANTA", "PARROQUIA": "URBIMANTA", "COORDENADA": 530406.3867, "COORDENA_1": 9890615.421, "ÁREA___M2": 593.88, "VIVIENDA": "NO", "RIESGO": "NO" }, "geometry": { "type": "MultiPolygon", "coordinates": [ [ [ [ -80.726915074489526, -0.989277531883576, 0.0 ], [ -80.726998287208744, -0.989436278579342, 0.0 ], [ -80.727228421001598, -0.989301415977006, 0.0 ], [ -80.727155316313002, -0.989144066654791, 0.0 ], [ -80.726915074489526, -0.989277531883576, 0.0 ] ] ] ] } },
{ "type": "Feature", "properties": { "ID": 373, "ID_1": 373, "POSESIONAR": "GARCIA TIGUA LADY MARILIN         GARCIA TIGUA NEREIDA BELEN", "CEDULA___R": "1310447964       1314987189", "BARRIO": "NUEVO MANTA", "PARROQUIA": "URBIMANTA", "COORDENADA": 530396.2759, "COORDENA_1": 9890635.357000001, "ÁREA___M2": 408.7356, "VIVIENDA": "SI", "RIESGO": "NO" }, "geometry": { "type": "MultiPolygon", "coordinates": [ [ [ [ -80.727228421001598, -0.989301415977006, 0.0 ], [ -80.727228421001882, -0.989301415977579, 0.0 ], [ -80.727072539196755, -0.989392765562921, 0.0 ], [ -80.727150142776793, -0.989554383003786, 0.0 ], [ -80.727303354726189, -0.989461783758576, 0.0 ], [ -80.727228421001598, -0.989301415977006, 0.0 ] ] ] ] } },
{ "type": "Feature", "properties": { "ID": 361, "ID_1": 361, "POSESIONAR": "GOBIERNO AUTONOMO DESCENTRALIZADO DE MANTA", "CEDULA___R": "1360000980001", "BARRIO": "NUEVO MANTA", "PARROQUIA": "URBIMANTA", "COORDENADA": 530340.2675, "COORDENA_1": 9890599.633, "ÁREA___M2": 153.5, "VIVIENDA": "SI", "RIESGO": "NO" }, "geometry": { "type": "MultiPolygon", "coordinates": [ [ [ [ -80.727137386546303, -0.989942751137607, 0.0 ], [ -80.72707109873042, -0.989817906209464, 0.0 ], [ -80.726805738347707, -0.989971258890604, 0.0 ], [ -80.726868148284893, -0.990098068008577, 0.0 ], [ -80.727137386546303, -0.989942751137607, 0.0 ] ] ] ] } },
{ "type": "Feature", "properties": { "ID": 364, "ID_1": 364, "POSESIONAR": "GOBIERNO AUTONOMO DESCENTRALIZADO DE MANTA", "CEDULA___R": "1360000980001", "BARRIO": "NUEVO MANTA", "PARROQUIA": "URBIMANTA", "COORDENADA": 530364.1839, "COORDENA_1": 9890603.355, "ÁREA___M2": 438.91, "VIVIENDA": "SI", "RIESGO": "NO" }, "geometry": { "type": "MultiPolygon", "coordinates": [ [ [ [ -80.727445886631799, -0.989764785044015, 0.0 ], [ -80.727385634057711, -0.989636697184759, 0.0 ], [ -80.727307018933644, -0.989681847432771, 0.0 ], [ -80.727370160676983, -0.989808469485407, 0.0 ], [ -80.727445886631799, -0.989764785044015, 0.0 ] ] ] ] } },
{ "type": "Feature", "properties": { "ID": 365, "ID_1": 365, "POSESIONAR": "GOBIERNO AUTONOMO DESCENTRALIZADO DE MANTA", "CEDULA___R": "1360000980001", "BARRIO": "NUEVO MANTA", "PARROQUIA": "URBIMANTA", "COORDENADA": 530387.744, "COORDENA_1": 9890589.491, "ÁREA___M2": 343.22, "VIVIENDA": "NO", "RIESGO": "NO" }, "geometry": { "type": "MultiPolygon", "coordinates": [ [ [ [ -80.727385544064404, -0.98963674886973, 0.0 ], [ -80.727326545345676, -0.989511083512832, 0.0 ], [ -80.727172422892338, -0.989604211929419, 0.0 ], [ -80.727230343596759, -0.989725884017501, 0.0 ], [ -80.72738554406439, -0.98963674886973, 0.0 ], [ -80.727385544064404, -0.98963674886973, 0.0 ] ] ] ] } },
{ "type": "Feature", "properties": { "ID": 368, "ID_1": 368, "POSESIONAR": "VERA SANCHEZ CARLOS MANUEL", "CEDULA___R": "1309152005", "BARRIO": "NUEVO MANTA", "PARROQUIA": "URBIMANTA", "COORDENADA": 530430.4914000001, "COORDENA_1": 9890609.721000001, "ÁREA___M2": 328.89, "VIVIENDA": "SI", "RIESGO": "NO" }, "geometry": { "type": "MultiPolygon", "coordinates": [ [ [ [ -80.726997099702444, -0.989860667911552, 0.0 ], [ -80.726938594267338, -0.989745502734116, 0.0 ], [ -80.726750564850803, -0.989859119371373, 0.0 ], [ -80.726805737761936, -0.989971259229123, 0.0 ], [ -80.726997099702444, -0.989860667911552, 0.0 ] ] ] ] } },
{ "type": "Feature", "properties": { "ID": 367, "ID_1": 367, "POSESIONAR": "GOBIERNO AUTONOMO DESCENTRALIZADO DE MANTA", "CEDULA___R": "1360000980001", "BARRIO": "NUEVO MANTA", "PARROQUIA": "URBIMANTA", "COORDENADA": 530436.4344, "COORDENA_1": 9890605.145, "ÁREA___M2": 177.12, "VIVIENDA": "NO", "RIESGO": "NO" }, "geometry": { "type": "MultiPolygon", "coordinates": [ [ [ [ -80.726938594267338, -0.989745502734116, 0.0 ], [ -80.726997099702444, -0.989860667911552, 0.0 ], [ -80.72723034344763, -0.989725883704215, 0.0 ], [ -80.727172422892338, -0.989604211929419, 0.0 ], [ -80.726938594267338, -0.989745502734116, 0.0 ] ] ] ] } },
{ "type": "Feature", "properties": { "ID": 363, "ID_1": 363, "POSESIONAR": "GOBIERNO AUTONOMO DESCENTRALIZADO DE MANTA", "CEDULA___R": "1360000980001", "BARRIO": "NUEVO MANTA", "PARROQUIA": "URBIMANTA", "COORDENADA": 530342.67, "COORDENA_1": 9890615.99, "ÁREA___M2": 300.82, "VIVIENDA": "SI", "RIESGO": "NO" }, "geometry": { "type": "MultiPolygon", "coordinates": [ [ [ [ -80.727370160676983, -0.989808469485407, 0.0 ], [ -80.727307018933644, -0.989681847432771, 0.0 ], [ -80.72723034344763, -0.989725883704232, 0.0 ], [ -80.727293739021079, -0.989852555256364, 0.0 ], [ -80.727370160676983, -0.989808469485407, 0.0 ] ] ] ] } },
{ "type": "Feature", "properties": { "ID": 360, "ID_1": 360, "POSESIONAR": "GOBIERNO AUTONOMO DESCENTRALIZADO DE MANTA", "CEDULA___R": "1360000980001", "BARRIO": "NUEVO MANTA", "PARROQUIA": "URBIMANTA", "COORDENADA": 530353.3113, "COORDENA_1": 9890592.182, "ÁREA___M2": 316.69, "VIVIENDA": "SI", "RIESGO": "NO" }, "geometry": { "type": "MultiPolygon", "coordinates": [ [ [ [ -80.726627162738851, -0.990237083756372, 0.0 ], [ -80.726627138866149, -0.990237100325822, 0.0 ], [ -80.726868148284893, -0.990098068008577, 0.0 ], [ -80.726682316023471, -0.989717078501719, 0.0 ], [ -80.726414890547431, -0.989934523500564, 0.0 ], [ -80.726627162738851, -0.990237083756372, 0.0 ] ] ] ] } },
{ "type": "Feature", "properties": { "ID": 315, "ID_1": 315, "POSESIONAR": "GOBIERNO AUTONOMO DESCENTRALIZADO DE MANTA", "CEDULA___R": "1360000980001", "BARRIO": "NUEVO MANTA", "PARROQUIA": "URBIMANTA", "COORDENADA": 530367.9859, "COORDENA_1": 9890528.637, "ÁREA___M2": 393.6, "VIVIENDA": "SI", "RIESGO": "NO" }, "geometry": { "type": "MultiPolygon", "coordinates": [ [ [ [ -80.72693868369339, -0.990576437006783, 0.0 ], [ -80.727015800272497, -0.99053359485767, 0.0 ], [ -80.72693740671275, -0.990373757107054, 0.0 ], [ -80.726852554088865, -0.990419972898006, 0.0 ], [ -80.72693868369339, -0.990576437006783, 0.0 ] ] ] ] } },
{ "type": "Feature", "properties": { "ID": 316, "ID_1": 316, "POSESIONAR": "ANDRADE ESTHER MARIA", "CEDULA___R": "1305336974", "BARRIO": "NUEVO MANTA", "PARROQUIA": "URBIMANTA", "COORDENADA": 530327.7648, "COORDENA_1": 9890550.444, "ÁREA___M2": 209.79, "VIVIENDA": "SI", "RIESGO": "NO" }, "geometry": { "type": "MultiPolygon", "coordinates": [ [ [ [ -80.726675187385297, -0.990313658469927, 0.0 ], [ -80.726768583753937, -0.990466807439459, 0.0 ], [ -80.726852857155407, -0.990419803862322, 0.0 ], [ -80.726937796392207, -0.990373563459855, 0.0 ], [ -80.726856103994692, -0.990209292197838, 0.0 ], [ -80.726675187385297, -0.990313658469927, 0.0 ] ] ] ] } },
{ "type": "Feature", "properties": { "ID": 317, "ID_1": 317, "POSESIONAR": "GOBIERNO AUTONOMO DESCENTRALIZADO DE MANTA", "CEDULA___R": "1360000980001", "BARRIO": "NUEVO MANTA", "PARROQUIA": "URBIMANTA", "COORDENADA": 530312.7908, "COORDENA_1": 9890553.847, "ÁREA___M2": 209.43, "VIVIENDA": "NO", "RIESGO": "NO" }, "geometry": { "type": "MultiPolygon", "coordinates": [ [ [ [ -80.727015800272497, -0.99053359485767, 0.0 ], [ -80.727015800272511, -0.99053359485767, 0.0 ], [ -80.72717318104111, -0.990446161892942, 0.0 ], [ -80.727094689131945, -0.990286401617675, 0.0 ], [ -80.726937308371006, -0.990373834580266, 0.0 ], [ -80.726959301355961, -0.99041839840956, 0.0 ], [ -80.727015800272497, -0.99053359485767, 0.0 ] ] ] ] } },
{ "type": "Feature", "properties": { "ID": 318, "ID_1": 318, "POSESIONAR": "GOBIERNO AUTONOMO DESCENTRALIZADO DE MANTA", "CEDULA___R": "1360000980001", "BARRIO": "NUEVO MANTA", "PARROQUIA": "URBIMANTA", "COORDENADA": 530317.458, "COORDENA_1": 9890563.245, "ÁREA___M2": 194.37, "VIVIENDA": "NO", "RIESGO": "NO" }, "geometry": { "type": "MultiPolygon", "coordinates": [ [ [ [ -80.727409252181261, -0.990315012427344, 0.0 ], [ -80.727495024691706, -0.990267361449328, 0.0 ], [ -80.727413455901811, -0.990109170585475, 0.0 ], [ -80.727331567834028, -0.990154852708951, 0.0 ], [ -80.727409252181261, -0.990315012427344, 0.0 ] ] ] ] } },
{ "type": "Feature", "properties": { "ID": 319, "ID_1": 319, "POSESIONAR": "VINCES IDROBO CIRILA YOLANDA", "CEDULA___R": "1309843801", "BARRIO": "NUEVO MANTA", "PARROQUIA": "URBIMANTA", "COORDENADA": 530336.8881, "COORDENA_1": 9890568.884, "ÁREA___M2": 221.29, "VIVIENDA": "SI", "RIESGO": "NO" }, "geometry": { "type": "MultiPolygon", "coordinates": [ [ [ [ -80.727643498044173, -0.990184876965255, 0.0 ], [ -80.727601187618887, -0.990094931418613, 0.0 ], [ -80.727449520563894, -0.990179112780007, 0.0 ], [ -80.72749502469172, -0.990267361449345, 0.0 ], [ -80.727643498044173, -0.990184876965255, 0.0 ] ] ] ] } },
{ "type": "Feature", "properties": { "ID": 320, "ID_1": 320, "POSESIONAR": "GOBIERNO AUTONOMO DESCENTRALIZADO DE MANTA", "CEDULA___R": "1360000980001", "BARRIO": "NUEVO MANTA", "PARROQUIA": "URBIMANTA", "COORDENADA": 530345.694, "COORDENA_1": 9890563.837, "ÁREA___M2": 206.96, "VIVIENDA": "NO", "RIESGO": "NO" }, "geometry": { "type": "MultiPolygon", "coordinates": [ [ [ [ -80.727562723597416, -0.990013162739882, 0.0 ], [ -80.727407595343905, -0.990099086560441, 0.0 ], [ -80.727413455901811, -0.990109170585475, 0.0 ], [ -80.727449520563894, -0.990179112780007, 0.0 ], [ -80.727601187618887, -0.990094931418613, 0.0 ], [ -80.727562723597416, -0.990013162739882, 0.0 ] ] ] ] } },
{ "type": "Feature", "properties": { "ID": 321, "ID_1": 321, "POSESIONAR": "PIONCE MORALES KETTY ALEXANDRA", "CEDULA___R": "1309376760", "BARRIO": "NUEVO MANTA", "PARROQUIA": "URBIMANTA", "COORDENADA": 530354.4033, "COORDENA_1": 9890558.97, "ÁREA___M2": 213.73, "VIVIENDA": "SI", "RIESGO": "NO" }, "geometry": { "type": "MultiPolygon", "coordinates": [ [ [ [ -80.727330845377679, -0.989935425665984, 0.0 ], [ -80.727248185215231, -0.989983110273223, 0.0 ], [ -80.727331567834028, -0.990154852708951, 0.0 ], [ -80.727413455901811, -0.990109170585475, 0.0 ], [ -80.727407595343905, -0.990099086560441, 0.0 ], [ -80.727367847693131, -0.990014926768482, 0.0 ], [ -80.727330845377679, -0.989935425665984, 0.0 ] ] ] ] } },
{ "type": "Feature", "properties": { "ID": 322, "ID_1": 322, "POSESIONAR": "TOALA PILLASAGUA ISIDRO SILVESTRE", "CEDULA___R": "1303757726", "BARRIO": "NUEVO MANTA", "PARROQUIA": "URBIMANTA", "COORDENADA": 530368.2185, "COORDENA_1": 9890550.837, "ÁREA___M2": 414.11, "VIVIENDA": "SI", "RIESGO": "NO" }, "geometry": { "type": "MultiPolygon", "coordinates": [ [ [ [ -80.727248185215231, -0.989983110273223, 0.0 ], [ -80.727248185215231, -0.989983110273223, 0.0 ], [ -80.727172543366734, -0.990026746185001, 0.0 ], [ -80.727252892296647, -0.99019856096532, 0.0 ], [ -80.727331567834028, -0.990154852708951, 0.0 ], [ -80.727248185215231, -0.989983110273223, 0.0 ] ] ] ] } },
{ "type": "Feature", "properties": { "ID": 324, "ID_1": 324, "POSESIONAR": "GOBIERNO AUTONOMO DESCENTRALIZADO DE MANTA", "CEDULA___R": "1360000980001", "BARRIO": "NUEVO MANTA", "PARROQUIA": "URBIMANTA", "COORDENADA": 530463.5956, "COORDENA_1": 9890524.721000001, "ÁREA___M2": 179.24, "VIVIENDA": "NO", "RIESGO": "NO" }, "geometry": { "type": "MultiPolygon", "coordinates": [ [ [ [ -80.727091442826293, -0.990073531077539, 0.0 ], [ -80.727091442826293, -0.990073531077539, 0.0 ], [ -80.726934700430235, -0.990163951871974, 0.0 ], [ -80.727015211848524, -0.990330555265017, 0.0 ], [ -80.727094689131945, -0.990286401617675, 0.0 ], [ -80.727173379509864, -0.990242685132678, 0.0 ], [ -80.727091442826293, -0.990073531077539, 0.0 ] ] ] ] } },
{ "type": "Feature", "properties": { "ID": 325, "ID_1": 325, "POSESIONAR": "MERO CEDEÑO ALICIA ALEJANDRA", "CEDULA___R": "1350820427", "BARRIO": "NUEVO MANTA", "PARROQUIA": "URBIMANTA", "COORDENADA": 530487.667, "COORDENA_1": 9890548.093, "ÁREA___M2": 995.57, "VIVIENDA": "SI", "RIESGO": "NO" }, "geometry": { "type": "MultiPolygon", "coordinates": [ [ [ [ -80.726934700430235, -0.990163951871974, 0.0 ], [ -80.726856103994692, -0.990209292197838, 0.0 ], [ -80.726937308371006, -0.990373834580266, 0.0 ], [ -80.727015211848524, -0.990330555265017, 0.0 ], [ -80.726934700430235, -0.990163951871974, 0.0 ] ] ] ] } },
{ "type": "Feature", "properties": { "ID": 326, "ID_1": 326, "POSESIONAR": "FIGUEROA NUNURA  JESSENIA ALEXANDRA", "CEDULA___R": "1310083884", "BARRIO": "NUEVO MANTA", "PARROQUIA": "URBIMANTA", "COORDENADA": 530473.3805, "COORDENA_1": 9890515.369000001, "ÁREA___M2": 145.99, "VIVIENDA": "SI", "RIESGO": "NO" }, "geometry": { "type": "MultiPolygon", "coordinates": [ [ [ [ -80.726275073930466, -0.990506388325643, 0.0 ], [ -80.726275073930623, -0.990506388325525, 0.0 ], [ -80.726168556905094, -0.99033905463602, 0.0 ], [ -80.726107594149639, -0.990378279659637, 0.0 ], [ -80.726213978352504, -0.990547853048276, 0.0 ], [ -80.726275073930466, -0.990506388325643, 0.0 ] ] ] ] } },
{ "type": "Feature", "properties": { "ID": 328, "ID_1": 328, "POSESIONAR": "MEZA SALVATIERRA  EDILIA MONSERRATE", "CEDULA___R": "1313514281", "BARRIO": "NUEVO MANTA", "PARROQUIA": "URBIMANTA", "COORDENADA": 530488.9672, "COORDENA_1": 9890503.003, "ÁREA___M2": 144.65, "VIVIENDA": "SI", "RIESGO": "NO" }, "geometry": { "type": "MultiPolygon", "coordinates": [ [ [ [ -80.726108171624389, -0.990619662603419, 0.0 ], [ -80.726176351607691, -0.99057339101767, 0.0 ], [ -80.726094273100529, -0.990446010606178, 0.0 ], [ -80.726032141358417, -0.990479820757176, 0.0 ], [ -80.726108171624389, -0.990619662603419, 0.0 ] ] ] ] } },
{ "type": "Feature", "properties": { "ID": 330, "ID_1": 330, "POSESIONAR": "MERO ALVIA PEDRO JULIO", "CEDULA___R": "1308295383", "BARRIO": "NUEVO MANTA", "PARROQUIA": "URBIMANTA", "COORDENADA": 530501.4561, "COORDENA_1": 9890531.319, "ÁREA___M2": 151.67, "VIVIENDA": "SI", "RIESGO": "NO" }, "geometry": { "type": "MultiPolygon", "coordinates": [ [ [ [ -80.725979459512331, -0.990567322871683, 0.0 ], [ -80.725979459512345, -0.990567322871683, 0.0 ], [ -80.725894210580037, -0.990606832778067, 0.0 ], [ -80.725953862946369, -0.990724389744193, 0.0 ], [ -80.726033659943909, -0.990670232640425, 0.0 ], [ -80.725979459512345, -0.990567322871683, 0.0 ], [ -80.725979459512331, -0.990567322871683, 0.0 ] ] ] ] } },
{ "type": "Feature", "properties": { "ID": 332, "ID_1": 332, "POSESIONAR": "QUIROZ REYES ROGER JAVIER", "CEDULA___R": "1350611958", "BARRIO": "NUEVO MANTA", "PARROQUIA": "URBIMANTA", "COORDENADA": 530506.6134, "COORDENA_1": 9890551.51, "ÁREA___M2": 228.09, "VIVIENDA": "SI", "RIESGO": "NO" }, "geometry": { "type": "MultiPolygon", "coordinates": [ [ [ [ -80.725820214424814, -0.990461008486528, 0.0 ], [ -80.72592878569364, -0.990395956582261, 0.0 ], [ -80.725907109853196, -0.990355814760229, 0.0 ], [ -80.725882811909059, -0.990310433745463, 0.0 ], [ -80.72577495225822, -0.990371810287935, 0.0 ], [ -80.725820214424814, -0.990461008486528, 0.0 ] ] ] ] } },
{ "type": "Feature", "properties": { "ID": 333, "ID_1": 333, "POSESIONAR": "GOBIERNO AUTONOMO DESCENTRALIZADO DE MANTA", "CEDULA___R": "1360000980001", "BARRIO": "NUEVO MANTA", "PARROQUIA": "URBIMANTA", "COORDENADA": 530511.4022, "COORDENA_1": 9890559.531, "ÁREA___M2": 197.82, "VIVIENDA": "NO", "RIESGO": "NO" }, "geometry": { "type": "MultiPolygon", "coordinates": [ [ [ [ -80.725747970246815, -0.990318636808268, 0.0 ], [ -80.725774952200027, -0.990371810173254, 0.0 ], [ -80.725882811909059, -0.990310433745463, 0.0 ], [ -80.725855298337777, -0.99025749620042, 0.0 ], [ -80.725747970246815, -0.990318636808268, 0.0 ] ] ] ] } },
{ "type": "Feature", "properties": { "ID": 334, "ID_1": 334, "POSESIONAR": "GOBIERNO AUTONOMO DESCENTRALIZADO DE MANTA", "CEDULA___R": "1360000980001", "BARRIO": "NUEVO MANTA", "PARROQUIA": "URBIMANTA", "COORDENADA": 530518.6492, "COORDENA_1": 9890569.477, "ÁREA___M2": 222.92, "VIVIENDA": "SI", "RIESGO": "NO" }, "geometry": { "type": "MultiPolygon", "coordinates": [ [ [ [ -80.725895187587, -0.990148873880551, 0.0 ], [ -80.725870027189202, -0.99011326415693, 0.0 ], [ -80.725694812006608, -0.990213877801754, 0.0 ], [ -80.725735702611189, -0.990294460964792, 0.0 ], [ -80.725920107722757, -0.990186093420811, 0.0 ], [ -80.725895187587, -0.990148873880551, 0.0 ] ] ] ] } },
{ "type": "Feature", "properties": { "ID": 335, "ID_1": 335, "POSESIONAR": "ALVIA BARCIA PAOLA NARCISA", "CEDULA___R": "1312551722", "BARRIO": "NUEVO MANTA", "PARROQUIA": "URBIMANTA", "COORDENADA": 530501.4576, "COORDENA_1": 9890577.604, "ÁREA___M2": 182.15, "VIVIENDA": "SI", "RIESGO": "NO" }, "geometry": { "type": "MultiPolygon", "coordinates": [ [ [ [ -80.725656993820252, -0.990139349454201, 0.0 ], [ -80.725694812006608, -0.990213877801754, 0.0 ], [ -80.725870027189202, -0.99011326415693, 0.0 ], [ -80.725824398003709, -0.990046888623919, 0.0 ], [ -80.725819595880949, -0.990049659815832, 0.0 ], [ -80.725819595880949, -0.990049659815849, 0.0 ], [ -80.725656993820252, -0.990139349454201, 0.0 ] ] ] ] } },
{ "type": "Feature", "properties": { "ID": 337, "ID_1": 337, "POSESIONAR": "GOBIERNO AUTONOMO DESCENTRALIZADO DE MANTA", "CEDULA___R": "1360000980001", "BARRIO": "NUEVO MANTA", "PARROQUIA": "URBIMANTA", "COORDENADA": 530434.719, "COORDENA_1": 9890509.5, "ÁREA___M2": 178.94, "VIVIENDA": "SI", "RIESGO": "NO" }, "geometry": { "type": "MultiPolygon", "coordinates": [ [ [ [ -80.725939689719155, -0.98997859083598, 0.0 ], [ -80.725879047495397, -0.989883157545397, 0.0 ], [ -80.725766971778839, -0.989951863238137, 0.0 ], [ -80.725811491505851, -0.990023180622186, 0.0 ], [ -80.725824449245081, -0.990046982749441, 0.0 ], [ -80.725939718164256, -0.989978635600312, 0.0 ], [ -80.725939689719155, -0.98997859083598, 0.0 ] ] ] ] } },
{ "type": "Feature", "properties": { "ID": 331, "ID_1": 331, "POSESIONAR": "NUNURA ARCENTALES VICENTA NARCISA", "CEDULA___R": "1304121500", "BARRIO": "NUEVO MANTA", "PARROQUIA": "URBIMANTA", "COORDENADA": 530505.4795, "COORDENA_1": 9890539.026000001, "ÁREA___M2": 90.73, "VIVIENDA": "SI", "RIESGO": "NO" }, "geometry": { "type": "MultiPolygon", "coordinates": [ [ [ [ -80.725833395130664, -0.990485822653152, 0.0 ], [ -80.725913919357694, -0.990438467023247, 0.0 ], [ -80.725955992919211, -0.990521185928676, 0.0 ], [ -80.726094273100529, -0.990446010606178, 0.0 ], [ -80.72600218582312, -0.990302664409699, 0.0 ], [ -80.725907109853196, -0.990355814760229, 0.0 ], [ -80.725928785429375, -0.990395956092849, 0.0 ], [ -80.725820214424814, -0.990461008486528, 0.0 ], [ -80.725833395130664, -0.990485822653152, 0.0 ] ] ] ] } },
{ "type": "Feature", "properties": { "ID": 343, "ID_1": 343, "POSESIONAR": "GOBIERNO AUTONOMO DESCENTRALIZADO DE MANTA", "CEDULA___R": "1360000980001", "BARRIO": "NUEVO MANTA", "PARROQUIA": "URBIMANTA", "COORDENADA": 530450.8576, "COORDENA_1": 9890465.88, "ÁREA___M2": 569.68, "VIVIENDA": "NO", "RIESGO": "SI" }, "geometry": { "type": "MultiPolygon", "coordinates": [ [ [ [ -80.726077235953795, -0.990947516164338, 0.0 ], [ -80.726077235953795, -0.990947516164338, 0.0 ], [ -80.726120523381127, -0.991027688220487, 0.0 ], [ -80.726275032797176, -0.99092403027534, 0.0 ], [ -80.726227289050598, -0.990845780969356, 0.0 ], [ -80.726077235953795, -0.990947516164338, 0.0 ] ] ] ] } },
{ "type": "Feature", "properties": { "ID": 295, "ID_1": 295, "POSESIONAR": "GOBIERNO AUTONOMO DESCENTRALIZADO DE MANTA", "CEDULA___R": "1360000980001", "BARRIO": "NUEVO MANTA", "PARROQUIA": "URBIMANTA", "COORDENADA": 530315.4486, "COORDENA_1": 9890523.594000001, "ÁREA___M2": 194.3, "VIVIENDA": "NO", "RIESGO": "NO" }, "geometry": { "type": "MultiPolygon", "coordinates": [ [ [ [ -80.727445402170062, -0.990817224096791, 0.0 ], [ -80.727527530810676, -0.990770428099982, 0.0 ], [ -80.727446449837529, -0.990602490673901, 0.0 ], [ -80.72736610606043, -0.990648205849657, 0.0 ], [ -80.727445402170062, -0.990817224096791, 0.0 ] ] ] ] } },
{ "type": "Feature", "properties": { "ID": 296, "ID_1": 296, "POSESIONAR": "CEDEÑO MOREIRA FRANCISCA TRINIDAD", "CEDULA___R": "1305979500", "BARRIO": "NUEVO MANTA", "PARROQUIA": "URBIMANTA", "COORDENADA": 530324.1467, "COORDENA_1": 9890518.638, "ÁREA___M2": 197.63, "VIVIENDA": "SI", "RIESGO": "NO" }, "geometry": { "type": "MultiPolygon", "coordinates": [ [ [ [ -80.727685530666278, -0.990680401508029, 0.0 ], [ -80.727836207310489, -0.99059454758883, 0.0 ], [ -80.727756429494704, -0.99042495208173, 0.0 ], [ -80.727599913093215, -0.990508637443136, 0.0 ], [ -80.727685530666278, -0.990680401508029, 0.0 ], [ -80.727685530666278, -0.990680401508029, 0.0 ] ] ] ] } },
{ "type": "Feature", "properties": { "ID": 297, "ID_1": 297, "POSESIONAR": "CUNALATA ACOSTA JENNY PATRICIA", "CEDULA___R": "0502348519", "BARRIO": "NUEVO MANTA", "PARROQUIA": "URBIMANTA", "COORDENADA": 530332.9127, "COORDENA_1": 9890513.533, "ÁREA___M2": 201.1, "VIVIENDA": "SI", "RIESGO": "NO" }, "geometry": { "type": "MultiPolygon", "coordinates": [ [ [ [ -80.72752465557717, -0.9903542365062, 0.0 ], [ -80.727445965198513, -0.990397953000111, 0.0 ], [ -80.72752348436272, -0.990558658441228, 0.0 ], [ -80.727599913093215, -0.990508637443136, 0.0 ], [ -80.72752465557717, -0.9903542365062, 0.0 ] ] ] ] } },
{ "type": "Feature", "properties": { "ID": 298, "ID_1": 298, "POSESIONAR": "MUENTES REYES DARWIN JACINTO", "CEDULA___R": "1312041807", "BARRIO": "NUEVO MANTA", "PARROQUIA": "URBIMANTA", "COORDENADA": 530296.6609, "COORDENA_1": 9890589.502, "ÁREA___M2": 521.89, "VIVIENDA": "SI", "RIESGO": "NO" }, "geometry": { "type": "MultiPolygon", "coordinates": [ [ [ [ -80.727445965198513, -0.990397953000111, 0.0 ], [ -80.727365701010527, -0.990442543821358, 0.0 ], [ -80.727446449837529, -0.990602490673901, 0.0 ], [ -80.72752348436272, -0.990558658441228, 0.0 ], [ -80.727445965198513, -0.990397953000111, 0.0 ] ] ] ] } },
{ "type": "Feature", "properties": { "ID": 299, "ID_1": 299, "POSESIONAR": "MUENTES REYES NAYRA ELIZABETH", "CEDULA___R": "1314732387", "BARRIO": "NUEVO MANTA", "PARROQUIA": "URBIMANTA", "COORDENADA": 530288.9899, "COORDENA_1": 9890574.215, "ÁREA___M2": 201.74, "VIVIENDA": "SI", "RIESGO": "SI" }, "geometry": { "type": "MultiPolygon", "coordinates": [ [ [ [ -80.727365701010527, -0.990442543821358, 0.0 ], [ -80.727286223724604, -0.990486697475162, 0.0 ], [ -80.72736610606043, -0.990648205849657, 0.0 ], [ -80.727446449837529, -0.990602490673901, 0.0 ], [ -80.727365701010541, -0.990442543821358, 0.0 ], [ -80.727365701010527, -0.990442543821358, 0.0 ] ] ] ] } },
{ "type": "Feature", "properties": { "ID": 342, "ID_1": 342, "POSESIONAR": "MACIAS PINARGOTE ANDREA ESTEFANIA", "CEDULA___R": "1313881854", "BARRIO": "NUEVO MANTA", "PARROQUIA": "URBIMANTA", "COORDENADA": 530465.7198, "COORDENA_1": 9890470.227, "ÁREA___M2": 205.82, "VIVIENDA": "SI", "RIESGO": "NO" }, "geometry": { "type": "MultiPolygon", "coordinates": [ [ [ [ -80.726132507135745, -0.99069043875075, 0.0 ], [ -80.726132507135759, -0.99069043875075, 0.0 ], [ -80.725990477608761, -0.990786832202333, 0.0 ], [ -80.726033397003874, -0.990866322637397, 0.0 ], [ -80.726179545305939, -0.990767531663269, 0.0 ], [ -80.726132507135745, -0.99069043875075, 0.0 ] ] ] ] } },
{ "type": "Feature", "properties": { "ID": 338, "ID_1": 338, "POSESIONAR": "ZAMBRANO CASTRO AMALIA AGUEDITA", "CEDULA___R": "1312384306", "BARRIO": "NUEVO MANTA", "PARROQUIA": "URBIMANTA", "COORDENADA": 530446.8999, "COORDENA_1": 9890501.256, "ÁREA___M2": 406.57, "VIVIENDA": "SI", "RIESGO": "NO" }, "geometry": { "type": "MultiPolygon", "coordinates": [ [ [ [ -80.72658933205004, -0.990380397985899, 0.0 ], [ -80.72643805072461, -0.990483070549073, 0.0 ], [ -80.726531622237644, -0.990636506737386, 0.0 ], [ -80.726682903569639, -0.990533834171148, 0.0 ], [ -80.72658933205004, -0.990380397985899, 0.0 ] ] ] ] } },
{ "type": "Feature", "properties": { "ID": 339, "ID_1": 339, "POSESIONAR": "GOBIERNO AUTONOMO DESCENTRALIZADO DE MANTA", "CEDULA___R": "1360000980001", "BARRIO": "NUEVO MANTA", "PARROQUIA": "URBIMANTA", "COORDENADA": 530452.5217, "COORDENA_1": 9890483.594000001, "ÁREA___M2": 457.43, "VIVIENDA": "NO", "RIESGO": "SI" }, "geometry": { "type": "MultiPolygon", "coordinates": [ [ [ [ -80.726531622237644, -0.990636506737386, 0.0 ], [ -80.72643805072461, -0.990483070549073, 0.0 ], [ -80.726370980183603, -0.990528590401581, 0.0 ], [ -80.726464551693709, -0.990682026591252, 0.0 ], [ -80.726531622237644, -0.990636506737386, 0.0 ] ] ] ] } },
{ "type": "Feature", "properties": { "ID": 340, "ID_1": 340, "POSESIONAR": "GOBIERNO AUTONOMO DESCENTRALIZADO DE MANTA", "CEDULA___R": "1360000980001", "BARRIO": "NUEVO MANTA", "PARROQUIA": "URBIMANTA", "COORDENADA": 530475.8222000001, "COORDENA_1": 9890488.001, "ÁREA___M2": 192.71, "VIVIENDA": "NO", "RIESGO": "SI" }, "geometry": { "type": "MultiPolygon", "coordinates": [ [ [ [ -80.726464551693709, -0.990682026591252, 0.0 ], [ -80.726370980183546, -0.99052859040148, 0.0 ], [ -80.726218953617959, -0.990631768726944, 0.0 ], [ -80.726313029927368, -0.990785954574926, 0.0 ], [ -80.726464551693709, -0.990682026591252, 0.0 ] ] ] ] } },
{ "type": "Feature", "properties": { "ID": 346, "ID_1": 346, "POSESIONAR": "GOBIERNO AUTONOMO DESCENTRALIZADO DE MANTA", "CEDULA___R": "1360000980001", "BARRIO": "NUEVO MANTA", "PARROQUIA": "URBIMANTA", "COORDENADA": 530376.0014, "COORDENA_1": 9890431.233, "ÁREA___M2": 399.17, "VIVIENDA": "SI", "RIESGO": "NO" }, "geometry": { "type": "MultiPolygon", "coordinates": [ [ [ [ -80.726174172631644, -0.991127051264206, 0.0 ], [ -80.726345323107978, -0.991444036689841, 0.0 ], [ -80.726658976385352, -0.9912653206735, 0.0 ], [ -80.72657649267353, -0.99110445910516, 0.0 ], [ -80.726492773559229, -0.990944239380289, 0.0 ], [ -80.726174172631644, -0.991127051264206, 0.0 ] ] ] ] } },
{ "type": "Feature", "properties": { "ID": 347, "ID_1": 347, "POSESIONAR": "GOBIERNO AUTONOMO DESCENTRALIZADO DE MANTA", "CEDULA___R": "1360000980001", "BARRIO": "NUEVO MANTA", "PARROQUIA": "URBIMANTA", "COORDENADA": 530389.1404, "COORDENA_1": 9890423.794, "ÁREA___M2": 203.58, "VIVIENDA": "NO", "RIESGO": "NO" }, "geometry": { "type": "MultiPolygon", "coordinates": [ [ [ [ -80.726892646736644, -0.99091921885713, 0.0 ], [ -80.726868354419139, -0.990871816675212, 0.0 ], [ -80.726759591822599, -0.990659585598167, 0.0 ], [ -80.726682903569639, -0.990533834171148, 0.0 ], [ -80.726531622237644, -0.990636506737386, 0.0 ], [ -80.726464551693709, -0.990682026591252, 0.0 ], [ -80.726390281286498, -0.990732979019638, 0.0 ], [ -80.726492773559229, -0.990944239380289, 0.0 ], [ -80.726576465520694, -0.991104406151081, 0.0 ], [ -80.726892646736644, -0.99091921885713, 0.0 ] ] ] ] } },
{ "type": "Feature", "properties": { "ID": 291, "ID_1": 291, "POSESIONAR": "TUAREZ ALAVA ZOILA VIRMANIA", "CEDULA___R": "1307772077", "BARRIO": "NUEVO MANTA", "PARROQUIA": "URBIMANTA", "COORDENADA": 530303.0736, "COORDENA_1": 9890473.209000001, "ÁREA___M2": 185.1, "VIVIENDA": "SI", "RIESGO": "NO" }, "geometry": { "type": "MultiPolygon", "coordinates": [ [ [ [ -80.72791323684541, -0.990758300656133, 0.0 ], [ -80.727874773683268, -0.990676533829087, 0.0 ], [ -80.727718338185511, -0.990765669079153, 0.0 ], [ -80.727756603437228, -0.990846931876564, 0.0 ], [ -80.72791323684541, -0.990758300656133, 0.0 ] ] ] ] } },
{ "type": "Feature", "properties": { "ID": 290, "ID_1": 290, "POSESIONAR": "CASTRO SALVATIERRA GERMAN VICENTE", "CEDULA___R": "1307567048", "BARRIO": "NUEVO MANTA", "PARROQUIA": "URBIMANTA", "COORDENADA": 530294.1233, "COORDENA_1": 9890478.045, "ÁREA___M2": 198.95, "VIVIENDA": "SI", "RIESGO": "NO" }, "geometry": { "type": "MultiPolygon", "coordinates": [ [ [ [ -80.727949778545437, -0.990835982744435, 0.0 ], [ -80.72791323684541, -0.990758300656133, 0.0 ], [ -80.727756603437243, -0.990846931876564, 0.0 ], [ -80.727793042321977, -0.990924567971372, 0.0 ], [ -80.727949778545437, -0.990835982744435, 0.0 ] ] ] ] } },
{ "type": "Feature", "properties": { "ID": 289, "ID_1": 289, "POSESIONAR": "GONZALEZ CHOEZ JULIA JUDITH", "CEDULA___R": "1307843654", "BARRIO": "NUEVO MANTA", "PARROQUIA": "URBIMANTA", "COORDENADA": 530282.9019000001, "COORDENA_1": 9890489.698000001, "ÁREA___M2": 198.85, "VIVIENDA": "SI", "RIESGO": "NO" }, "geometry": { "type": "MultiPolygon", "coordinates": [ [ [ [ -80.728021841717265, -0.990989178063106, 0.0 ], [ -80.727949778545437, -0.990835982744435, 0.0 ], [ -80.727871410434574, -0.990880275359124, 0.0 ], [ -80.727944061868115, -0.991034515561042, 0.0 ], [ -80.728021841717265, -0.990989178063106, 0.0 ] ] ] ] } },
{ "type": "Feature", "properties": { "ID": 292, "ID_1": 292, "POSESIONAR": "GOBIERNO AUTONOMO DESCENTRALIZADO DE MANTA", "CEDULA___R": "1360000980001", "BARRIO": "NUEVO MANTA", "PARROQUIA": "URBIMANTA", "COORDENADA": 530311.1953, "COORDENA_1": 9890468.577, "ÁREA___M2": 178.5, "VIVIENDA": "NO", "RIESGO": "NO" }, "geometry": { "type": "MultiPolygon", "coordinates": [ [ [ [ -80.727793042172749, -0.990924568056629, 0.0 ], [ -80.727718338185511, -0.990765669079153, 0.0 ], [ -80.727636209546404, -0.990812465081501, 0.0 ], [ -80.727712727252296, -0.990968120025422, 0.0 ], [ -80.727793042172749, -0.990924568056629, 0.0 ] ] ] ] } },
{ "type": "Feature", "properties": { "ID": 293, "ID_1": 293, "POSESIONAR": "GOBIERNO AUTONOMO DESCENTRALIZADO DE MANTA", "CEDULA___R": "1360000980001", "BARRIO": "NUEVO MANTA", "PARROQUIA": "URBIMANTA", "COORDENADA": 530323.9902, "COORDENA_1": 9890495.432, "ÁREA___M2": 213.93, "VIVIENDA": "SI", "RIESGO": "NO" }, "geometry": { "type": "MultiPolygon", "coordinates": [ [ [ [ -80.727712727252296, -0.990968120025422, 0.0 ], [ -80.727636209546404, -0.990812465081501, 0.0 ], [ -80.72756190268079, -0.990854804319391, 0.0 ], [ -80.727632791003359, -0.991009482969706, 0.0 ], [ -80.72771272725231, -0.990968120025422, 0.0 ], [ -80.727712727252296, -0.990968120025422, 0.0 ] ] ] ] } },
{ "type": "Feature", "properties": { "ID": 294, "ID_1": 294, "POSESIONAR": "PEÑAFIEL PIN YANDRY RUBEN", "CEDULA___R": "1316688652", "BARRIO": "NUEVO MANTA", "PARROQUIA": "URBIMANTA", "COORDENADA": 530293.45, "COORDENA_1": 9890512.81, "ÁREA___M2": 408.6, "VIVIENDA": "SI", "RIESGO": "NO" }, "geometry": { "type": "MultiPolygon", "coordinates": [ [ [ [ -80.727632791003344, -0.991009482969706, 0.0 ], [ -80.72756190268079, -0.990854804319391, 0.0 ], [ -80.727485249280917, -0.990898480583541, 0.0 ], [ -80.727561096173545, -0.991050953764277, 0.0 ], [ -80.727632791003344, -0.991009482969706, 0.0 ], [ -80.727632791003344, -0.991009482969706, 0.0 ] ] ] ] } },
{ "type": "Feature", "properties": { "ID": 286, "ID_1": 286, "POSESIONAR": "GOBIERNO AUTONOMO DESCENTRALIZADO DE MANTA", "CEDULA___R": "1360000980001", "BARRIO": "NUEVO MANTA", "PARROQUIA": "URBIMANTA", "COORDENADA": 530277.024, "COORDENA_1": 9890465.605, "ÁREA___M2": 188.97, "VIVIENDA": "NO", "RIESGO": "NO" }, "geometry": { "type": "MultiPolygon", "coordinates": [ [ [ [ -80.727788502164472, -0.991125190549562, 0.0 ], [ -80.727788502164472, -0.991125190549562, 0.0 ], [ -80.727712727252239, -0.990968120025287, 0.0 ], [ -80.727632791003359, -0.991009482969706, 0.0 ], [ -80.727710722309979, -0.99117052804018, 0.0 ], [ -80.727788502164472, -0.991125190549562, 0.0 ] ] ] ] } },
{ "type": "Feature", "properties": { "ID": 285, "ID_1": 285, "POSESIONAR": "GOBIERNO AUTONOMO DESCENTRALIZADO DE MANTA", "CEDULA___R": "1360000980001", "BARRIO": "NUEVO MANTA", "PARROQUIA": "URBIMANTA", "COORDENADA": 530285.7798, "COORDENA_1": 9890460.687000001, "ÁREA___M2": 192.67, "VIVIENDA": "NO", "RIESGO": "NO" }, "geometry": { "type": "MultiPolygon", "coordinates": [ [ [ [ -80.727710722309979, -0.99117052804018, 0.0 ], [ -80.727632791003344, -0.991009482969706, 0.0 ], [ -80.727484725592333, -0.991095129173639, 0.0 ], [ -80.727568385171665, -0.991253495641663, 0.0 ], [ -80.727710722309979, -0.99117052804018, 0.0 ] ] ] ] } },
{ "type": "Feature", "properties": { "ID": 284, "ID_1": 284, "POSESIONAR": "GOBIERNO AUTONOMO DESCENTRALIZADO DE MANTA", "CEDULA___R": "1360000980001", "BARRIO": "NUEVO MANTA", "PARROQUIA": "URBIMANTA", "COORDENADA": 530294.6002, "COORDENA_1": 9890455.927, "ÁREA___M2": 195.22, "VIVIENDA": "SI", "RIESGO": "NO" }, "geometry": { "type": "MultiPolygon", "coordinates": [ [ [ [ -80.727568385171665, -0.991253495641663, 0.0 ], [ -80.727568385171651, -0.991253495641646, 0.0 ], [ -80.727484725592333, -0.991095129173639, 0.0 ], [ -80.727397444925998, -0.991145615352894, 0.0 ], [ -80.727481271728891, -0.991304273623245, 0.0 ], [ -80.727568385171665, -0.991253495641663, 0.0 ] ] ] ] } },
{ "type": "Feature", "properties": { "ID": 283, "ID_1": 283, "POSESIONAR": "GOBIERNO AUTONOMO DESCENTRALIZADO DE MANTA", "CEDULA___R": "1360000980001", "BARRIO": "NUEVO MANTA", "PARROQUIA": "URBIMANTA", "COORDENADA": 530307.0365, "COORDENA_1": 9890448.814, "ÁREA___M2": 368.94, "VIVIENDA": "NO", "RIESGO": "NO" }, "geometry": { "type": "MultiPolygon", "coordinates": [ [ [ [ -80.727481271728877, -0.991304273623245, 0.0 ], [ -80.727481271728891, -0.991304273623245, 0.0 ], [ -80.727397444925998, -0.991145615352894, 0.0 ], [ -80.727324191507904, -0.991187987679546, 0.0 ], [ -80.727404269665996, -0.991349157729416, 0.0 ], [ -80.727481271728877, -0.991304273623245, 0.0 ] ] ] ] } },
{ "type": "Feature", "properties": { "ID": 348, "ID_1": 348, "POSESIONAR": "MACIAS ANDRADE SILVANA GABRIELA", "CEDULA___R": "1314728831", "BARRIO": "NUEVO MANTA", "PARROQUIA": "URBIMANTA", "COORDENADA": 530397.9303, "COORDENA_1": 9890418.818, "ÁREA___M2": 199.56, "VIVIENDA": "SI", "RIESGO": "NO" }, "geometry": { "type": "MultiPolygon", "coordinates": [ [ [ [ -80.727096064924069, -0.991327674277373, 0.0 ], [ -80.727018353154861, -0.991164512789333, 0.0 ], [ -80.726861917618919, -0.991253647985668, 0.0 ], [ -80.726939673153424, -0.991416887224873, 0.0 ], [ -80.727096064924069, -0.991327674277373, 0.0 ] ] ] ] } },
{ "type": "Feature", "properties": { "ID": 352, "ID_1": 352, "POSESIONAR": "MANTUANO ANCHUNDIA SEBASTIAN ABAD", "CEDULA___R": "1306291715", "BARRIO": "NUEVO MANTA", "PARROQUIA": "URBIMANTA", "COORDENADA": 530445.757, "COORDENA_1": 9890391.694, "ÁREA___M2": 400.9, "VIVIENDA": "SI", "RIESGO": "NO" }, "geometry": { "type": "MultiPolygon", "coordinates": [ [ [ [ -80.726546699992824, -0.991433255376443, 0.0 ], [ -80.726468482215211, -0.99147782296103, 0.0 ], [ -80.726545360009993, -0.991641674218246, 0.0 ], [ -80.726623555057188, -0.991597066229837, 0.0 ], [ -80.726546699992824, -0.991433255376443, 0.0 ] ] ] ] } },
{ "type": "Feature", "properties": { "ID": 354, "ID_1": 354, "POSESIONAR": "GOBIERNO AUTONOMO DESCENTRALIZADO DE MANTA", "CEDULA___R": "1360000980001", "BARRIO": "NUEVO MANTA", "PARROQUIA": "URBIMANTA", "COORDENADA": 530384.8542, "COORDENA_1": 9890345.616, "ÁREA___M2": 204.4, "VIVIENDA": "NO", "RIESGO": "NO" }, "geometry": { "type": "MultiPolygon", "coordinates": [ [ [ [ -80.726470435923105, -0.991684416215597, 0.0 ], [ -80.726390264435864, -0.991522390543143, 0.0 ], [ -80.726234604772159, -0.991611083601173, 0.0 ], [ -80.726312320859719, -0.99177461621831, 0.0 ], [ -80.726470435923105, -0.991684416215597, 0.0 ] ] ] ] } },
{ "type": "Feature", "properties": { "ID": 349, "ID_1": 349, "POSESIONAR": "TOALA REYNA MARGARITA", "CEDULA___R": "1304277575", "BARRIO": "NUEVO MANTA", "PARROQUIA": "URBIMANTA", "COORDENADA": 530406.6026, "COORDENA_1": 9890413.887, "ÁREA___M2": 198.61, "VIVIENDA": "SI", "RIESGO": "NO" }, "geometry": { "type": "MultiPolygon", "coordinates": [ [ [ [ -80.726861917618919, -0.991253647985668, 0.0 ], [ -80.726782135492897, -0.991299106932026, 0.0 ], [ -80.726859847318693, -0.991462268384206, 0.0 ], [ -80.72693967315341, -0.991416887224873, 0.0 ], [ -80.726861917618919, -0.991253647985668, 0.0 ] ] ] ] } },
{ "type": "Feature", "properties": { "ID": 350, "ID_1": 350, "POSESIONAR": "GOBIERNO AUTONOMO DESCENTRALIZADO DE MANTA", "CEDULA___R": "1360000980001", "BARRIO": "NUEVO MANTA", "PARROQUIA": "URBIMANTA", "COORDENADA": 530424.1716, "COORDENA_1": 9890403.953, "ÁREA___M2": 199.71, "VIVIENDA": "SI", "RIESGO": "NO" }, "geometry": { "type": "MultiPolygon", "coordinates": [ [ [ [ -80.726703917720542, -0.991343674523989, 0.0 ], [ -80.72678165220546, -0.991506876415417, 0.0 ], [ -80.726859858726797, -0.991462288825261, 0.0 ], [ -80.726782135492897, -0.991299106932026, 0.0 ], [ -80.726703917720542, -0.991343674523989, 0.0 ] ] ] ] } },
{ "type": "Feature", "properties": { "ID": 353, "ID_1": 353, "POSESIONAR": "GOBIERNO AUTONOMO DESCENTRALIZADO DE MANTA", "CEDULA___R": "1360000980001", "BARRIO": "NUEVO MANTA", "PARROQUIA": "URBIMANTA", "COORDENADA": 530376.2497, "COORDENA_1": 9890350.712, "ÁREA___M2": 205.14, "VIVIENDA": "SI", "RIESGO": "NO" }, "geometry": { "type": "MultiPolygon", "coordinates": [ [ [ [ -80.726468482215211, -0.99147782296103, 0.0 ], [ -80.726390264435864, -0.991522390543143, 0.0 ], [ -80.726470435923105, -0.991684416215597, 0.0 ], [ -80.726545360009993, -0.991641674218246, 0.0 ], [ -80.726468482215211, -0.99147782296103, 0.0 ] ] ] ] } },
{ "type": "Feature", "properties": { "ID": 288, "ID_1": 288, "POSESIONAR": "GOBIERNO AUTONOMO DESCENTRALIZADO DE MANTA", "CEDULA___R": "1360000980001", "BARRIO": "NUEVO MANTA", "PARROQUIA": "URBIMANTA", "COORDENADA": 530278.744, "COORDENA_1": 9890480.897, "ÁREA___M2": 189.32, "VIVIENDA": "NO", "RIESGO": "NO" }, "geometry": { "type": "MultiPolygon", "coordinates": [ [ [ [ -80.727792983253991, -0.990924442733602, 0.0 ], [ -80.727866282017189, -0.991079853056521, 0.0 ], [ -80.727944061868115, -0.991034515561042, 0.0 ], [ -80.727871413033384, -0.990880273890309, 0.0 ], [ -80.727792983253991, -0.990924442733602, 0.0 ] ] ] ] } },
{ "type": "Feature", "properties": { "ID": 287, "ID_1": 287, "POSESIONAR": "GOBIERNO AUTONOMO DESCENTRALIZADO DE MANTA", "CEDULA___R": "1360000980001", "BARRIO": "NUEVO MANTA", "PARROQUIA": "URBIMANTA", "COORDENADA": 530268.3358, "COORDENA_1": 9890470.556, "ÁREA___M2": 187.46, "VIVIENDA": "SI", "RIESGO": "NO" }, "geometry": { "type": "MultiPolygon", "coordinates": [ [ [ [ -80.727866282017189, -0.991079853056521, 0.0 ], [ -80.727793042172749, -0.990924568056629, 0.0 ], [ -80.72771272725231, -0.990968120025422, 0.0 ], [ -80.727788502164472, -0.991125190549562, 0.0 ], [ -80.727866282017189, -0.991079853056521, 0.0 ] ] ] ] } },
{ "type": "Feature", "properties": { "ID": 302, "ID_1": 302, "POSESIONAR": "MENOSCAL REYES BETTY ANGELA", "CEDULA___R": "1308738960", "BARRIO": "NUEVO MANTA", "PARROQUIA": "URBIMANTA", "COORDENADA": 530276.4188, "COORDENA_1": 9890551.274, "ÁREA___M2": 208.63, "VIVIENDA": "SI", "RIESGO": "SI" }, "geometry": { "type": "MultiPolygon", "coordinates": [ [ [ [ -80.727888006438647, -0.990018016890734, 0.0 ], [ -80.727865688145982, -0.989978753697459, 0.0 ], [ -80.727697275610183, -0.990087792253707, 0.0 ], [ -80.727716122982528, -0.990127858906061, 0.0 ], [ -80.727888006438647, -0.990018016890734, 0.0 ] ] ] ] } },
{ "type": "Feature", "properties": { "ID": 301, "ID_1": 301, "POSESIONAR": "REYES MURILLO MARIA MARGARITA", "CEDULA___R": "1303981730", "BARRIO": "NUEVO MANTA", "PARROQUIA": "URBIMANTA", "COORDENADA": 530281.249, "COORDENA_1": 9890560.715, "ÁREA___M2": 282.11, "VIVIENDA": "SI", "RIESGO": "SI" }, "geometry": { "type": "MultiPolygon", "coordinates": [ [ [ [ -80.727659965506788, -0.990008476635814, 0.0 ], [ -80.727697275610183, -0.990087792253707, 0.0 ], [ -80.727865688145926, -0.989978753697493, 0.0 ], [ -80.727826407951909, -0.989909650477347, 0.0 ], [ -80.727659965506788, -0.990008476635814, 0.0 ] ] ] ] } },
{ "type": "Feature", "properties": { "ID": 300, "ID_1": 300, "POSESIONAR": "MUENTES REYES DAYANNA CAROLINA", "CEDULA___R": "1317020335", "BARRIO": "NUEVO MANTA", "PARROQUIA": "URBIMANTA", "COORDENADA": 530285.5374, "COORDENA_1": 9890568.053, "ÁREA___M2": 110.64, "VIVIENDA": "SI", "RIESGO": "SI" }, "geometry": { "type": "MultiPolygon", "coordinates": [ [ [ [ -80.72771848660517, -0.989711266398118, 0.0 ], [ -80.727562266892022, -0.989800784193253, 0.0 ], [ -80.727659965506803, -0.990008476635814, 0.0 ], [ -80.727826407951909, -0.989909650477347, 0.0 ], [ -80.72771848660517, -0.989711266398118, 0.0 ] ] ] ] } },
{ "type": "Feature", "properties": { "ID": 308, "ID_1": 308, "POSESIONAR": "GOROZABEL ANDRADE RAMON ULISES", "CEDULA___R": "1300959788", "BARRIO": "NUEVO MANTA", "PARROQUIA": "URBIMANTA", "COORDENADA": 530323.896, "COORDENA_1": 9890637.692, "ÁREA___M2": 209.77, "VIVIENDA": "SI", "RIESGO": "SI" }, "geometry": { "type": "MultiPolygon", "coordinates": [ [ [ [ -80.728144227823933, -0.991037944609533, 0.0 ], [ -80.728215770944161, -0.991190034351908, 0.0 ], [ -80.728323051924107, -0.9911434340993, 0.0 ], [ -80.728262608099286, -0.99097687376889, 0.0 ], [ -80.728144227823933, -0.991037944609533, 0.0 ] ] ] ] } },
{ "type": "Feature", "properties": { "ID": 307, "ID_1": 307, "POSESIONAR": "GOBIERNO AUTONOMO DESCENTRALIZADO DE MANTA", "CEDULA___R": "1360000980001", "BARRIO": "NUEVO MANTA", "PARROQUIA": "URBIMANTA", "COORDENADA": 530298.1924000001, "COORDENA_1": 9890627.601, "ÁREA___M2": 1166.25, "VIVIENDA": "SI", "RIESGO": "SI" }, "geometry": { "type": "MultiPolygon", "coordinates": [ [ [ [ -80.728086531615702, -0.99091529127861, 0.0 ], [ -80.728144227823933, -0.991037944609533, 0.0 ], [ -80.728262608099286, -0.99097687376889, 0.0 ], [ -80.72823286334787, -0.990841735778873, 0.0 ], [ -80.728086531615702, -0.99091529127861, 0.0 ] ] ] ] } },
{ "type": "Feature", "properties": { "ID": 305, "ID_1": 305, "POSESIONAR": "GOBIERNO AUTONOMO DESCENTRALIZADO DE MANTA", "CEDULA___R": "1360000980001", "BARRIO": "NUEVO MANTA", "PARROQUIA": "URBIMANTA", "COORDENADA": 530242.306, "COORDENA_1": 9890469.918, "ÁREA___M2": 246.0, "VIVIENDA": "NO", "RIESGO": "SI" }, "geometry": { "type": "MultiPolygon", "coordinates": [ [ [ [ -80.727833822907115, -0.990378071060906, 0.0 ], [ -80.72802637986868, -0.99026144869803, 0.0 ], [ -80.727986206937203, -0.990190774950329, 0.0 ], [ -80.727793051036528, -0.990291396262678, 0.0 ], [ -80.727833822907115, -0.990378071060906, 0.0 ] ] ] ] } },
{ "type": "Feature", "properties": { "ID": 304, "ID_1": 304, "POSESIONAR": "GOBIERNO AUTONOMO DESCENTRALIZADO DE MANTA", "CEDULA___R": "1360000980001", "BARRIO": "NUEVO MANTA", "PARROQUIA": "URBIMANTA", "COORDENADA": 530246.1829, "COORDENA_1": 9890480.343, "ÁREA___M2": 141.45, "VIVIENDA": "SI", "RIESGO": "SI" }, "geometry": { "type": "MultiPolygon", "coordinates": [ [ [ [ -80.727793051036528, -0.990291396262678, 0.0 ], [ -80.727986206937203, -0.990190774950329, 0.0 ], [ -80.727943802172391, -0.990116174873774, 0.0 ], [ -80.727762279814229, -0.990225981320014, 0.0 ], [ -80.727793051036528, -0.990291396262678, 0.0 ] ] ] ] } },
{ "type": "Feature", "properties": { "ID": 271, "ID_1": 271, "POSESIONAR": "GOBIERNO AUTONOMO DESCENTRALIZADO DE MANTA", "CEDULA___R": "1360000980001", "BARRIO": "NUEVO MANTA", "PARROQUIA": "URBIMANTA", "COORDENADA": 530233.1164000001, "COORDENA_1": 9890376.231000001, "ÁREA___M2": 196.02, "VIVIENDA": "SI", "RIESGO": "NO" }, "geometry": { "type": "MultiPolygon", "coordinates": [ [ [ [ -80.727650473331593, -0.992247937662491, 0.0 ], [ -80.727790411221818, -0.992166215750571, 0.0 ], [ -80.727713877439058, -0.992002491047518, 0.0 ], [ -80.727573939555825, -0.992084212957652, 0.0 ], [ -80.727650473331593, -0.992247937662491, 0.0 ] ] ] ] } },
{ "type": "Feature", "properties": { "ID": 274, "ID_1": 274, "POSESIONAR": "GUERRERO VEGA JOSE VICENTE", "CEDULA___R": "0915959340", "BARRIO": "NUEVO MANTA", "PARROQUIA": "URBIMANTA", "COORDENADA": 530285.0861, "COORDENA_1": 9890403.929, "ÁREA___M2": 425.76, "VIVIENDA": "SI", "RIESGO": "NO" }, "geometry": { "type": "MultiPolygon", "coordinates": [ [ [ [ -80.72833927866877, -0.991845684175265, 0.0 ], [ -80.728406324715721, -0.991806530128701, 0.0 ], [ -80.728330935175151, -0.991646263517014, 0.0 ], [ -80.72826508801981, -0.991685258645143, 0.0 ], [ -80.728339278668756, -0.991845684175265, 0.0 ], [ -80.72833927866877, -0.991845684175265, 0.0 ] ] ] ] } },
{ "type": "Feature", "properties": { "ID": 251, "ID_1": 251, "POSESIONAR": "GOBIERNO AUTONOMO DESCENTRALIZADO DE MANTA", "CEDULA___R": "1360000980001", "BARRIO": "NUEVO MANTA", "PARROQUIA": "URBIMANTA", "COORDENADA": 530637.81, "COORDENA_1": 9890369.92, "ÁREA___M2": 189.83, "VIVIENDA": "NO", "RIESGO": "SI" }, "geometry": { "type": "MultiPolygon", "coordinates": [ [ [ [ -80.728330935175151, -0.991646263517014, 0.0 ], [ -80.728292471125997, -0.991564494837641, 0.0 ], [ -80.728144944652115, -0.991647427920013, 0.0 ], [ -80.728187126660217, -0.991731442977471, 0.0 ], [ -80.728330935175151, -0.991646263517014, 0.0 ] ] ] ] } },
{ "type": "Feature", "properties": { "ID": 276, "ID_1": 276, "POSESIONAR": "GOBIERNO AUTONOMO DESCENTRALIZADO DE MANTA", "CEDULA___R": "1360000980001", "BARRIO": "NUEVO MANTA", "PARROQUIA": "URBIMANTA", "COORDENADA": 530263.4534, "COORDENA_1": 9890416.26, "ÁREA___M2": 192.81, "VIVIENDA": "SI", "RIESGO": "NO" }, "geometry": { "type": "MultiPolygon", "coordinates": [ [ [ [ -80.727673067875543, -0.991502620593642, 0.0 ], [ -80.727755016833257, -0.991666711443461, 0.0 ], [ -80.72791917415492, -0.991572941837983, 0.0 ], [ -80.727837225189035, -0.991408850990553, 0.0 ], [ -80.727673067875543, -0.991502620593642, 0.0 ] ] ] ] } },
{ "type": "Feature", "properties": { "ID": 278, "ID_1": 278, "POSESIONAR": "GOBIERNO AUTONOMO DESCENTRALIZADO DE MANTA", "CEDULA___R": "1360000980001", "BARRIO": "NUEVO MANTA", "PARROQUIA": "URBIMANTA", "COORDENADA": 530272.778, "COORDENA_1": 9890434.184, "ÁREA___M2": 195.57, "VIVIENDA": "NO", "RIESGO": "NO" }, "geometry": { "type": "MultiPolygon", "coordinates": [ [ [ [ -80.727909820358391, -0.991367142159739, 0.0 ], [ -80.727997344305365, -0.991528289641076, 0.0 ], [ -80.728070824245208, -0.991486316573777, 0.0 ], [ -80.727984882129391, -0.991324308760234, 0.0 ], [ -80.727909820358391, -0.991367142159739, 0.0 ] ] ] ] } },
{ "type": "Feature", "properties": { "ID": 280, "ID_1": 280, "POSESIONAR": "ZAMBRANO TORRES BYRON JAVIER", "CEDULA___R": "1311848087", "BARRIO": "NUEVO MANTA", "PARROQUIA": "URBIMANTA", "COORDENADA": 530332.3023, "COORDENA_1": 9890400.022, "ÁREA___M2": 145.64, "VIVIENDA": "SI", "RIESGO": "NO" }, "geometry": { "type": "MultiPolygon", "coordinates": [ [ [ [ -80.727906433471148, -0.99116099522003, 0.0 ], [ -80.727828653616541, -0.991206332713606, 0.0 ], [ -80.727909820358391, -0.991367142159739, 0.0 ], [ -80.727984882129391, -0.991324308760234, 0.0 ], [ -80.727906433471148, -0.991160995220013, 0.0 ], [ -80.727906433471148, -0.99116099522003, 0.0 ] ] ] ] } },
{ "type": "Feature", "properties": { "ID": 281, "ID_1": 281, "POSESIONAR": "POSLIGUA PALMA MARTHA ASUNCIÓN", "CEDULA___R": "1308048907", "BARRIO": "NUEVO MANTA", "PARROQUIA": "URBIMANTA", "COORDENADA": 530329.0831, "COORDENA_1": 9890436.392000001, "ÁREA___M2": 191.71, "VIVIENDA": "SI", "RIESGO": "NO" }, "geometry": { "type": "MultiPolygon", "coordinates": [ [ [ [ -80.72775514652173, -0.991455735800037, 0.0 ], [ -80.727674649499136, -0.991296100943731, 0.0 ], [ -80.727519089777516, -0.991386775913952, 0.0 ], [ -80.727598553118156, -0.991548218812647, 0.0 ], [ -80.727673067875543, -0.991502620593642, 0.0 ], [ -80.727755146533255, -0.991455735793449, 0.0 ], [ -80.72775514652173, -0.991455735800037, 0.0 ] ] ] ] } },
{ "type": "Feature", "properties": { "ID": 282, "ID_1": 282, "POSESIONAR": "LOPEZ CEVALLOS MARIA ISABEL", "CEDULA___R": "1312141748", "BARRIO": "NUEVO MANTA", "PARROQUIA": "URBIMANTA", "COORDENADA": 530319.8769, "COORDENA_1": 9890441.28, "ÁREA___M2": 222.12, "VIVIENDA": "SI", "RIESGO": "NO" }, "geometry": { "type": "MultiPolygon", "coordinates": [ [ [ [ -80.727361196652794, -0.991478810998761, 0.0 ], [ -80.727303639301155, -0.991512360877389, 0.0 ], [ -80.727377465500055, -0.991667364290149, 0.0 ], [ -80.72743983853853, -0.991634981915551, 0.0 ], [ -80.727361196652794, -0.991478810998761, 0.0 ] ] ] ] } },
{ "type": "Feature", "properties": { "ID": 272, "ID_1": 272, "POSESIONAR": "GOBIERNO AUTONOMO DESCENTRALIZADO DE MANTA", "CEDULA___R": "1360000980001", "BARRIO": "NUEVO MANTA", "PARROQUIA": "URBIMANTA", "COORDENADA": 530225.0499, "COORDENA_1": 9890380.922, "ÁREA___M2": 166.96, "VIVIENDA": "NO", "RIESGO": "NO" }, "geometry": { "type": "MultiPolygon", "coordinates": [ [ [ [ -80.728105271453671, -0.991982341419827, 0.0 ], [ -80.728260757977125, -0.991891539266431, 0.0 ], [ -80.728187126660217, -0.991731442977471, 0.0 ], [ -80.728026129782918, -0.99181785925408, 0.0 ], [ -80.728105271453671, -0.991982341419827, 0.0 ] ] ] ] } },
{ "type": "Feature", "properties": { "ID": 359, "ID_1": 359, "POSESIONAR": "GOBIERNO AUTONOMO DESCENTRALIZADO DE MANTA", "CEDULA___R": "1360000980001", "BARRIO": "NUEVO MANTA", "PARROQUIA": "URBIMANTA", "COORDENADA": 530376.9358, "COORDENA_1": 9890578.579, "ÁREA___M2": 535.75, "VIVIENDA": "SI", "RIESGO": "NO" }, "geometry": { "type": "MultiPolygon", "coordinates": [ [ [ [ -80.727246648652141, -0.992276574643557, 0.0 ], [ -80.727481503992223, -0.99214146663181, 0.0 ], [ -80.727408439514505, -0.991985163592944, 0.0 ], [ -80.727172573178095, -0.992116686102603, 0.0 ], [ -80.727246648652141, -0.992276574643557, 0.0 ] ] ] ] } },
{ "type": "Feature", "properties": { "ID": 356, "ID_1": 356, "POSESIONAR": "FLORES CEDEÑO NILDA LUCIA", "CEDULA___R": "1304903147", "BARRIO": "NUEVO MANTA", "PARROQUIA": "URBIMANTA", "COORDENADA": 530354.8517, "COORDENA_1": 9890305.865, "ÁREA___M2": 195.31, "VIVIENDA": "SI", "RIESGO": "NO" }, "geometry": { "type": "MultiPolygon", "coordinates": [ [ [ [ -80.726976157839005, -0.992122783857258, 0.0 ], [ -80.726976235323789, -0.992122740650614, 0.0 ], [ -80.726894086017808, -0.991954580715785, 0.0 ], [ -80.726817359290621, -0.991998126364644, 0.0 ], [ -80.726897535721974, -0.992166624683385, 0.0 ], [ -80.726976157839005, -0.992122783857258, 0.0 ] ] ] ] } },
{ "type": "Feature", "properties": { "ID": 355, "ID_1": 355, "POSESIONAR": "REYES MACIAS LISSETH KATHERINE", "CEDULA___R": "1314534619", "BARRIO": "NUEVO MANTA", "PARROQUIA": "URBIMANTA", "COORDENADA": 530346.1878, "COORDENA_1": 9890310.858, "ÁREA___M2": 197.0, "VIVIENDA": "SI", "RIESGO": "NO" }, "geometry": { "type": "MultiPolygon", "coordinates": [ [ [ [ -80.727053284996799, -0.992079776638592, 0.0 ], [ -80.726972378793519, -0.991910146727999, 0.0 ], [ -80.726894086017808, -0.991954580715785, 0.0 ], [ -80.726976157839019, -0.992122783857258, 0.0 ], [ -80.727053284996813, -0.992079776638609, 0.0 ], [ -80.727053284996799, -0.992079776638592, 0.0 ] ] ] ] } },
{ "type": "Feature", "properties": { "ID": 357, "ID_1": 357, "POSESIONAR": "RIVERA DELGADO RILEY ELIETTE                                                  CEVALLOS QUIROZ SONIA ELIZABETH (REPRESENTANTE)", "CEDULA___R": "1353521113                 1306194794", "BARRIO": "NUEVO MANTA", "PARROQUIA": "URBIMANTA", "COORDENADA": 530337.2864, "COORDENA_1": 9890338.44, "ÁREA___M2": 578.21, "VIVIENDA": "SI", "RIESGO": "NO" }, "geometry": { "type": "MultiPolygon", "coordinates": [ [ [ [ -80.727246648652141, -0.992276574643557, 0.0 ], [ -80.727169152893538, -0.99232240672853, 0.0 ], [ -80.727246587239662, -0.992482314636381, 0.0 ], [ -80.727324841142689, -0.99243781129871, 0.0 ], [ -80.727246648652141, -0.992276574643557, 0.0 ] ] ] ] } },
{ "type": "Feature", "properties": { "ID": 358, "ID_1": 358, "POSESIONAR": "MARCILLO PALADINES EVELYN DEL CARMEN", "CEDULA___R": "1305754440", "BARRIO": "NUEVO MANTA", "PARROQUIA": "URBIMANTA", "COORDENADA": 530414.8577000001, "COORDENA_1": 9890573.637, "ÁREA___M2": 1517.53, "VIVIENDA": "SI", "RIESGO": "NO" }, "geometry": { "type": "MultiPolygon", "coordinates": [ [ [ [ -80.727246587239662, -0.992482314636381, 0.0 ], [ -80.727169152893538, -0.99232240672853, 0.0 ], [ -80.727091657133101, -0.992368238811068, 0.0 ], [ -80.727168333334873, -0.992526817971593, 0.0 ], [ -80.727246587239662, -0.992482314636381, 0.0 ] ] ] ] } },
{ "type": "Feature", "properties": { "ID": 351, "ID_1": 351, "POSESIONAR": "GOBIERNO AUTONOMO DESCENTRALIZADO DE MANTA", "CEDULA___R": "1360000980001", "BARRIO": "NUEVO MANTA", "PARROQUIA": "URBIMANTA", "COORDENADA": 530432.8126, "COORDENA_1": 9890399.14, "ÁREA___M2": 195.59, "VIVIENDA": "SI", "RIESGO": "NO" }, "geometry": { "type": "MultiPolygon", "coordinates": [ [ [ [ -80.726703917720542, -0.991343674523989, 0.0 ], [ -80.726626482124189, -0.991387796437624, 0.0 ], [ -80.726703457164291, -0.991551484411369, 0.0 ], [ -80.72678165220546, -0.991506876415417, 0.0 ], [ -80.726703917720542, -0.991343674523989, 0.0 ] ] ] ] } },
{ "type": "Feature", "properties": { "ID": 327, "ID_1": 327, "POSESIONAR": "SALTOS VINCES JULIO CESAR", "CEDULA___R": "1313686618", "BARRIO": "NUEVO MANTA", "PARROQUIA": "URBIMANTA", "COORDENADA": 530488.9666, "COORDENA_1": 9890513.643, "ÁREA___M2": 339.31, "VIVIENDA": "SI", "RIESGO": "NO" }, "geometry": { "type": "MultiPolygon", "coordinates": [ [ [ [ -80.726168556905094, -0.99033905463602, 0.0 ], [ -80.725939718164256, -0.989978635600312, 0.0 ], [ -80.725824449245081, -0.990046982749441, 0.0 ], [ -80.725920107722757, -0.990186093420811, 0.0 ], [ -80.725735702611203, -0.990294460964792, 0.0 ], [ -80.725747970246815, -0.990318636808268, 0.0 ], [ -80.725855298337777, -0.99025749620042, 0.0 ], [ -80.725907109853196, -0.990355814760229, 0.0 ], [ -80.726001697153933, -0.990302937590608, 0.0 ], [ -80.726176351607691, -0.99057339101767, 0.0 ], [ -80.726213978352476, -0.990547853048242, 0.0 ], [ -80.726107597366862, -0.990378284787807, 0.0 ], [ -80.726168513834381, -0.990338986973776, 0.0 ], [ -80.726168556905094, -0.99033905463602, 0.0 ] ] ] ] } },
{ "type": "Feature", "properties": { "ID": 336, "ID_1": 336, "POSESIONAR": "DELGADO LOPEZ MARGARITA", "CEDULA___R": "3050053267", "BARRIO": "NUEVO MANTA", "PARROQUIA": "URBIMANTA", "COORDENADA": 530422.5728, "COORDENA_1": 9890517.691, "ÁREA___M2": 403.6, "VIVIENDA": "SI", "RIESGO": "NO" }, "geometry": { "type": "MultiPolygon", "coordinates": [ [ [ [ -80.725613502468818, -0.990132389354766, 0.0 ], [ -80.725613502468818, -0.990132389354766, 0.0 ], [ -80.72581149150588, -0.990023180622237, 0.0 ], [ -80.725766971778839, -0.989951863238137, 0.0 ], [ -80.725575356288658, -0.990064718292389, 0.0 ], [ -80.725613502468818, -0.990132389354766, 0.0 ] ] ] ] } },
{ "type": "Feature", "properties": { "ID": 377, "ID_1": 377, "POSESIONAR": "GOBIERNO AUTONOMO DESCENTRALIZADO DE MANTA", "CEDULA___R": "1360000980001", "BARRIO": "30 DE AGOSTO", "PARROQUIA": "URBIMANTA", "COORDENADA": 530316.0659, "COORDENA_1": 9890662.478, "ÁREA___M2": 105.5, "VIVIENDA": "SI", "RIESGO": "SI" }, "geometry": { "type": "MultiPolygon", "coordinates": [ [ [ [ -80.72656411469211, -0.98947250591119, 0.0 ], [ -80.726564114692124, -0.989472505911223, 0.0 ], [ -80.726727635880366, -0.989810850659781, 0.0 ], [ -80.726838213229954, -0.989742908990872, 0.0 ], [ -80.726678215975241, -0.989409117499526, 0.0 ], [ -80.72656411469211, -0.98947250591119, 0.0 ] ] ] ] } },
{ "type": "Feature", "properties": { "ID": 376, "ID_1": 376, "POSESIONAR": "GOBIERNO AUTONOMO DESCENTRALIZADO DE MANTA", "CEDULA___R": "1360000980001", "BARRIO": "NUEVO MANTA", "PARROQUIA": "URBIMANTA", "COORDENADA": 530302.3146, "COORDENA_1": 9890670.105, "ÁREA___M2": 218.59, "VIVIENDA": "NO", "RIESGO": "SI" }, "geometry": { "type": "MultiPolygon", "coordinates": [ [ [ [ -80.726678215975241, -0.989409117499526, 0.0 ], [ -80.726757893347909, -0.989575343039598, 0.0 ], [ -80.72691665738445, -0.989484115138442, 0.0 ], [ -80.726836383954932, -0.989321248037526, 0.0 ], [ -80.726678215975241, -0.989409117499526, 0.0 ], [ -80.726678215975241, -0.989409117499526, 0.0 ] ] ] ] } },
{ "type": "Feature", "properties": { "ID": 362, "ID_1": 362, "POSESIONAR": "HIDALGO DELGADO DASHLEY SAILENY                                DELGADO CHAVEZ LUIS ALBERTO (REPRESENTANTE)", "CEDULA___R": "1352519597 1308700000", "BARRIO": "NUEVO MANTA", "PARROQUIA": "URBIMANTA", "COORDENADA": 530331.7361, "COORDENA_1": 9890604.563, "ÁREA___M2": 154.56, "VIVIENDA": "SI", "RIESGO": "NO" }, "geometry": { "type": "MultiPolygon", "coordinates": [ [ [ [ -80.727071098843041, -0.989817906144375, 0.0 ], [ -80.727137386546303, -0.989942751137607, 0.0 ], [ -80.727293739021079, -0.989852555256364, 0.0 ], [ -80.72723034344169, -0.989725883707653, 0.0 ], [ -80.727071098843041, -0.989817906144375, 0.0 ] ] ] ] } },
{ "type": "Feature", "properties": { "ID": 344, "ID_1": 344, "POSESIONAR": "GOBIERNO AUTONOMO DESCENTRALIZADO DE MANTA", "CEDULA___R": "1360000980001", "BARRIO": "NUEVO MANTA", "PARROQUIA": "URBIMANTA", "COORDENADA": 530438.4407, "COORDENA_1": 9890441.852, "ÁREA___M2": 1616.8, "VIVIENDA": "SI", "RIESGO": "SI" }, "geometry": { "type": "MultiPolygon", "coordinates": [ [ [ [ -80.726033458040732, -0.990866435682943, 0.0 ], [ -80.726033458040732, -0.990866435682943, 0.0 ], [ -80.726077235953795, -0.990947516164338, 0.0 ], [ -80.726227289050598, -0.990845780969356, 0.0 ], [ -80.726179545305939, -0.990767531663269, 0.0 ], [ -80.726033458040732, -0.990866435682943, 0.0 ] ] ] ] } },
{ "type": "Feature", "properties": { "ID": 306, "ID_1": 306, "POSESIONAR": "GOBIERNO AUTONOMO DESCENTRALIZADO DE MANTA", "CEDULA___R": "1360000980001", "BARRIO": "NUEVO MANTA", "PARROQUIA": "URBIMANTA", "COORDENADA": 530236.1303, "COORDENA_1": 9890453.96, "ÁREA___M2": 264.76, "VIVIENDA": "SI", "RIESGO": "SI" }, "geometry": { "type": "MultiPolygon", "coordinates": [ [ [ [ -80.728206992718057, -0.990777122939039, 0.0 ], [ -80.728057312319365, -0.990852129945696, 0.0 ], [ -80.728086531615702, -0.99091529127861, 0.0 ], [ -80.72823286334787, -0.990841735778873, 0.0 ], [ -80.728206992718057, -0.990777122939039, 0.0 ] ] ] ] } },
{ "type": "Feature", "properties": { "ID": 314, "ID_1": 314, "POSESIONAR": "GOBIERNO AUTONOMO DESCENTRALIZADO DE MANTA", "CEDULA___R": "1360000980001", "BARRIO": "NUEVO MANTA", "PARROQUIA": "URBIMANTA", "COORDENADA": 530394.9115, "COORDENA_1": 9890536.366, "ÁREA___M2": 447.47, "VIVIENDA": "SI", "RIESGO": "NO" }, "geometry": { "type": "MultiPolygon", "coordinates": [ [ [ [ -80.726860577950447, -0.990619828682783, 0.0 ], [ -80.726860577950546, -0.990619828682918, 0.0 ], [ -80.72693868369339, -0.990576437006783, 0.0 ], [ -80.726852554088865, -0.990419972898006, 0.0 ], [ -80.726768583753937, -0.990466807439459, 0.0 ], [ -80.726768583753952, -0.990466807439493, 0.0 ], [ -80.726853607857791, -0.990606227773115, 0.0 ], [ -80.726860577950447, -0.990619828682783, 0.0 ] ] ] ] } },
{ "type": "Feature", "properties": { "ID": 485, "ID_1": 485, "POSESIONAR": "PAZMIÑO CEDEÑO CELIA LUCRECIA", "CEDULA___R": "1205812082", "BARRIO": "NUEVO MANTA", "PARROQUIA": "URBIMANTA", "COORDENADA": 0.0, "COORDENA_1": 0.0, "ÁREA___M2": 314.9, "VIVIENDA": "SI", "RIESGO": "SI" }, "geometry": { "type": "MultiPolygon", "coordinates": [ [ [ [ -80.725602440946687, -0.993521259946274, 0.0 ], [ -80.725492615541214, -0.993583718024898, 0.0 ], [ -80.725580898453799, -0.993757986132946, 0.0 ], [ -80.72569903833238, -0.993690816349105, 0.0 ], [ -80.725674407488, -0.993647182957109, 0.0 ], [ -80.725602440946687, -0.993521259946274, 0.0 ] ] ] ] } },
{ "type": "Feature", "properties": { "ID": 481, "ID_1": 481, "POSESIONAR": "ZAVALA PIN RAUL", "CEDULA___R": "1301762983", "BARRIO": "NUEVO MANTA", "PARROQUIA": "URBIMANTA", "COORDENADA": 0.0, "COORDENA_1": 0.0, "ÁREA___M2": 136.71, "VIVIENDA": "SI", "RIESGO": "SI" }, "geometry": { "type": "MultiPolygon", "coordinates": [ [ [ [ -80.726024469141493, -0.993281251024685, 0.0 ], [ -80.725962257263447, -0.993316631145264, 0.0 ], [ -80.726031491440537, -0.993454995896967, 0.0 ], [ -80.726094449408393, -0.993421106833556, 0.0 ], [ -80.726024469141493, -0.993281251024685, 0.0 ] ] ] ] } },
{ "type": "Feature", "properties": { "ID": 480, "ID_1": 480, "POSESIONAR": "ZAVALA RODRIGUEZ MILEIDY MARGARITA", "CEDULA___R": "0967115239", "BARRIO": "NUEVO MANTA", "PARROQUIA": "URBIMANTA", "COORDENADA": 0.0, "COORDENA_1": 0.0, "ÁREA___M2": 143.31, "VIVIENDA": "SI", "RIESGO": "SI" }, "geometry": { "type": "MultiPolygon", "coordinates": [ [ [ [ -80.726088950382476, -0.993244580306853, 0.0 ], [ -80.726024469141493, -0.993281251024685, 0.0 ], [ -80.726094449408436, -0.993421106833522, 0.0 ], [ -80.726159758420849, -0.99338595167098, 0.0 ], [ -80.726088950382476, -0.993244580306853, 0.0 ] ] ] ] } },
{ "type": "Feature", "properties": { "ID": 479, "ID_1": 479, "POSESIONAR": "GUABIL CEDEÑO JOHANNA ISABEL", "CEDULA___R": "0706340171", "BARRIO": "NUEVO MANTA", "PARROQUIA": "URBIMANTA", "COORDENADA": 0.0, "COORDENA_1": 0.0, "ÁREA___M2": 225.6, "VIVIENDA": "SI", "RIESGO": "SI" }, "geometry": { "type": "MultiPolygon", "coordinates": [ [ [ [ -80.726192245571895, -0.993185835949589, 0.0 ], [ -80.726088950382476, -0.993244580306853, 0.0 ], [ -80.726159756496301, -0.993385952706928, 0.0 ], [ -80.726257909834075, -0.993333111415643, 0.0 ], [ -80.726192245571895, -0.993185835949589, 0.0 ] ] ] ] } },
{ "type": "Feature", "properties": { "ID": 442, "ID_1": 442, "POSESIONAR": "GOBIERNO AUTONOMO DESCENTRALIZADO DE MANTA", "CEDULA___R": "1360000980001", "BARRIO": "NUEVO MANTA", "PARROQUIA": "URBIMANTA", "COORDENADA": 0.0, "COORDENA_1": 0.0, "ÁREA___M2": 208.29, "VIVIENDA": "NO", "RIESGO": "NO" }, "geometry": { "type": "MultiPolygon", "coordinates": [ [ [ [ -80.728373770620422, -0.992134570153237, 0.0 ], [ -80.728373770107737, -0.992134569070321, 0.0 ], [ -80.728293053676111, -0.992176455182329, 0.0 ], [ -80.728378977615449, -0.992345477941119, 0.0 ], [ -80.728456715788823, -0.992300079837251, 0.0 ], [ -80.728373770620422, -0.992134570153237, 0.0 ] ] ] ] } },
{ "type": "Feature", "properties": { "ID": 463, "ID_1": 463, "POSESIONAR": "GOBIERNO AUTONOMO DESCENTRALIZADO DE MANTA", "CEDULA___R": "1360000980001", "BARRIO": "NUEVO MANTA", "PARROQUIA": "URBIMANTA", "COORDENADA": 0.0, "COORDENA_1": 0.0, "ÁREA___M2": 153.64, "VIVIENDA": "SI", "RIESGO": "SI" }, "geometry": { "type": "MultiPolygon", "coordinates": [ [ [ [ -80.727645995621842, -0.993366160056489, 0.0 ], [ -80.727556932557704, -0.993417715310108, 0.0 ], [ -80.727642046832528, -0.993541931142933, 0.0 ], [ -80.72769850078582, -0.993443700495314, 0.0 ], [ -80.727645995621842, -0.993366160056489, 0.0 ] ] ] ] } },
{ "type": "Feature", "properties": { "ID": 459, "ID_1": 459, "POSESIONAR": "HERRERA OCHOA ROSA MARIA", "CEDULA___R": "1304714346", "BARRIO": "NUEVO MANTA", "PARROQUIA": "URBIMANTA", "COORDENADA": 0.0, "COORDENA_1": 0.0, "ÁREA___M2": 428.25, "VIVIENDA": "SI", "RIESGO": "SI" }, "geometry": { "type": "MultiPolygon", "coordinates": [ [ [ [ -80.728277973708728, -0.993388156155562, 0.0 ], [ -80.728195998535995, -0.993571946859943, 0.0 ], [ -80.7283529954627, -0.993648892078777, 0.0 ], [ -80.728438093733558, -0.993484973775617, 0.0 ], [ -80.728277973708728, -0.993388156155562, 0.0 ] ] ] ] } },
{ "type": "Feature", "properties": { "ID": 446, "ID_1": 446, "POSESIONAR": "GOBIERNO AUTONOMO DESCENTRALIZADO DE MANTA", "CEDULA___R": "1360000980001", "BARRIO": "NUEVO MANTA", "PARROQUIA": "URBIMANTA", "COORDENADA": 0.0, "COORDENA_1": 0.0, "ÁREA___M2": 97.61, "VIVIENDA": "SI", "RIESGO": "NO" }, "geometry": { "type": "MultiPolygon", "coordinates": [ [ [ [ -80.727787289714286, -0.992795607065872, 0.0 ], [ -80.727709520129338, -0.992840971797184, 0.0 ], [ -80.727747241209627, -0.992921123516821, 0.0 ], [ -80.727824839920288, -0.992875916773559, 0.0 ], [ -80.727787289714428, -0.992795607065788, 0.0 ], [ -80.727787289714286, -0.992795607065872, 0.0 ] ] ] ] } },
{ "type": "Feature", "properties": { "ID": 449, "ID_1": 449, "POSESIONAR": "FERNANDEZ MARCILLO WILSON ALEJANDRO", "CEDULA___R": "1316438371", "BARRIO": "NUEVO MANTA", "PARROQUIA": "URBIMANTA", "COORDENADA": 0.0, "COORDENA_1": 0.0, "ÁREA___M2": 195.02, "VIVIENDA": "SI", "RIESGO": "NO" }, "geometry": { "type": "MultiPolygon", "coordinates": [ [ [ [ -80.727478556389343, -0.992975698071158, 0.0 ], [ -80.727554951470069, -0.993134946355378, 0.0 ], [ -80.727632801184299, -0.993089730438992, 0.0 ], [ -80.727556321960122, -0.992930335691765, 0.0 ], [ -80.727478556389343, -0.992975698071158, 0.0 ] ] ] ] } },
{ "type": "Feature", "properties": { "ID": 439, "ID_1": 439, "POSESIONAR": "GOBIERNO AUTONOMO DESCENTRALIZADO DE MANTA", "CEDULA___R": "1360000980001", "BARRIO": "NUEVO MANTA", "PARROQUIA": "URBIMANTA", "COORDENADA": 0.0, "COORDENA_1": 0.0, "ÁREA___M2": 214.74, "VIVIENDA": "NO", "RIESGO": "NO" }, "geometry": { "type": "MultiPolygon", "coordinates": [ [ [ [ -80.728132513974501, -0.992277575292731, 0.0 ], [ -80.728046964791034, -0.992328755005233, 0.0 ], [ -80.728135641372191, -0.992487583662949, 0.0 ], [ -80.728214939304081, -0.99244127420475, 0.0 ], [ -80.728132513974501, -0.992277575292731, 0.0 ] ] ] ] } },
{ "type": "Feature", "properties": { "ID": 440, "ID_1": 440, "POSESIONAR": "GOBIERNO AUTONOMO DESCENTRALIZADO DE MANTA", "CEDULA___R": "1360000980001", "BARRIO": "NUEVO MANTA", "PARROQUIA": "URBIMANTA", "COORDENADA": 0.0, "COORDENA_1": 0.0, "ÁREA___M2": 220.23, "VIVIENDA": "SI", "RIESGO": "NO" }, "geometry": { "type": "MultiPolygon", "coordinates": [ [ [ [ -80.728298124612252, -0.992392695062296, 0.0 ], [ -80.728218095314588, -0.992227195378392, 0.0 ], [ -80.728132513974501, -0.992277575292731, 0.0 ], [ -80.728214939304081, -0.99244127420475, 0.0 ], [ -80.728298124612252, -0.99239269506228, 0.0 ], [ -80.728298124612252, -0.992392695062296, 0.0 ] ] ] ] } },
{ "type": "Feature", "properties": { "ID": 417, "ID_1": 417, "POSESIONAR": "GOBIERNO AUTONOMO DESCENTRALIZADO DE MANTA", "CEDULA___R": "1360000980001", "BARRIO": "30 DE AGOSTO", "PARROQUIA": "URBIMANTA", "COORDENADA": 0.0, "COORDENA_1": 9890106.0, "ÁREA___M2": 313.6, "VIVIENDA": "NO", "RIESGO": "SI" }, "geometry": { "type": "MultiPolygon", "coordinates": [ [ [ [ -80.726789284184861, -0.994210522443352, 0.0 ], [ -80.726636829697043, -0.994118112787319, 0.0 ], [ -80.726568967599988, -0.994259621793683, 0.0 ], [ -80.726730235399813, -0.994328709023312, 0.0 ], [ -80.72673438007493, -0.994320681186084, 0.0 ], [ -80.726789284184861, -0.994210522443352, 0.0 ] ] ] ] } },
{ "type": "Feature", "properties": { "ID": 430, "ID_1": 430, "POSESIONAR": "GONGORA MEZA SANTO EUGENIO", "CEDULA___R": "1307073856", "BARRIO": "30 DE AGOSTO", "PARROQUIA": "URBIMANTA", "COORDENADA": 0.0, "COORDENA_1": 0.0, "ÁREA___M2": 399.76, "VIVIENDA": "SI", "RIESGO": "SI" }, "geometry": { "type": "MultiPolygon", "coordinates": [ [ [ [ -80.726158814746185, -0.993828365936519, 0.0 ], [ -80.725993111328279, -0.993728081922241, 0.0 ], [ -80.725909266861436, -0.993865380838106, 0.0 ], [ -80.725988540208576, -0.993921770971216, 0.0 ], [ -80.726067079546141, -0.993977638972285, 0.0 ], [ -80.726158814746185, -0.993828365936519, 0.0 ] ] ] ] } },
{ "type": "Feature", "properties": { "ID": 433, "ID_1": 433, "POSESIONAR": "MACIAS BAZURTO MARTHA CLAUDINA", "CEDULA___R": "1311681157", "BARRIO": "30 DE AGOSTO", "PARROQUIA": "URBIMANTA", "COORDENADA": 0.0, "COORDENA_1": 9890127.0, "ÁREA___M2": 185.15, "VIVIENDA": "SI", "RIESGO": "SI" }, "geometry": { "type": "MultiPolygon", "coordinates": [ [ [ [ -80.725907511569886, -0.994061946989983, 0.0 ], [ -80.725978217701069, -0.994117801495168, 0.0 ], [ -80.726065611521122, -0.99397659471059, 0.0 ], [ -80.725988540208576, -0.993921770971216, 0.0 ], [ -80.725907511569886, -0.994061946989983, 0.0 ] ] ] ] } },
{ "type": "Feature", "properties": { "ID": 434, "ID_1": 434, "POSESIONAR": "GOBIERNO AUTONOMO DESCENTRALIZADO DE MANTA", "CEDULA___R": "1360000980001", "BARRIO": "30 DE AGOSTO", "PARROQUIA": "URBIMANTA", "COORDENADA": 0.0, "COORDENA_1": 0.0, "ÁREA___M2": 192.9, "VIVIENDA": "SI", "RIESGO": "SI" }, "geometry": { "type": "MultiPolygon", "coordinates": [ [ [ [ -80.726053385715986, -0.994173731445927, 0.0 ], [ -80.726142813738235, -0.994029642906238, 0.0 ], [ -80.726141328558384, -0.994028623087823, 0.0 ], [ -80.726067079546141, -0.993977638972285, 0.0 ], [ -80.726065611521122, -0.99397659471059, 0.0 ], [ -80.725978217701069, -0.994117801495168, 0.0 ], [ -80.726053385715986, -0.994173731445927, 0.0 ] ] ] ] } },
{ "type": "Feature", "properties": { "ID": 435, "ID_1": 435, "POSESIONAR": "GOBIERNO AUTONOMO DESCENTRALIZADO DE MANTA", "CEDULA___R": "1360000980001", "BARRIO": "30 DE AGOSTO", "PARROQUIA": "URBIMANTA", "COORDENADA": 0.0, "COORDENA_1": 0.0, "ÁREA___M2": 169.4, "VIVIENDA": "SI", "RIESGO": "NO" }, "geometry": { "type": "MultiPolygon", "coordinates": [ [ [ [ -80.726331199652577, -0.994157389745936, 0.0 ], [ -80.726268681345076, -0.994115229873165, 0.0 ], [ -80.72618271598752, -0.994266882016061, 0.0 ], [ -80.726249442378887, -0.994314941924085, 0.0 ], [ -80.726331199652577, -0.994157389745936, 0.0 ] ] ] ] } },
{ "type": "Feature", "properties": { "ID": 401, "ID_1": 401, "POSESIONAR": "ALCIVAR QUIROZ MARIA JOHANA", "CEDULA___R": "1310269756", "BARRIO": "30 DE AGOSTO", "PARROQUIA": "URBIMANTA", "COORDENADA": 0.0, "COORDENA_1": 9890138.0, "ÁREA___M2": 159.21, "VIVIENDA": "SI", "RIESGO": "SI" }, "geometry": { "type": "MultiPolygon", "coordinates": [ [ [ [ -80.726649083913301, -0.993856709788028, 0.0 ], [ -80.726579719347882, -0.993977886601081, 0.0 ], [ -80.726657486530982, -0.994025024860827, 0.0 ], [ -80.726729694659028, -0.993900662988976, 0.0 ], [ -80.726649083913301, -0.993856709788028, 0.0 ] ] ] ] } },
{ "type": "Feature", "properties": { "ID": 404, "ID_1": 404, "POSESIONAR": "TEJENA SORNOZA JUANA DEL JESUS", "CEDULA___R": "1304381344", "BARRIO": "30 DE AGOSTO", "PARROQUIA": "URBIMANTA", "COORDENADA": 0.0, "COORDENA_1": 0.0, "ÁREA___M2": 147.84, "VIVIENDA": "SI", "RIESGO": "SI" }, "geometry": { "type": "MultiPolygon", "coordinates": [ [ [ [ -80.726493179822683, -0.993769310705977, 0.0 ], [ -80.726416226896291, -0.993723446859521, 0.0 ], [ -80.726350270297246, -0.993838806981988, 0.0 ], [ -80.726428034849562, -0.993885943655172, 0.0 ], [ -80.726493179822683, -0.993769310705977, 0.0 ] ] ] ] } },
{ "type": "Feature", "properties": { "ID": 402, "ID_1": 402, "POSESIONAR": "GOBIERNO AUTONOMO DESCENTRALIZADO DE MANTA", "CEDULA___R": "1360000980001", "BARRIO": "30 DE AGOSTO", "PARROQUIA": "URBIMANTA", "COORDENADA": 530421.0, "COORDENA_1": 0.0, "ÁREA___M2": 153.22, "VIVIENDA": "NO", "RIESGO": "SI" }, "geometry": { "type": "MultiPolygon", "coordinates": [ [ [ [ -80.726649083913301, -0.993856709788028, 0.0 ], [ -80.726569234879435, -0.993811708122945, 0.0 ], [ -80.7265038770975, -0.993931915128751, 0.0 ], [ -80.726579719347882, -0.993977886601081, 0.0 ], [ -80.726649083913301, -0.993856709788028, 0.0 ] ] ] ] } },
{ "type": "Feature", "properties": { "ID": 406, "ID_1": 406, "POSESIONAR": "CAICEDO CHICA MAYRA ALEJANDRA", "CEDULA___R": "1310846546", "BARRIO": "30 DE AGOSTO", "PARROQUIA": "URBIMANTA", "COORDENADA": 0.0, "COORDENA_1": 0.0, "ÁREA___M2": 300.41, "VIVIENDA": "SI", "RIESGO": "SI" }, "geometry": { "type": "MultiPolygon", "coordinates": [ [ [ [ -80.726198334716699, -0.993746711827701, 0.0 ], [ -80.726264792640464, -0.99363047487998, 0.0 ], [ -80.726285430210226, -0.993594379134791, 0.0 ], [ -80.726196411597243, -0.993565756879474, 0.0 ], [ -80.726126405480755, -0.993566341610059, 0.0 ], [ -80.726051123965931, -0.993657480600315, 0.0 ], [ -80.726198334716699, -0.993746711827701, 0.0 ] ] ] ] } },
{ "type": "Feature", "properties": { "ID": 403, "ID_1": 403, "POSESIONAR": "GOBIERNO AUTONOMO DESCENTRALIZADO DE MANTA", "CEDULA___R": "1360000980001", "BARRIO": "30 DE AGOSTO", "PARROQUIA": "URBIMANTA", "COORDENADA": 530430.0, "COORDENA_1": 0.0, "ÁREA___M2": 146.06, "VIVIENDA": "NO", "RIESGO": "SI" }, "geometry": { "type": "MultiPolygon", "coordinates": [ [ [ [ -80.726428034849505, -0.993885943655256, 0.0 ], [ -80.726503877097514, -0.993931915128751, 0.0 ], [ -80.726569234879435, -0.993811708122945, 0.0 ], [ -80.726493179782807, -0.993769310777375, 0.0 ], [ -80.726428034849505, -0.993885943655256, 0.0 ] ] ] ] } },
{ "type": "Feature", "properties": { "ID": 431, "ID_1": 431, "POSESIONAR": "GOBIERNO AUTONOMO DESCENTRALIZADO DE MANTA", "CEDULA___R": "1360000980001", "BARRIO": "30 DE AGOSTO", "PARROQUIA": "URBIMANTA", "COORDENADA": 0.0, "COORDENA_1": 0.0, "ÁREA___M2": 60.53, "VIVIENDA": "NO", "RIESGO": "SI" }, "geometry": { "type": "MultiPolygon", "coordinates": [ [ [ [ -80.725980687899735, -0.993720395034111, 0.0 ], [ -80.725871001064618, -0.993838145306435, 0.0 ], [ -80.725909266861436, -0.993865380838106, 0.0 ], [ -80.725993111328279, -0.993728081922241, 0.0 ], [ -80.725980687899735, -0.993720395034111, 0.0 ] ] ] ] } },
{ "type": "Feature", "properties": { "ID": 428, "ID_1": 428, "POSESIONAR": "GOBIERNO AUTONOMO DESCENTRALIZADO DE MANTA", "CEDULA___R": "1360000980001", "BARRIO": "30 DE AGOSTO", "PARROQUIA": "URBIMANTA", "COORDENADA": 0.0, "COORDENA_1": 0.0, "ÁREA___M2": 309.52, "VIVIENDA": "SI", "RIESGO": "SI" }, "geometry": { "type": "MultiPolygon", "coordinates": [ [ [ [ -80.726419835262448, -0.993986582491564, 0.0 ], [ -80.726311269203563, -0.993920775607535, 0.0 ], [ -80.726214835086878, -0.994079097310156, 0.0 ], [ -80.72626868134877, -0.99411522987566, 0.0 ], [ -80.726331199652577, -0.994157389745936, 0.0 ], [ -80.726419835262448, -0.993986582491564, 0.0 ] ] ] ] } },
{ "type": "Feature", "properties": { "ID": 429, "ID_1": 429, "POSESIONAR": "VILLAMAR MACIAS VIRGILIO ALADINO", "CEDULA___R": "1310493612", "BARRIO": "30 DE AGOSTO", "PARROQUIA": "URBIMANTA", "COORDENADA": 0.0, "COORDENA_1": 0.0, "ÁREA___M2": 199.32, "VIVIENDA": "SI", "RIESGO": "SI" }, "geometry": { "type": "MultiPolygon", "coordinates": [ [ [ [ -80.726311269203563, -0.993920775607535, 0.0 ], [ -80.726235811945671, -0.993875037488142, 0.0 ], [ -80.726141328558384, -0.994028623087823, 0.0 ], [ -80.726142813725886, -0.994029642897744, 0.0 ], [ -80.726203697935745, -0.994071449845281, 0.0 ], [ -80.726214835086878, -0.994079097310156, 0.0 ], [ -80.726311269203563, -0.993920775607535, 0.0 ] ] ] ] } },
{ "type": "Feature", "properties": { "ID": 455, "ID_1": 455, "POSESIONAR": "GOBIERNO AUTONOMO DESCENTRALIZADO DE MANTA", "CEDULA___R": "1360000980001", "BARRIO": "NUEVO MANTA", "PARROQUIA": "URBIMANTA", "COORDENADA": 0.0, "COORDENA_1": 0.0, "ÁREA___M2": 634.91, "VIVIENDA": "NO", "RIESGO": "SI" }, "geometry": { "type": "MultiPolygon", "coordinates": [ [ [ [ -80.727869403684792, -0.99357974833436, 0.0 ], [ -80.728103220801742, -0.993727514690161, 0.0 ], [ -80.72811801004751, -0.993734596971888, 0.0 ], [ -80.728195998535995, -0.993571946859943, 0.0 ], [ -80.728112487793538, -0.993533035511196, 0.0 ], [ -80.72792626729607, -0.993417207908332, 0.0 ], [ -80.727869403684792, -0.99357974833436, 0.0 ] ] ] ] } },
{ "type": "Feature", "properties": { "ID": 454, "ID_1": 454, "POSESIONAR": "GOBIERNO AUTONOMO DESCENTRALIZADO DE MANTA", "CEDULA___R": "1360000980001", "BARRIO": "NUEVO MANTA", "PARROQUIA": "URBIMANTA", "COORDENADA": 0.0, "COORDENA_1": 0.0, "ÁREA___M2": 238.02, "VIVIENDA": "SI", "RIESGO": "SI" }, "geometry": { "type": "MultiPolygon", "coordinates": [ [ [ [ -80.727926267296084, -0.993417207908332, 0.0 ], [ -80.728112487793538, -0.993533035511196, 0.0 ], [ -80.728146271891532, -0.993462057550824, 0.0 ], [ -80.728107126086229, -0.993437192682187, 0.0 ], [ -80.728111728237309, -0.993427876623125, 0.0 ], [ -80.728038301547983, -0.993382261099554, 0.0 ], [ -80.727962099700591, -0.993334285148197, 0.0 ], [ -80.727945893186643, -0.993361397753256, 0.0 ], [ -80.727926267296084, -0.993417207908332, 0.0 ] ] ] ] } },
{ "type": "Feature", "properties": { "ID": 460, "ID_1": 460, "POSESIONAR": "GOBIERNO AUTONOMO DESCENTRALIZADO DE MANTA", "CEDULA___R": "1360000980001", "BARRIO": "NUEVO MANTA", "PARROQUIA": "URBIMANTA", "COORDENADA": 0.0, "COORDENA_1": 0.0, "ÁREA___M2": 230.65, "VIVIENDA": "SI", "RIESGO": "SI" }, "geometry": { "type": "MultiPolygon", "coordinates": [ [ [ [ -80.728198999976428, -0.993340404167585, 0.0 ], [ -80.728146271891532, -0.993462057550824, 0.0 ], [ -80.728112487793538, -0.993533035511196, 0.0 ], [ -80.72819599853598, -0.993571946859943, 0.0 ], [ -80.728277959043453, -0.993388180721404, 0.0 ], [ -80.728198999976428, -0.993340404167585, 0.0 ] ] ] ] } },
{ "type": "Feature", "properties": { "ID": 462, "ID_1": 462, "POSESIONAR": "ANDRADE RAMIREZ JORGE LUIS", "CEDULA___R": "1308145042", "BARRIO": "NUEVO MANTA", "PARROQUIA": "URBIMANTA", "COORDENADA": 0.0, "COORDENA_1": 0.0, "ÁREA___M2": 505.38, "VIVIENDA": "SI", "RIESGO": "SI" }, "geometry": { "type": "MultiPolygon", "coordinates": [ [ [ [ -80.727645995621842, -0.993366160056489, 0.0 ], [ -80.72769850078582, -0.993443700495314, 0.0 ], [ -80.727793610722529, -0.993578493498577, 0.0 ], [ -80.727908143304504, -0.993251110585527, 0.0 ], [ -80.727908916932122, -0.993248071771375, 0.0 ], [ -80.727909157707415, -0.993244944142564, 0.0 ], [ -80.727908858398621, -0.993241821638577, 0.0 ], [ -80.727908027995582, -0.993238798044953, 0.0 ], [ -80.727906691439784, -0.993235964176404, 0.0 ], [ -80.72790488887513, -0.993233405149202, 0.0 ], [ -80.727902674442291, -0.993231197824663, 0.0 ], [ -80.727900114652599, -0.993229408500566, 0.0 ], [ -80.727897286390245, -0.993228090919908, 0.0 ], [ -80.727894274603102, -0.993227284656695, 0.0 ], [ -80.727891169751302, -0.993227013927344, 0.0 ], [ -80.727888065090184, -0.993227286863313, 0.0 ], [ -80.727885053869329, -0.99322809526685, 0.0 ], [ -80.727882226531904, -0.993229414857275, 0.0 ], [ -80.727645995621842, -0.993366160056489, 0.0 ] ] ] ] } },
{ "type": "Feature", "properties": { "ID": 441, "ID_1": 441, "POSESIONAR": "VELEZ MENDOZA VICTOR VICENTE", "CEDULA___R": "1309992533", "BARRIO": "NUEVO MANTA", "PARROQUIA": "URBIMANTA", "COORDENADA": 0.0, "COORDENA_1": 9890348.0, "ÁREA___M2": 198.9, "VIVIENDA": "SI", "RIESGO": "NO" }, "geometry": { "type": "MultiPolygon", "coordinates": [ [ [ [ -80.728366398043519, -0.992136083733146, 0.0 ], [ -80.728292278423368, -0.991974936684288, 0.0 ], [ -80.728210768884239, -0.992022545377124, 0.0 ], [ -80.728285681611808, -0.992177969844937, 0.0 ], [ -80.728366398043519, -0.992136083733146, 0.0 ] ] ] ] } },
{ "type": "Feature", "properties": { "ID": 444, "ID_1": 444, "POSESIONAR": "MARCILLO  AGUILAR  NATALY  ZHARICK", "CEDULA___R": "1309641866", "BARRIO": "NUEVO MANTA", "PARROQUIA": "URBIMANTA", "COORDENADA": 0.0, "COORDENA_1": 0.0, "ÁREA___M2": 206.48, "VIVIENDA": "SI", "RIESGO": "NO" }, "geometry": { "type": "MultiPolygon", "coordinates": [ [ [ [ -80.727361524613869, -0.992726309720368, 0.0 ], [ -80.727282461476065, -0.992769338653043, 0.0 ], [ -80.727360504546468, -0.992939994823636, 0.0 ], [ -80.727439013229287, -0.992894198973472, 0.0 ], [ -80.727361524613869, -0.992726309720368, 0.0 ], [ -80.727361524613869, -0.992726309720368, 0.0 ] ] ] ] } },
{ "type": "Feature", "properties": { "ID": 445, "ID_1": 445, "POSESIONAR": "ALONZO SANTANA GENESIS MONSERRATE", "CEDULA___R": "1315739019", "BARRIO": "NUEVO MANTA", "PARROQUIA": "URBIMANTA", "COORDENADA": 0.0, "COORDENA_1": 0.0, "ÁREA___M2": 97.35, "VIVIENDA": "SI", "RIESGO": "NO" }, "geometry": { "type": "MultiPolygon", "coordinates": [ [ [ [ -80.727824828747288, -0.992875923282628, 0.0 ], [ -80.727747241819173, -0.992921123311196, 0.0 ], [ -80.727784963510416, -0.993001274825241, 0.0 ], [ -80.727862371797215, -0.992956237146311, 0.0 ], [ -80.727824828747288, -0.992875923282628, 0.0 ] ] ] ] } },
{ "type": "Feature", "properties": { "ID": 447, "ID_1": 447, "POSESIONAR": "MARCILLO SALTOS WILMER ADRIAN", "CEDULA___R": "1314352277", "BARRIO": "NUEVO MANTA", "PARROQUIA": "URBIMANTA", "COORDENADA": 530297.0, "COORDENA_1": 0.0, "ÁREA___M2": 194.85, "VIVIENDA": "SI", "RIESGO": "NO" }, "geometry": { "type": "MultiPolygon", "coordinates": [ [ [ [ -80.727709520129338, -0.992840971797184, 0.0 ], [ -80.727631754562026, -0.992886334181406, 0.0 ], [ -80.727707536911268, -0.993046323155222, 0.0 ], [ -80.727784963510416, -0.993001274825241, 0.0 ], [ -80.727747241819173, -0.992921123311196, 0.0 ], [ -80.727709520129338, -0.992840971797184, 0.0 ] ] ] ] } },
{ "type": "Feature", "properties": { "ID": 448, "ID_1": 448, "POSESIONAR": "GOBIERNO AUTONOMO DESCENTRALIZADO DE MANTA", "CEDULA___R": "1360000980001", "BARRIO": "NUEVO MANTA", "PARROQUIA": "URBIMANTA", "COORDENADA": 0.0, "COORDENA_1": 0.0, "ÁREA___M2": 188.37, "VIVIENDA": "SI", "RIESGO": "NO" }, "geometry": { "type": "MultiPolygon", "coordinates": [ [ [ [ -80.727631754562026, -0.992886334181406, 0.0 ], [ -80.727556321960122, -0.992930335691765, 0.0 ], [ -80.727632801184299, -0.993089730438992, 0.0 ], [ -80.727707536891515, -0.99304632316668, 0.0 ], [ -80.727631754562026, -0.992886334181406, 0.0 ] ] ] ] } },
{ "type": "Feature", "properties": { "ID": 453, "ID_1": 453, "POSESIONAR": "GOBIERNO AUTONOMO DESCENTRALIZADO DE MANTA", "CEDULA___R": "1360000980001", "BARRIO": "NUEVO MANTA", "PARROQUIA": "URBIMANTA", "COORDENADA": 0.0, "COORDENA_1": 0.0, "ÁREA___M2": 149.2, "VIVIENDA": "NO", "RIESGO": "SI" }, "geometry": { "type": "MultiPolygon", "coordinates": [ [ [ [ -80.728103343524069, -0.993271000172922, 0.0 ], [ -80.728103343524069, -0.993271000172922, 0.0 ], [ -80.728069314907941, -0.993241431948759, 0.0 ], [ -80.728036773689269, -0.993210213296883, 0.0 ], [ -80.727962099700591, -0.993334285148163, 0.0 ], [ -80.728038301547983, -0.993382261099554, 0.0 ], [ -80.728103343524069, -0.993271000172922, 0.0 ] ] ] ] } },
{ "type": "Feature", "properties": { "ID": 432, "ID_1": 432, "POSESIONAR": "TRIVIÑO BAQUE CARMEN LUCIA", "CEDULA___R": "0927682534", "BARRIO": "30 DE AGOSTO", "PARROQUIA": "URBIMANTA", "COORDENADA": 530496.0, "COORDENA_1": 0.0, "ÁREA___M2": 312.08, "VIVIENDA": "SI", "RIESGO": "SI" }, "geometry": { "type": "MultiPolygon", "coordinates": [ [ [ [ -80.725988540208576, -0.993921770971216, 0.0 ], [ -80.725909266861436, -0.993865380838106, 0.0 ], [ -80.725871108986766, -0.993838222119606, 0.0 ], [ -80.725809535563016, -0.993904129331338, 0.0 ], [ -80.725766378759687, -0.993950458724977, 0.0 ], [ -80.725907511569886, -0.994061946989983, 0.0 ], [ -80.725988540208576, -0.993921770971216, 0.0 ] ] ] ] } },
{ "type": "Feature", "properties": { "ID": 465, "ID_1": 465, "POSESIONAR": "SALTOS ESPINOZA TERESA INES", "CEDULA___R": "1307448173", "BARRIO": "NUEVO MANTA", "PARROQUIA": "URBIMANTA", "COORDENADA": 0.0, "COORDENA_1": 0.0, "ÁREA___M2": 209.37, "VIVIENDA": "SI", "RIESGO": "SI" }, "geometry": { "type": "MultiPolygon", "coordinates": [ [ [ [ -80.727746674852042, -0.993712656184149, 0.0 ], [ -80.727613287605053, -0.99359197258712, 0.0 ], [ -80.7275853984995, -0.993566739606479, 0.0 ], [ -80.727558161914658, -0.993663076357841, 0.0 ], [ -80.727721966660184, -0.993783282701385, 0.0 ], [ -80.727746674852042, -0.993712656184149, 0.0 ] ] ] ] } },
{ "type": "Feature", "properties": { "ID": 456, "ID_1": 456, "POSESIONAR": "GOBIERNO AUTONOMO DESCENTRALIZADO DE MANTA", "CEDULA___R": "1360000980001", "BARRIO": "NUEVO MANTA", "PARROQUIA": "URBIMANTA", "COORDENADA": 0.0, "COORDENA_1": 0.0, "ÁREA___M2": 517.07, "VIVIENDA": "SI", "RIESGO": "SI" }, "geometry": { "type": "MultiPolygon", "coordinates": [ [ [ [ -80.727810176487353, -0.993749044870982, 0.0 ], [ -80.727916809162451, -0.993795090164361, 0.0 ], [ -80.727997879846228, -0.993830097474383, 0.0 ], [ -80.72805165437012, -0.993853317968283, 0.0 ], [ -80.728103220801742, -0.993727514690161, 0.0 ], [ -80.727869403684792, -0.99357974833436, 0.0 ], [ -80.727810176487353, -0.993749044870982, 0.0 ] ] ] ] } },
{ "type": "Feature", "properties": { "ID": 468, "ID_1": 468, "POSESIONAR": "MENDOZA RAMOS PRISSILA DEL CARMEN", "CEDULA___R": "1310228687", "BARRIO": "NUEVO MANTA", "PARROQUIA": "URBIMANTA", "COORDENADA": 0.0, "COORDENA_1": 0.0, "ÁREA___M2": 176.84, "VIVIENDA": "SI", "RIESGO": "SI" }, "geometry": { "type": "MultiPolygon", "coordinates": [ [ [ [ -80.727248256040383, -0.99359639648586, 0.0 ], [ -80.727191366140332, -0.993629327894059, 0.0 ], [ -80.727248524562242, -0.993796535895064, 0.0 ], [ -80.727336436672061, -0.993777821553849, 0.0 ], [ -80.727304032596805, -0.993713806180088, 0.0 ], [ -80.727248256040383, -0.99359639648586, 0.0 ] ] ] ] } },
{ "type": "Feature", "properties": { "ID": 471, "ID_1": 471, "POSESIONAR": "SOSA MENDOZA KEVIN TEOBALDO", "CEDULA___R": "1317146577", "BARRIO": "NUEVO MANTA", "PARROQUIA": "URBIMANTA", "COORDENADA": 0.0, "COORDENA_1": 0.0, "ÁREA___M2": 74.75, "VIVIENDA": "SI", "RIESGO": "SI" }, "geometry": { "type": "MultiPolygon", "coordinates": [ [ [ [ -80.727418618335221, -0.993634040192981, 0.0 ], [ -80.727368545863555, -0.993526765257622, 0.0 ], [ -80.727328704719213, -0.993549827789859, 0.0 ], [ -80.727390761382665, -0.993682777472843, 0.0 ], [ -80.727418618335221, -0.993634040192981, 0.0 ] ] ] ] } },
{ "type": "Feature", "properties": { "ID": 472, "ID_1": 472, "POSESIONAR": "GOBIERNO AUTONOMO DESCENTRALIZADO DE MANTA", "CEDULA___R": "1360000980001", "BARRIO": "NUEVO MANTA", "PARROQUIA": "URBIMANTA", "COORDENADA": 0.0, "COORDENA_1": 0.0, "ÁREA___M2": 57.5, "VIVIENDA": "SI", "RIESGO": "SI" }, "geometry": { "type": "MultiPolygon", "coordinates": [ [ [ [ -80.727409487748588, -0.993503065547245, 0.0 ], [ -80.727368545863555, -0.993526765257622, 0.0 ], [ -80.727418618335207, -0.993634040192981, 0.0 ], [ -80.727444290469464, -0.993589125371713, 0.0 ], [ -80.727409487748588, -0.993503065547245, 0.0 ] ] ] ] } },
{ "type": "Feature", "properties": { "ID": 470, "ID_1": 470, "POSESIONAR": "GOBIERNO AUTONOMO DESCENTRALIZADO DE MANTA", "CEDULA___R": "1360000980001", "BARRIO": "NUEVO MANTA", "PARROQUIA": "URBIMANTA", "COORDENADA": 0.0, "COORDENA_1": 0.0, "ÁREA___M2": 90.73, "VIVIENDA": "SI", "RIESGO": "SI" }, "geometry": { "type": "MultiPolygon", "coordinates": [ [ [ [ -80.727390761382679, -0.993682777472843, 0.0 ], [ -80.727328704719213, -0.993549827789859, 0.0 ], [ -80.72728886357595, -0.993572890320579, 0.0 ], [ -80.727362904407542, -0.993731514790091, 0.0 ], [ -80.727390761382679, -0.993682777472843, 0.0 ] ] ] ] } },
{ "type": "Feature", "properties": { "ID": 469, "ID_1": 469, "POSESIONAR": "GOBIERNO AUTONOMO DESCENTRALIZADO DE MANTA", "CEDULA___R": "1360000980001", "BARRIO": "NUEVO MANTA", "PARROQUIA": "URBIMANTA", "COORDENADA": 0.0, "COORDENA_1": 0.0, "ÁREA___M2": 106.38, "VIVIENDA": "SI", "RIESGO": "SI" }, "geometry": { "type": "MultiPolygon", "coordinates": [ [ [ [ -80.727362904407542, -0.993731514790091, 0.0 ], [ -80.727288863575922, -0.993572890320579, 0.0 ], [ -80.727248256040383, -0.99359639648586, 0.0 ], [ -80.727304032625383, -0.993713806236544, 0.0 ], [ -80.727336436672061, -0.993777821553849, 0.0 ], [ -80.727362904407542, -0.993731514790091, 0.0 ] ] ] ] } },
{ "type": "Feature", "properties": { "ID": 451, "ID_1": 451, "POSESIONAR": "GOBIERNO AUTONOMO DESCENTRALIZADO DE MANTA", "CEDULA___R": "1360000980001", "BARRIO": "NUEVO MANTA", "PARROQUIA": "URBIMANTA", "COORDENADA": 530222.0, "COORDENA_1": 0.0, "ÁREA___M2": 261.21, "VIVIENDA": "NO", "RIESGO": "SI" }, "geometry": { "type": "MultiPolygon", "coordinates": [ [ [ [ -80.72828427299514, -0.993953168346419, 0.0 ], [ -80.72838921572847, -0.993999088831297, 0.0 ], [ -80.728470331603219, -0.99384175276523, 0.0 ], [ -80.728374339735012, -0.99377967969554, 0.0 ], [ -80.72828427299514, -0.993953168346419, 0.0 ] ] ] ] } },
{ "type": "Feature", "properties": { "ID": 467, "ID_1": 467, "POSESIONAR": "FERNANDEZ SALTOS PABLO VINICIO", "CEDULA___R": "1314352301", "BARRIO": "NUEVO MANTA", "PARROQUIA": "URBIMANTA", "COORDENADA": 0.0, "COORDENA_1": 0.0, "ÁREA___M2": 249.16, "VIVIENDA": "SI", "RIESGO": "SI" }, "geometry": { "type": "MultiPolygon", "coordinates": [ [ [ [ -80.727697456589709, -0.993853342898981, 0.0 ], [ -80.727535703849654, -0.993754234246917, 0.0 ], [ -80.727505747293975, -0.99387582869841, 0.0 ], [ -80.727663423070027, -0.993950625154321, 0.0 ], [ -80.727697456589709, -0.993853342898981, 0.0 ] ] ] ] } },
{ "type": "Feature", "properties": { "ID": 466, "ID_1": 466, "POSESIONAR": "MARCILLO SALTOS DAMARIS MAYTTE", "CEDULA___R": "1314352269", "BARRIO": "NUEVO MANTA", "PARROQUIA": "URBIMANTA", "COORDENADA": 0.0, "COORDENA_1": 0.0, "ÁREA___M2": 193.03, "VIVIENDA": "SI", "RIESGO": "SI" }, "geometry": { "type": "MultiPolygon", "coordinates": [ [ [ [ -80.727721966660184, -0.993783282701385, 0.0 ], [ -80.727558161914658, -0.993663076357841, 0.0 ], [ -80.727535703849654, -0.993754234246917, 0.0 ], [ -80.727697456589709, -0.993853342898981, 0.0 ], [ -80.727721966660184, -0.993783282701385, 0.0 ], [ -80.727721966660184, -0.993783282701385, 0.0 ] ] ] ] } },
{ "type": "Feature", "properties": { "ID": 450, "ID_1": 450, "POSESIONAR": "GOBIERNO AUTONOMO DESCENTRALIZADO DE MANTA", "CEDULA___R": "1360000980001", "BARRIO": "NUEVO MANTA", "PARROQUIA": "URBIMANTA", "COORDENADA": 530230.0, "COORDENA_1": 0.0, "ÁREA___M2": 257.57, "VIVIENDA": "NO", "RIESGO": "SI" }, "geometry": { "type": "MultiPolygon", "coordinates": [ [ [ [ -80.72828427299514, -0.993953168346419, 0.0 ], [ -80.728200911489154, -0.994113741195799, 0.0 ], [ -80.72830457501864, -0.994163261805445, 0.0 ], [ -80.72838921572847, -0.993999088831297, 0.0 ], [ -80.72828427299514, -0.993953168346419, 0.0 ] ] ] ] } },
{ "type": "Feature", "properties": { "ID": 473, "ID_1": 473, "POSESIONAR": "GOBIERNO AUTONOMO DESCENTRALIZADO DE MANTA", "CEDULA___R": "1360000980001", "BARRIO": "NUEVO MANTA", "PARROQUIA": "URBIMANTA", "COORDENADA": 0.0, "COORDENA_1": 0.0, "ÁREA___M2": 142.1, "VIVIENDA": "SI", "RIESGO": "SI" }, "geometry": { "type": "MultiPolygon", "coordinates": [ [ [ [ -80.727184751081182, -0.99388803605426, 0.0 ], [ -80.727064783767148, -0.993884433736621, 0.0 ], [ -80.727052528718986, -0.993953359328956, 0.0 ], [ -80.727218236201352, -0.993983769562999, 0.0 ], [ -80.727184751081182, -0.99388803605426, 0.0 ] ] ] ] } },
{ "type": "Feature", "properties": { "ID": 474, "ID_1": 474, "POSESIONAR": "SANCHEZ QUIÑONEZ LEONELA KARINA", "CEDULA___R": "0928623321", "BARRIO": "NUEVO MANTA", "PARROQUIA": "URBIMANTA", "COORDENADA": 0.0, "COORDENA_1": 0.0, "ÁREA___M2": 240.82, "VIVIENDA": "SI", "RIESGO": "SI" }, "geometry": { "type": "MultiPolygon", "coordinates": [ [ [ [ -80.727052528718986, -0.993953359328956, 0.0 ], [ -80.727064783767148, -0.993884433736621, 0.0 ], [ -80.727184751081182, -0.99388803605426, 0.0 ], [ -80.727143900164066, -0.993768533095493, 0.0 ], [ -80.726938757946513, -0.993866013064141, 0.0 ], [ -80.727052528718986, -0.993953359328956, 0.0 ] ] ] ] } },
{ "type": "Feature", "properties": { "ID": 409, "ID_1": 409, "POSESIONAR": "CHAVEZ CHAVEZ JOSE STALIN", "CEDULA___R": "1312183559", "BARRIO": "30 DE AGOSTO", "PARROQUIA": "URBIMANTA", "COORDENADA": 0.0, "COORDENA_1": 0.0, "ÁREA___M2": 169.1, "VIVIENDA": "SI", "RIESGO": "SI" }, "geometry": { "type": "MultiPolygon", "coordinates": [ [ [ [ -80.727393263904062, -0.994696448673573, 0.0 ], [ -80.727431441073421, -0.994599763063214, 0.0 ], [ -80.727329804719844, -0.994538156639813, 0.0 ], [ -80.727272101766474, -0.994635668299811, 0.0 ], [ -80.727393263904062, -0.994696448673573, 0.0 ] ] ] ] } },
{ "type": "Feature", "properties": { "ID": 410, "ID_1": 410, "POSESIONAR": "GOBIERNO AUTONOMO DESCENTRALIZADO DE MANTA", "CEDULA___R": "1360000980001", "BARRIO": "30 DE AGOSTO", "PARROQUIA": "URBIMANTA", "COORDENADA": 0.0, "COORDENA_1": 0.0, "ÁREA___M2": 92.75, "VIVIENDA": "SI", "RIESGO": "SI" }, "geometry": { "type": "MultiPolygon", "coordinates": [ [ [ [ -80.727222008591966, -0.994472816491454, 0.0 ], [ -80.727165800613093, -0.994438746270364, 0.0 ], [ -80.727111220725661, -0.994539823659498, 0.0 ], [ -80.727167407616605, -0.99457392910831, 0.0 ], [ -80.727222008591966, -0.994472816491454, 0.0 ] ] ] ] } },
{ "type": "Feature", "properties": { "ID": 411, "ID_1": 411, "POSESIONAR": "GOBIERNO AUTONOMO DESCENTRALIZADO DE MANTA", "CEDULA___R": "1360000980001", "BARRIO": "30 DE AGOSTO", "PARROQUIA": "URBIMANTA", "COORDENADA": 0.0, "COORDENA_1": 0.0, "ÁREA___M2": 78.45, "VIVIENDA": "NO", "RIESGO": "SI" }, "geometry": { "type": "MultiPolygon", "coordinates": [ [ [ [ -80.727165800613093, -0.994438746270364, 0.0 ], [ -80.727114212469104, -0.994407476340788, 0.0 ], [ -80.727068183033424, -0.994492395663261, 0.0 ], [ -80.727111220725661, -0.994539823659498, 0.0 ], [ -80.727165800613093, -0.994438746270364, 0.0 ] ] ] ] } },
{ "type": "Feature", "properties": { "ID": 413, "ID_1": 413, "POSESIONAR": "GOBIERNO AUTONOMO DESCENTRALIZADO DE MANTA", "CEDULA___R": "1360000980001", "BARRIO": "30 DE AGOSTO", "PARROQUIA": "URBIMANTA", "COORDENADA": 0.0, "COORDENA_1": 0.0, "ÁREA___M2": 76.87, "VIVIENDA": "NO", "RIESGO": "SI" }, "geometry": { "type": "MultiPolygon", "coordinates": [ [ [ [ -80.727004876406454, -0.99434120275687, 0.0 ], [ -80.726950978349237, -0.994308532679369, 0.0 ], [ -80.726904185891598, -0.99440297048723, 0.0 ], [ -80.726960517057151, -0.994426838457042, 0.0 ], [ -80.727004876406454, -0.99434120275687, 0.0 ] ] ] ] } },
{ "type": "Feature", "properties": { "ID": 414, "ID_1": 414, "POSESIONAR": "INDIO MANTUANO ADRIAN ARNOLD", "CEDULA___R": "1313832261", "BARRIO": "30 DE AGOSTO", "PARROQUIA": "URBIMANTA", "COORDENADA": 0.0, "COORDENA_1": 0.0, "ÁREA___M2": 83.22, "VIVIENDA": "SI", "RIESGO": "SI" }, "geometry": { "type": "MultiPolygon", "coordinates": [ [ [ [ -80.726904185891598, -0.99440297048723, 0.0 ], [ -80.726950978349237, -0.994308532679369, 0.0 ], [ -80.726897080293242, -0.994275862601289, 0.0 ], [ -80.726848164873587, -0.994374145214828, 0.0 ], [ -80.726904185891598, -0.99440297048723, 0.0 ] ] ] ] } },
{ "type": "Feature", "properties": { "ID": 415, "ID_1": 415, "POSESIONAR": "JURADO VERA ANGEL GABRIEL", "CEDULA___R": "918569526", "BARRIO": "30 DE AGOSTO", "PARROQUIA": "URBIMANTA", "COORDENADA": 0.0, "COORDENA_1": 0.0, "ÁREA___M2": 88.88, "VIVIENDA": "SI", "RIESGO": "SI" }, "geometry": { "type": "MultiPolygon", "coordinates": [ [ [ [ -80.726897080293227, -0.994275862601289, 0.0 ], [ -80.726843182238454, -0.994243192522611, 0.0 ], [ -80.726789560149228, -0.9943511056139, 0.0 ], [ -80.726848164873587, -0.994374145214828, 0.0 ], [ -80.726897080293227, -0.994275862601289, 0.0 ] ] ] ] } },
{ "type": "Feature", "properties": { "ID": 416, "ID_1": 416, "POSESIONAR": "VEGA BETANCOURT STEFANY GUADALUPE (BETANCOURT MACIAS BELGICA JESSENIA REPRESENTANTE LEGAL)", "CEDULA___R": "1310931777", "BARRIO": "30 DE AGOSTO", "PARROQUIA": "URBIMANTA", "COORDENADA": 0.0, "COORDENA_1": 0.0, "ÁREA___M2": 94.18, "VIVIENDA": "SI", "RIESGO": "SI" }, "geometry": { "type": "MultiPolygon", "coordinates": [ [ [ [ -80.726843182238454, -0.994243192522611, 0.0 ], [ -80.726789284184861, -0.994210522443352, 0.0 ], [ -80.72673438007493, -0.994320681186084, 0.0 ], [ -80.726789560149228, -0.9943511056139, 0.0 ], [ -80.726843182238454, -0.994243192522611, 0.0 ] ] ] ] } },
{ "type": "Feature", "properties": { "ID": 422, "ID_1": 422, "POSESIONAR": "GOBIERNO AUTONOMO DESCENTRALIZADO DE MANTA", "CEDULA___R": "1360000980001", "BARRIO": "30 DE AGOSTO", "PARROQUIA": "URBIMANTA", "COORDENADA": 0.0, "COORDENA_1": 0.0, "ÁREA___M2": 214.92, "VIVIENDA": "SI", "RIESGO": "SI" }, "geometry": { "type": "MultiPolygon", "coordinates": [ [ [ [ -80.726841636977426, -0.994683081717367, 0.0 ], [ -80.726932843520515, -0.994515387233107, 0.0 ], [ -80.726855864223751, -0.994468685734124, 0.0 ], [ -80.726761819751417, -0.994635873321382, 0.0 ], [ -80.726841636977426, -0.994683081717367, 0.0 ] ] ] ] } },
{ "type": "Feature", "properties": { "ID": 423, "ID_1": 423, "POSESIONAR": "BARRE REYES DIGNA EMERITA", "CEDULA___R": "1311467961", "BARRIO": "30 DE AGOSTO", "PARROQUIA": "URBIMANTA", "COORDENADA": 0.0, "COORDENA_1": 0.0, "ÁREA___M2": 211.02, "VIVIENDA": "SI", "RIESGO": "SI" }, "geometry": { "type": "MultiPolygon", "coordinates": [ [ [ [ -80.726919097716149, -0.994728969561117, 0.0 ], [ -80.726996171153928, -0.994774627964576, 0.0 ], [ -80.727089875686104, -0.994605182593685, 0.0 ], [ -80.727012912921154, -0.994558453490136, 0.0 ], [ -80.726993547750453, -0.994599274102763, 0.0 ], [ -80.726919097716149, -0.994728969561117, 0.0 ] ] ] ] } },
{ "type": "Feature", "properties": { "ID": 424, "ID_1": 424, "POSESIONAR": "GOBIERNO AUTONOMO DESCENTRALIZADO DE MANTA", "CEDULA___R": "1360000980001", "BARRIO": "30 DE AGOSTO", "PARROQUIA": "URBIMANTA", "COORDENADA": 0.0, "COORDENA_1": 0.0, "ÁREA___M2": 189.41, "VIVIENDA": "SI", "RIESGO": "SI" }, "geometry": { "type": "MultiPolygon", "coordinates": [ [ [ [ -80.727089875686104, -0.994605182593685, 0.0 ], [ -80.726996171153928, -0.994774627964576, 0.0 ], [ -80.727075181112767, -0.994821433562818, 0.0 ], [ -80.727147767462085, -0.994639944657105, 0.0 ], [ -80.727089875686104, -0.994605182593685, 0.0 ] ] ] ] } },
{ "type": "Feature", "properties": { "ID": 427, "ID_1": 427, "POSESIONAR": "GOBIERNO AUTONOMO DESCENTRALIZADO DE MANTA", "CEDULA___R": "1360000980001", "BARRIO": "30 DE AGOSTO", "PARROQUIA": "URBIMANTA", "COORDENADA": 0.0, "COORDENA_1": 0.0, "ÁREA___M2": 113.8, "VIVIENDA": "SI", "RIESGO": "SI" }, "geometry": { "type": "MultiPolygon", "coordinates": [ [ [ [ -80.727370689576475, -0.994753619294812, 0.0 ], [ -80.727370689576475, -0.994753619294812, 0.0 ], [ -80.727393263904062, -0.994696448673573, 0.0 ], [ -80.727272101766445, -0.994635668299794, 0.0 ], [ -80.727258892430527, -0.994627878622039, 0.0 ], [ -80.727233908091819, -0.994684024424392, 0.0 ], [ -80.727370689576475, -0.994753619294812, 0.0 ] ] ] ] } },
{ "type": "Feature", "properties": { "ID": 426, "ID_1": 426, "POSESIONAR": "CHAVEZ MERO ALEJANDRA JELENNY", "CEDULA___R": "1313190157", "BARRIO": "30 DE AGOSTO", "PARROQUIA": "URBIMANTA", "COORDENADA": 0.0, "COORDENA_1": 0.0, "ÁREA___M2": 115.4, "VIVIENDA": "SI", "RIESGO": "SI" }, "geometry": { "type": "MultiPolygon", "coordinates": [ [ [ [ -80.727370689576475, -0.994753619294812, 0.0 ], [ -80.727233908101283, -0.994684024403143, 0.0 ], [ -80.727211854612264, -0.994735537397533, 0.0 ], [ -80.727346455370778, -0.994814993637724, 0.0 ], [ -80.727370689576475, -0.994753619294812, 0.0 ] ] ] ] } },
{ "type": "Feature", "properties": { "ID": 412, "ID_1": 412, "POSESIONAR": "BARRETO  QUIJIJE  KELLY  SULAY", "CEDULA___R": "1310728132", "BARRIO": "30 DE AGOSTO", "PARROQUIA": "URBIMANTA", "COORDENADA": 0.0, "COORDENA_1": 0.0, "ÁREA___M2": 150.42, "VIVIENDA": "SI", "RIESGO": "SI" }, "geometry": { "type": "MultiPolygon", "coordinates": [ [ [ [ -80.727114212469104, -0.994407476340788, 0.0 ], [ -80.727004876406454, -0.99434120275687, 0.0 ], [ -80.726960517057151, -0.994426838457042, 0.0 ], [ -80.727068183033424, -0.994492395663261, 0.0 ], [ -80.727114212469104, -0.994407476340788, 0.0 ] ] ] ] } },
{ "type": "Feature", "properties": { "ID": 392, "ID_1": 392, "POSESIONAR": "ZAMBRANO SALTOS ANGEL FABIAN", "CEDULA___R": "1306749951", "BARRIO": "30 DE AGOSTO", "PARROQUIA": "URBIMANTA", "COORDENADA": 0.0, "COORDENA_1": 9890084.0, "ÁREA___M2": 162.62, "VIVIENDA": "SI", "RIESGO": "SI" }, "geometry": { "type": "MultiPolygon", "coordinates": [ [ [ [ -80.727507769096462, -0.994373205257418, 0.0 ], [ -80.727430742681989, -0.994336115715147, 0.0 ], [ -80.727368781132526, -0.994456173043471, 0.0 ], [ -80.727457894344795, -0.994510188619838, 0.0 ], [ -80.727507769096462, -0.994373205257418, 0.0 ] ] ] ] } },
{ "type": "Feature", "properties": { "ID": 395, "ID_1": 395, "POSESIONAR": "GOBIERNO AUTONOMO DESCENTRALIZADO DE MANTA", "CEDULA___R": "1360000980001", "BARRIO": "30 DE AGOSTO", "PARROQUIA": "URBIMANTA", "COORDENADA": 0.0, "COORDENA_1": 0.0, "ÁREA___M2": 127.13, "VIVIENDA": "SI", "RIESGO": "SI" }, "geometry": { "type": "MultiPolygon", "coordinates": [ [ [ [ -80.727269675577361, -0.994255809980264, 0.0 ], [ -80.727192087570074, -0.994215785526108, 0.0 ], [ -80.727140664634319, -0.994317901228364, 0.0 ], [ -80.727216891891146, -0.994364106048429, 0.0 ], [ -80.727269675577361, -0.994255809980264, 0.0 ] ] ] ] } },
{ "type": "Feature", "properties": { "ID": 398, "ID_1": 398, "POSESIONAR": "VILLEGAS VEGA KEVIN GEOVANNY", "CEDULA___R": "1725327058", "BARRIO": "30 DE AGOSTO", "PARROQUIA": "URBIMANTA", "COORDENADA": 0.0, "COORDENA_1": 0.0, "ÁREA___M2": 109.46, "VIVIENDA": "SI", "RIESGO": "SI" }, "geometry": { "type": "MultiPolygon", "coordinates": [ [ [ [ -80.726987919172004, -0.994225315222782, 0.0 ], [ -80.727032913504402, -0.9941336718718, 0.0 ], [ -80.726952926341284, -0.994092408624162, 0.0 ], [ -80.726910787653992, -0.994178562280541, 0.0 ], [ -80.726987919172004, -0.994225315222782, 0.0 ] ] ] ] } },
{ "type": "Feature", "properties": { "ID": 399, "ID_1": 399, "POSESIONAR": "ZAMBRANO VELEZ YANCARLOS LEANDRO", "CEDULA___R": "1310106750", "BARRIO": "30 DE AGOSTO", "PARROQUIA": "URBIMANTA", "COORDENADA": 0.0, "COORDENA_1": 0.0, "ÁREA___M2": 324.47, "VIVIENDA": "SI", "RIESGO": "SI" }, "geometry": { "type": "MultiPolygon", "coordinates": [ [ [ [ -80.726887323220538, -0.994164339413288, 0.0 ], [ -80.726962326980058, -0.994030985170144, 0.0 ], [ -80.726804106689499, -0.993947607268301, 0.0 ], [ -80.726734483744679, -0.994071696403561, 0.0 ], [ -80.726887323220538, -0.994164339413288, 0.0 ] ] ] ] } },
{ "type": "Feature", "properties": { "ID": 400, "ID_1": 400, "POSESIONAR": "GOBIERNO AUTONOMO DESCENTRALIZADO DE MANTA", "CEDULA___R": "1360000980001", "BARRIO": "30 DE AGOSTO", "PARROQUIA": "URBIMANTA", "COORDENADA": 530404.0, "COORDENA_1": 0.0, "ÁREA___M2": 156.47, "VIVIENDA": "NO", "RIESGO": "SI" }, "geometry": { "type": "MultiPolygon", "coordinates": [ [ [ [ -80.72673448374448, -0.994071696403898, 0.0 ], [ -80.726804106689499, -0.993947607268301, 0.0 ], [ -80.726729694659028, -0.993900662988976, 0.0 ], [ -80.726657486530982, -0.994025024860827, 0.0 ], [ -80.72673448374448, -0.994071696403898, 0.0 ] ] ] ] } },
{ "type": "Feature", "properties": { "ID": 393, "ID_1": 393, "POSESIONAR": "GOBIERNO AUTONOMO DESCENTRALIZADO DE MANTA", "CEDULA___R": "1360000980001", "BARRIO": "30 DE AGOSTO", "PARROQUIA": "URBIMANTA", "COORDENADA": 0.0, "COORDENA_1": 0.0, "ÁREA___M2": 143.36, "VIVIENDA": "SI", "RIESGO": "SI" }, "geometry": { "type": "MultiPolygon", "coordinates": [ [ [ [ -80.727430742682003, -0.994336115715147, 0.0 ], [ -80.727349662294714, -0.994297074112748, 0.0 ], [ -80.727293120261137, -0.994410311540701, 0.0 ], [ -80.727368781132526, -0.994456173043471, 0.0 ], [ -80.727430742682003, -0.994336115715147, 0.0 ] ] ] ] } },
{ "type": "Feature", "properties": { "ID": 394, "ID_1": 394, "POSESIONAR": "GOBIERNO AUTONOMO DESCENTRALIZADO DE MANTA", "CEDULA___R": "1360000980001", "BARRIO": "30 DE AGOSTO", "PARROQUIA": "URBIMANTA", "COORDENADA": 0.0, "COORDENA_1": 0.0, "ÁREA___M2": 135.79, "VIVIENDA": "SI", "RIESGO": "SI" }, "geometry": { "type": "MultiPolygon", "coordinates": [ [ [ [ -80.727349662294714, -0.994297074112748, 0.0 ], [ -80.727269675577361, -0.994255809980264, 0.0 ], [ -80.727216891671702, -0.994364105915468, 0.0 ], [ -80.727293127073224, -0.994410297554919, 0.0 ], [ -80.727349662294714, -0.994297074112748, 0.0 ] ] ] ] } },
{ "type": "Feature", "properties": { "ID": 397, "ID_1": 397, "POSESIONAR": "GOBIERNO AUTONOMO DESCENTRALIZADO DE MANTA", "CEDULA___R": "1360000980001", "BARRIO": "30 DE AGOSTO", "PARROQUIA": "URBIMANTA", "COORDENADA": 0.0, "COORDENA_1": 0.0, "ÁREA___M2": 114.02, "VIVIENDA": "NO", "RIESGO": "SI" }, "geometry": { "type": "MultiPolygon", "coordinates": [ [ [ [ -80.726987919172004, -0.994225315222782, 0.0 ], [ -80.727062864021278, -0.994270742722444, 0.0 ], [ -80.72711210079666, -0.994174522484755, 0.0 ], [ -80.727032913504402, -0.9941336718718, 0.0 ], [ -80.726987919172004, -0.994225315222782, 0.0 ] ] ] ] } },
{ "type": "Feature", "properties": { "ID": 407, "ID_1": 407, "POSESIONAR": "GOBIERNO AUTONOMO DESCENTRALIZADO DE MANTA", "CEDULA___R": "1360000980001", "BARRIO": "30 DE AGOSTO", "PARROQUIA": "URBIMANTA", "COORDENADA": 0.0, "COORDENA_1": 9890120.0, "ÁREA___M2": 898.08, "VIVIENDA": "NO", "RIESGO": "SI" }, "geometry": { "type": "MultiPolygon", "coordinates": [ [ [ [ -80.727340507955489, -0.994062329444241, 0.0 ], [ -80.727340507955546, -0.994062329444241, 0.0 ], [ -80.727318493529765, -0.994060506186642, 0.0 ], [ -80.727297070344719, -0.994055089015267, 0.0 ], [ -80.727276813471349, -0.99404622334541, 0.0 ], [ -80.727258266672877, -0.99403414716171, 0.0 ], [ -80.727006036523207, -0.993994213438467, 0.0 ], [ -80.726972540480546, -0.994061792260253, 0.0 ], [ -80.727404865116654, -0.994284816994539, 0.0 ], [ -80.727502410214626, -0.994057119514151, 0.0 ], [ -80.727340507955489, -0.994062329444241, 0.0 ] ] ] ] } },
{ "type": "Feature", "properties": { "ID": 408, "ID_1": 408, "POSESIONAR": "MOREIRA SORNOZA WALTER ELI", "CEDULA___R": "1306777457", "BARRIO": "30 DE AGOSTO", "PARROQUIA": "URBIMANTA", "COORDENADA": 0.0, "COORDENA_1": 0.0, "ÁREA___M2": 367.46, "VIVIENDA": "SI", "RIESGO": "SI" }, "geometry": { "type": "MultiPolygon", "coordinates": [ [ [ [ -80.727521560341515, -0.99433532694819, 0.0 ], [ -80.727606522415883, -0.99410197454885, 0.0 ], [ -80.7275056674697, -0.99405701325657, 0.0 ], [ -80.727502410214626, -0.994057119514151, 0.0 ], [ -80.727404865116654, -0.994284816994539, 0.0 ], [ -80.727521560341515, -0.99433532694819, 0.0 ] ] ] ] } },
{ "type": "Feature", "properties": { "ID": 381, "ID_1": 381, "POSESIONAR": "GOBIERNO AUTONOMO DESCENTRALIZADO DE MANTA", "CEDULA___R": "1360000980001", "BARRIO": "30 DE AGOSTO", "PARROQUIA": "URBIMANTA", "COORDENADA": 0.0, "COORDENA_1": 9890060.0, "ÁREA___M2": 118.18, "VIVIENDA": "NO", "RIESGO": "SI" }, "geometry": { "type": "MultiPolygon", "coordinates": [ [ [ [ -80.72808655923636, -0.994649841877808, 0.0 ], [ -80.728113232168312, -0.994584609238955, 0.0 ], [ -80.727993908351266, -0.99451788479021, 0.0 ], [ -80.727968151900171, -0.994585428684171, 0.0 ], [ -80.72808655923636, -0.994649841877808, 0.0 ] ] ] ] } },
{ "type": "Feature", "properties": { "ID": 380, "ID_1": 380, "POSESIONAR": "GUAGUA CEDEÑO MANUEL ANTHONY", "CEDULA___R": "944389626", "BARRIO": "30 DE AGOSTO", "PARROQUIA": "URBIMANTA", "COORDENADA": 0.0, "COORDENA_1": 0.0, "ÁREA___M2": 124.62, "VIVIENDA": "SI", "RIESGO": "SI" }, "geometry": { "type": "MultiPolygon", "coordinates": [ [ [ [ -80.728113232168255, -0.994584609239056, 0.0 ], [ -80.728148901615398, -0.994521765184064, 0.0 ], [ -80.728019224335938, -0.994451495974354, 0.0 ], [ -80.727993908351266, -0.99451788479021, 0.0 ], [ -80.728113232168255, -0.994584609239056, 0.0 ] ] ] ] } },
{ "type": "Feature", "properties": { "ID": 379, "ID_1": 379, "POSESIONAR": "ROLDAN LADIS BELLAMIA", "CEDULA___R": "1302007321", "BARRIO": "30 DE AGOSTO", "PARROQUIA": "URBIMANTA", "COORDENADA": 0.0, "COORDENA_1": 0.0, "ÁREA___M2": 131.52, "VIVIENDA": "SI", "RIESGO": "SI" }, "geometry": { "type": "MultiPolygon", "coordinates": [ [ [ [ -80.728148901615398, -0.994521765184064, 0.0 ], [ -80.728176507695565, -0.994454294534855, 0.0 ], [ -80.728044991014784, -0.994383925250933, 0.0 ], [ -80.728019224335938, -0.994451495974354, 0.0 ], [ -80.728148901615398, -0.994521765184064, 0.0 ] ] ] ] } },
{ "type": "Feature", "properties": { "ID": 378, "ID_1": 378, "POSESIONAR": "GOBIERNO AUTONOMO DESCENTRALIZADO DE MANTA", "CEDULA___R": "1360000980001", "BARRIO": "30 DE AGOSTO", "PARROQUIA": "URBIMANTA", "COORDENADA": 0.0, "COORDENA_1": 0.0, "ÁREA___M2": 167.12, "VIVIENDA": "SI", "RIESGO": "SI" }, "geometry": { "type": "MultiPolygon", "coordinates": [ [ [ [ -80.728176507695565, -0.994454294534855, 0.0 ], [ -80.728215941467866, -0.99436473477385, 0.0 ], [ -80.728074414861823, -0.994306763938445, 0.0 ], [ -80.728044991014784, -0.994383925250933, 0.0 ], [ -80.728176507695565, -0.994454294534855, 0.0 ] ] ] ] } },
{ "type": "Feature", "properties": { "ID": 384, "ID_1": 384, "POSESIONAR": "GOBIERNO AUTONOMO DESCENTRALIZADO DE MANTA", "CEDULA___R": "1360000980001", "BARRIO": "30 DE AGOSTO", "PARROQUIA": "URBIMANTA", "COORDENADA": 0.0, "COORDENA_1": 0.0, "ÁREA___M2": 135.08, "VIVIENDA": "SI", "RIESGO": "SI" }, "geometry": { "type": "MultiPolygon", "coordinates": [ [ [ [ -80.728026651207159, -0.994783253252857, 0.0 ], [ -80.727917061293539, -0.994719409026549, 0.0 ], [ -80.727885497104282, -0.994802183159974, 0.0 ], [ -80.727992756402386, -0.994864892429341, 0.0 ], [ -80.728026651207159, -0.994783253252857, 0.0 ] ] ] ] } },
{ "type": "Feature", "properties": { "ID": 383, "ID_1": 383, "POSESIONAR": "GOBIERNO AUTONOMO DESCENTRALIZADO DE MANTA", "CEDULA___R": "1360000980001", "BARRIO": "30 DE AGOSTO", "PARROQUIA": "URBIMANTA", "COORDENADA": 0.0, "COORDENA_1": 9890054.0, "ÁREA___M2": 115.9, "VIVIENDA": "SI", "RIESGO": "SI" }, "geometry": { "type": "MultiPolygon", "coordinates": [ [ [ [ -80.728026651207159, -0.994783253252857, 0.0 ], [ -80.728057712081608, -0.994714082460805, 0.0 ], [ -80.7279426018995, -0.994652431177083, 0.0 ], [ -80.72791706129442, -0.994719409026902, 0.0 ], [ -80.728026651207159, -0.994783253252857, 0.0 ] ] ] ] } },
{ "type": "Feature", "properties": { "ID": 382, "ID_1": 382, "POSESIONAR": "LÓPEZ BAQUE SHIRLEY MARIBEL", "CEDULA___R": "1311871949", "BARRIO": "30 DE AGOSTO", "PARROQUIA": "URBIMANTA", "COORDENADA": 0.0, "COORDENA_1": 0.0, "ÁREA___M2": 115.31, "VIVIENDA": "SI", "RIESGO": "SI" }, "geometry": { "type": "MultiPolygon", "coordinates": [ [ [ [ -80.728057712081608, -0.994714082460805, 0.0 ], [ -80.72808655923636, -0.994649841877808, 0.0 ], [ -80.727968151932089, -0.994585428702087, 0.0 ], [ -80.7279426018995, -0.994652431177083, 0.0 ], [ -80.728057712081608, -0.994714082460805, 0.0 ] ] ] ] } },
{ "type": "Feature", "properties": { "ID": 425, "ID_1": 425, "POSESIONAR": "GOBIERNO AUTONOMO DESCENTRALIZADO DE MANTA", "CEDULA___R": "1360000980001", "BARRIO": "30 DE AGOSTO", "PARROQUIA": "URBIMANTA", "COORDENADA": 0.0, "COORDENA_1": 0.0, "ÁREA___M2": 509.14, "VIVIENDA": "SI", "RIESGO": "SI" }, "geometry": { "type": "MultiPolygon", "coordinates": [ [ [ [ -80.727147767462085, -0.994639944657105, 0.0 ], [ -80.727075181112767, -0.994821433562818, 0.0 ], [ -80.727292968737984, -0.99495045120925, 0.0 ], [ -80.727346455370778, -0.994814993637724, 0.0 ], [ -80.727211854610914, -0.994735537400667, 0.0 ], [ -80.727233908101326, -0.994684024403042, 0.0 ], [ -80.727147767462085, -0.994639944657105, 0.0 ] ] ] ] } },
{ "type": "Feature", "properties": { "ID": 396, "ID_1": 396, "POSESIONAR": "GOBIERNO AUTONOMO DESCENTRALIZADO DE MANTA", "CEDULA___R": "1360000980001", "BARRIO": "30 DE AGOSTO", "PARROQUIA": "URBIMANTA", "COORDENADA": 530359.0, "COORDENA_1": 0.0, "ÁREA___M2": 123.58, "VIVIENDA": "SI", "RIESGO": "SI" }, "geometry": { "type": "MultiPolygon", "coordinates": [ [ [ [ -80.727140664634319, -0.994317901228364, 0.0 ], [ -80.727192087570074, -0.994215785526108, 0.0 ], [ -80.72711210079666, -0.994174522484755, 0.0 ], [ -80.727062864021278, -0.994270742722444, 0.0 ], [ -80.727140664634319, -0.994317901228364, 0.0 ] ] ] ] } },
{ "type": "Feature", "properties": { "ID": 390, "ID_1": 390, "POSESIONAR": "GOBIERNO AUTONOMO DESCENTRALIZADO DE MANTA", "CEDULA___R": "1360000980001", "BARRIO": "30 DE AGOSTO", "PARROQUIA": "URBIMANTA", "COORDENADA": 530314.0, "COORDENA_1": 0.0, "ÁREA___M2": 203.32, "VIVIENDA": "NO", "RIESGO": "SI" }, "geometry": { "type": "MultiPolygon", "coordinates": [ [ [ [ -80.727513691513963, -0.994582074604536, 0.0 ], [ -80.727508317009224, -0.994594887125383, 0.0 ], [ -80.727483674250564, -0.994658321542568, 0.0 ], [ -80.72765067730181, -0.994756816748265, 0.0 ], [ -80.727691770130747, -0.994682573967042, 0.0 ], [ -80.727652700542507, -0.994660522988686, 0.0 ], [ -80.727513691513963, -0.994582074604536, 0.0 ] ] ] ] } },
{ "type": "Feature", "properties": { "ID": 389, "ID_1": 389, "POSESIONAR": "GOBIERNO AUTONOMO DESCENTRALIZADO DE MANTA", "CEDULA___R": "1360000980001", "BARRIO": "30 DE AGOSTO", "PARROQUIA": "URBIMANTA", "COORDENADA": 0.0, "COORDENA_1": 9890047.0, "ÁREA___M2": 149.91, "VIVIENDA": "NO", "RIESGO": "SI" }, "geometry": { "type": "MultiPolygon", "coordinates": [ [ [ [ -80.727691770130747, -0.994682573967042, 0.0 ], [ -80.727650677124828, -0.994756817068045, 0.0 ], [ -80.727777908351825, -0.994831855927161, 0.0 ], [ -80.727809497070041, -0.994749017480918, 0.0 ], [ -80.727691770130747, -0.994682573967042, 0.0 ] ] ] ] } },
{ "type": "Feature", "properties": { "ID": 387, "ID_1": 387, "POSESIONAR": "GOBIERNO AUTONOMO DESCENTRALIZADO DE MANTA", "CEDULA___R": "1360000980001", "BARRIO": "30 DE AGOSTO", "PARROQUIA": "URBIMANTA", "COORDENADA": 0.0, "COORDENA_1": 0.0, "ÁREA___M2": 705.36, "VIVIENDA": "SI", "RIESGO": "SI" }, "geometry": { "type": "MultiPolygon", "coordinates": [ [ [ [ -80.727618286659933, -0.994332725555803, 0.0 ], [ -80.72755185944564, -0.994491084370736, 0.0 ], [ -80.727704555435011, -0.994577049196046, 0.0 ], [ -80.727844935745452, -0.994656082876283, 0.0 ], [ -80.72790741918746, -0.994492225887126, 0.0 ], [ -80.727618286659933, -0.994332725555803, 0.0 ] ] ] ] } },
{ "type": "Feature", "properties": { "ID": 386, "ID_1": 386, "POSESIONAR": "MOREIRA ARCENTALES SANTOS EDUARDO", "CEDULA___R": "1706681838", "BARRIO": "30 DE AGOSTO", "PARROQUIA": "URBIMANTA", "COORDENADA": 0.0, "COORDENA_1": 0.0, "ÁREA___M2": 350.46, "VIVIENDA": "SI", "RIESGO": "SI" }, "geometry": { "type": "MultiPolygon", "coordinates": [ [ [ [ -80.727938017108713, -0.994411985688434, 0.0 ], [ -80.727799271480322, -0.994333621691763, 0.0 ], [ -80.727652648637118, -0.994250808488654, 0.0 ], [ -80.727618286659933, -0.994332725555803, 0.0 ], [ -80.72790741918746, -0.994492225887126, 0.0 ], [ -80.727938017108713, -0.994411985688434, 0.0 ] ] ] ] } },
{ "type": "Feature", "properties": { "ID": 391, "ID_1": 391, "POSESIONAR": "MACIAS ROMERO MIGUEL ANGEL", "CEDULA___R": "1315166601", "BARRIO": "30 DE AGOSTO", "PARROQUIA": "URBIMANTA", "COORDENADA": 0.0, "COORDENA_1": 0.0, "ÁREA___M2": 185.74, "VIVIENDA": "SI", "RIESGO": "SI" }, "geometry": { "type": "MultiPolygon", "coordinates": [ [ [ [ -80.727836326328656, -0.994247737673955, 0.0 ], [ -80.727686101370367, -0.994171059003461, 0.0 ], [ -80.727652648637118, -0.994250808488654, 0.0 ], [ -80.727799271480379, -0.994333621691797, 0.0 ], [ -80.727836326328656, -0.994247737673955, 0.0 ], [ -80.727836326328656, -0.994247737673955, 0.0 ] ] ] ] } },
{ "type": "Feature", "properties": { "ID": 385, "ID_1": 385, "POSESIONAR": "BERMELLO BRIONES DIGNA MAGDALENA", "CEDULA___R": "1302761133", "BARRIO": "30 DE AGOSTO", "PARROQUIA": "URBIMANTA", "COORDENADA": 0.0, "COORDENA_1": 0.0, "ÁREA___M2": 186.14, "VIVIENDA": "SI", "RIESGO": "SI" }, "geometry": { "type": "MultiPolygon", "coordinates": [ [ [ [ -80.727836326328656, -0.994247737673955, 0.0 ], [ -80.727799271480379, -0.994333621691797, 0.0 ], [ -80.727938017108713, -0.994411985688434, 0.0 ], [ -80.727973876808704, -0.994317946957679, 0.0 ], [ -80.727836326328656, -0.994247737673955, 0.0 ] ] ] ] } },
{ "type": "Feature", "properties": { "ID": 388, "ID_1": 388, "POSESIONAR": "GOBIERNO AUTONOMO DESCENTRALIZADO DE MANTA", "CEDULA___R": "1360000980001", "BARRIO": "30 DE AGOSTO", "PARROQUIA": "URBIMANTA", "COORDENADA": 0.0, "COORDENA_1": 0.0, "ÁREA___M2": 206.14, "VIVIENDA": "SI", "RIESGO": "SI" }, "geometry": { "type": "MultiPolygon", "coordinates": [ [ [ [ -80.727844935745452, -0.994656082876283, 0.0 ], [ -80.727704555435011, -0.994577049196046, 0.0 ], [ -80.72765270054218, -0.994660527014691, 0.0 ], [ -80.727691770130747, -0.994682573967042, 0.0 ], [ -80.727809497070041, -0.994749017480918, 0.0 ], [ -80.727844935745452, -0.994656082876283, 0.0 ] ] ] ] } },
{ "type": "Feature", "properties": { "ID": 405, "ID_1": 405, "POSESIONAR": "VEGA BURGOS MARYURY ARACELY", "CEDULA___R": "1310292758", "BARRIO": "30 DE AGOSTO", "PARROQUIA": "URBIMANTA", "COORDENADA": 0.0, "COORDENA_1": 0.0, "ÁREA___M2": 147.75, "VIVIENDA": "SI", "RIESGO": "SI" }, "geometry": { "type": "MultiPolygon", "coordinates": [ [ [ [ -80.726273406985399, -0.993792216589298, 0.0 ], [ -80.726342850279423, -0.993670758133487, 0.0 ], [ -80.726264792640464, -0.99363047487998, 0.0 ], [ -80.726198334716699, -0.993746711827701, 0.0 ], [ -80.726273406985399, -0.993792216589298, 0.0 ] ] ] ] } },
{ "type": "Feature", "properties": { "ID": 418, "ID_1": 418, "POSESIONAR": "PICO PARRAGA MARTHA CECILIA", "CEDULA___R": "1310133952", "BARRIO": "30 DE AGOSTO", "PARROQUIA": "URBIMANTA", "COORDENADA": 0.0, "COORDENA_1": 0.0, "ÁREA___M2": 181.71, "VIVIENDA": "SI", "RIESGO": "SI" }, "geometry": { "type": "MultiPolygon", "coordinates": [ [ [ [ -80.726478068458206, -0.994240308472155, 0.0 ], [ -80.726407591264348, -0.994205587758731, 0.0 ], [ -80.72632436533101, -0.994365970155121, 0.0 ], [ -80.726392765293227, -0.994409974569305, 0.0 ], [ -80.726478068458206, -0.994240308472155, 0.0 ] ] ] ] } },
{ "type": "Feature", "properties": { "ID": 419, "ID_1": 419, "POSESIONAR": "ORTEGA ORTEGA DIOGENITA GUILLERMINA", "CEDULA___R": "1310936693", "BARRIO": "30 DE AGOSTO", "PARROQUIA": "URBIMANTA", "COORDENADA": 0.0, "COORDENA_1": 0.0, "ÁREA___M2": 211.42, "VIVIENDA": "SI", "RIESGO": "SI" }, "geometry": { "type": "MultiPolygon", "coordinates": [ [ [ [ -80.726478068457936, -0.994240308472021, 0.0 ], [ -80.726392765293227, -0.994409974569305, 0.0 ], [ -80.726469760815533, -0.994459508846259, 0.0 ], [ -80.72655439365019, -0.994284226129265, 0.0 ], [ -80.726478068457936, -0.994240308472021, 0.0 ] ] ] ] } },
{ "type": "Feature", "properties": { "ID": 452, "ID_1": 452, "POSESIONAR": "GOBIERNO AUTONOMO DESCENTRALIZADO DE MANTA", "CEDULA___R": "1360000980001", "BARRIO": "NUEVO MANTA", "PARROQUIA": "URBIMANTA", "COORDENADA": 0.0, "COORDENA_1": 0.0, "ÁREA___M2": 2295.23, "VIVIENDA": "SI", "RIESGO": "SI" }, "geometry": { "type": "MultiPolygon", "coordinates": [ [ [ [ -80.729031171925158, -0.993875999067602, 0.0 ], [ -80.729011655205099, -0.993841037314476, 0.0 ], [ -80.728974412221675, -0.993807826508911, 0.0 ], [ -80.728610393271552, -0.993588494418961, 0.0 ], [ -80.728470331603219, -0.99384175276523, 0.0 ], [ -80.72838921572847, -0.993999088831297, 0.0 ], [ -80.728304575018626, -0.994163261805445, 0.0 ], [ -80.728347915146202, -0.994183879375877, 0.0 ], [ -80.729031171925158, -0.993875999067602, 0.0 ] ] ] ] } },
{ "type": "Feature", "properties": { "ID": 461, "ID_1": 461, "POSESIONAR": "GOBIERNO AUTONOMO DESCENTRALIZADO DE MANTA", "CEDULA___R": "1360000980001", "BARRIO": "NUEVO MANTA", "PARROQUIA": "URBIMANTA", "COORDENADA": 0.0, "COORDENA_1": 0.0, "ÁREA___M2": 195.12, "VIVIENDA": "SI", "RIESGO": "SI" }, "geometry": { "type": "MultiPolygon", "coordinates": [ [ [ [ -80.728198999976428, -0.993340404167585, 0.0 ], [ -80.728150022150999, -0.993307307551044, 0.0 ], [ -80.728103343524069, -0.993271000172922, 0.0 ], [ -80.728038301547983, -0.993382261099554, 0.0 ], [ -80.728111728237309, -0.993427876623125, 0.0 ], [ -80.728107126086229, -0.993437192682187, 0.0 ], [ -80.728146271891532, -0.993462057550824, 0.0 ], [ -80.728198999976428, -0.993340404167585, 0.0 ] ] ] ] } },
{ "type": "Feature", "properties": { "ID": 475, "ID_1": 475, "POSESIONAR": "GOBIERNO AUTONOMO DESCENTRALIZADO DE MANTA", "CEDULA___R": "1360000980001", "BARRIO": "NUEVO MANTA", "PARROQUIA": "URBIMANTA", "COORDENADA": 0.0, "COORDENA_1": 0.0, "ÁREA___M2": 233.2, "VIVIENDA": "NO", "RIESGO": "SI" }, "geometry": { "type": "MultiPolygon", "coordinates": [ [ [ [ -80.726938757946513, -0.993866013064141, 0.0 ], [ -80.727143900164066, -0.993768533095493, 0.0 ], [ -80.727118669104797, -0.993694723581375, 0.0 ], [ -80.726902508836403, -0.993787553881165, 0.0 ], [ -80.726938757946513, -0.993866013064141, 0.0 ] ] ] ] } },
{ "type": "Feature", "properties": { "ID": 483, "ID_1": 483, "POSESIONAR": "MERO MERO YRENE YSABEL", "CEDULA___R": "1314342476", "BARRIO": "NUEVO MANTA", "PARROQUIA": "URBIMANTA", "COORDENADA": 0.0, "COORDENA_1": 0.0, "ÁREA___M2": 293.0, "VIVIENDA": "SI", "RIESGO": "SI" }, "geometry": { "type": "MultiPolygon", "coordinates": [ [ [ [ -80.725898446513227, -0.993352920548002, 0.0 ], [ -80.725758773228293, -0.993432353238514, 0.0 ], [ -80.725830589314157, -0.993563137608747, 0.0 ], [ -80.725966915423214, -0.993489755916759, 0.0 ], [ -80.725898446513227, -0.993352920548002, 0.0 ] ] ] ] } },
{ "type": "Feature", "properties": { "ID": 482, "ID_1": 482, "POSESIONAR": "GOBIERNO AUTONOMO DESCENTRALIZADO DE MANTA", "CEDULA___R": "1360000980001", "BARRIO": "NUEVO MANTA", "PARROQUIA": "URBIMANTA", "COORDENADA": 0.0, "COORDENA_1": 9890199.0, "ÁREA___M2": 138.71, "VIVIENDA": "SI", "RIESGO": "SI" }, "geometry": { "type": "MultiPolygon", "coordinates": [ [ [ [ -80.726031491441219, -0.993454995898434, 0.0 ], [ -80.725962257263447, -0.993316631145264, 0.0 ], [ -80.725898446513213, -0.993352920548002, 0.0 ], [ -80.7259669154232, -0.993489755916759, 0.0 ], [ -80.726031491441219, -0.993454995898434, 0.0 ] ] ] ] } },
{ "type": "Feature", "properties": { "ID": 476, "ID_1": 476, "POSESIONAR": "GOBIERNO AUTONOMO DESCENTRALIZADO DE MANTA", "CEDULA___R": "1360000980001", "BARRIO": "NUEVO MANTA", "PARROQUIA": "URBIMANTA", "COORDENADA": 0.0, "COORDENA_1": 0.0, "ÁREA___M2": 184.6, "VIVIENDA": "SI", "RIESGO": "SI" }, "geometry": { "type": "MultiPolygon", "coordinates": [ [ [ [ -80.726493379959223, -0.993206302361184, 0.0 ], [ -80.726425834584873, -0.993052989939399, 0.0 ], [ -80.726347581955196, -0.993097495557385, 0.0 ], [ -80.72641323705443, -0.993249507245004, 0.0 ], [ -80.726493379959223, -0.993206302361184, 0.0 ] ] ] ] } },
{ "type": "Feature", "properties": { "ID": 478, "ID_1": 478, "POSESIONAR": "GOBIERNO AUTONOMO DESCENTRALIZADO DE MANTA", "CEDULA___R": "1360000980001", "BARRIO": "NUEVO MANTA", "PARROQUIA": "URBIMANTA", "COORDENADA": 0.0, "COORDENA_1": 0.0, "ÁREA___M2": 178.57, "VIVIENDA": "SI", "RIESGO": "SI" }, "geometry": { "type": "MultiPolygon", "coordinates": [ [ [ [ -80.726271284383046, -0.99314088628038, 0.0 ], [ -80.726192245525581, -0.993185835842341, 0.0 ], [ -80.726257909834075, -0.993333111415643, 0.0 ], [ -80.72633599976858, -0.993291084945031, 0.0 ], [ -80.726271284383046, -0.99314088628038, 0.0 ] ] ] ] } },
{ "type": "Feature", "properties": { "ID": 420, "ID_1": 420, "POSESIONAR": "MENDOZA CHILA VIVIANA ELIZABETH", "CEDULA___R": "1313714311", "BARRIO": "30 DE AGOSTO", "PARROQUIA": "URBIMANTA", "COORDENADA": 0.0, "COORDENA_1": 0.0, "ÁREA___M2": 213.31, "VIVIENDA": "SI", "RIESGO": "SI" }, "geometry": { "type": "MultiPolygon", "coordinates": [ [ [ [ -80.726545493963485, -0.994508230984795, 0.0 ], [ -80.726629866608661, -0.994327653407093, 0.0 ], [ -80.72655439365019, -0.994284226129265, 0.0 ], [ -80.726469760815533, -0.994459508846259, 0.0 ], [ -80.726545493963485, -0.994508230984795, 0.0 ] ] ] ] } },
{ "type": "Feature", "properties": { "ID": 421, "ID_1": 421, "POSESIONAR": "GILER SANCHEZ FLERIDA DEL CARMEN", "CEDULA___R": "1310598022", "BARRIO": "30 DE AGOSTO", "PARROQUIA": "URBIMANTA", "COORDENADA": 0.0, "COORDENA_1": 0.0, "ÁREA___M2": 197.08, "VIVIENDA": "SI", "RIESGO": "SI" }, "geometry": { "type": "MultiPolygon", "coordinates": [ [ [ [ -80.726700965767378, -0.994376438931108, 0.0 ], [ -80.726629866608661, -0.994327653407093, 0.0 ], [ -80.726545493963485, -0.994508230984795, 0.0 ], [ -80.726548501968864, -0.994510166153939, 0.0 ], [ -80.726612905121982, -0.994548118631785, 0.0 ], [ -80.726693186944772, -0.994391604230264, 0.0 ], [ -80.726700965767378, -0.994376438931108, 0.0 ] ] ] ] } },
{ "type": "Feature", "properties": { "ID": 458, "ID_1": 458, "POSESIONAR": "GOBIERNO AUTONOMO DESCENTRALIZADO DE MANTA", "CEDULA___R": "1360000980001", "BARRIO": "NUEVO MANTA", "PARROQUIA": "URBIMANTA", "COORDENADA": 0.0, "COORDENA_1": 0.0, "ÁREA___M2": 144.4, "VIVIENDA": "NO", "RIESGO": "SI" }, "geometry": { "type": "MultiPolygon", "coordinates": [ [ [ [ -80.727997879846228, -0.993830097474383, 0.0 ], [ -80.727916809162451, -0.993795090164361, 0.0 ], [ -80.727870307370438, -0.993915375941389, 0.0 ], [ -80.727952201894041, -0.99395551298562, 0.0 ], [ -80.727997879846228, -0.993830097474383, 0.0 ] ] ] ] } },
{ "type": "Feature", "properties": { "ID": 457, "ID_1": 457, "POSESIONAR": "GOBIERNO AUTONOMO DESCENTRALIZADO DE MANTA", "CEDULA___R": "1360000980001", "BARRIO": "NUEVO MANTA", "PARROQUIA": "URBIMANTA", "COORDENADA": 0.0, "COORDENA_1": 0.0, "ÁREA___M2": 177.03, "VIVIENDA": "NO", "RIESGO": "SI" }, "geometry": { "type": "MultiPolygon", "coordinates": [ [ [ [ -80.727870307370438, -0.993915375941389, 0.0 ], [ -80.727916809162451, -0.993795090164361, 0.0 ], [ -80.727916810192696, -0.993795087499452, 0.0 ], [ -80.727810176498053, -0.993749044840363, 0.0 ], [ -80.727769304686092, -0.993865873858284, 0.0 ], [ -80.727870307370438, -0.993915375941389, 0.0 ] ] ] ] } },
{ "type": "Feature", "properties": { "ID": 486, "ID_1": 486, "POSESIONAR": "PAZMIÑO ANGEL AMADO GALO", "CEDULA___R": "1306585892", "BARRIO": "NUEVO MANTA", "PARROQUIA": "URBIMANTA", "COORDENADA": 0.0, "COORDENA_1": 0.0, "ÁREA___M2": 269.3, "VIVIENDA": "SI", "RIESGO": "SI" }, "geometry": { "type": "MultiPolygon", "coordinates": [ [ [ [ -80.725580898453799, -0.993757986132946, 0.0 ], [ -80.725643617725083, -0.993881792287912, 0.0 ], [ -80.725700813153878, -0.993888575845716, 0.0 ], [ -80.725769219105928, -0.993815141159932, 0.0 ], [ -80.72569903833238, -0.993690816349105, 0.0 ], [ -80.725580898453799, -0.993757986132946, 0.0 ] ] ] ] } },
{ "type": "Feature", "properties": { "ID": 436, "ID_1": 436, "POSESIONAR": "MENDIETA BRAVO RONALD PAUL", "CEDULA___R": "1316690625", "BARRIO": "NUEVO MANTA", "PARROQUIA": "URBIMANTA", "COORDENADA": 0.0, "COORDENA_1": 0.0, "ÁREA___M2": 198.44, "VIVIENDA": "SI", "RIESGO": "NO" }, "geometry": { "type": "MultiPolygon", "coordinates": [ [ [ [ -80.72849489787562, -0.992800759436218, 0.0 ], [ -80.728417989794593, -0.992648780705931, 0.0 ], [ -80.728340560996116, -0.992685588324032, 0.0 ], [ -80.728336730182448, -0.9926874093922, 0.0 ], [ -80.728412489994739, -0.992848884578999, 0.0 ], [ -80.72849489787562, -0.992800759436218, 0.0 ] ] ] ] } },
{ "type": "Feature", "properties": { "ID": 438, "ID_1": 438, "POSESIONAR": "GOBIERNO AUTONOMO DESCENTRALIZADO DE MANTA", "CEDULA___R": "1360000980001", "BARRIO": "NUEVO MANTA", "PARROQUIA": "URBIMANTA", "COORDENADA": 530195.0, "COORDENA_1": 0.0, "ÁREA___M2": 737.22, "VIVIENDA": "SI", "RIESGO": "NO" }, "geometry": { "type": "MultiPolygon", "coordinates": [ [ [ [ -80.728637915654261, -0.992298856904573, 0.0 ], [ -80.728637915654261, -0.992298856904573, 0.0 ], [ -80.728492551155767, -0.992383747929576, 0.0 ], [ -80.728574474244752, -0.992551158169885, 0.0 ], [ -80.728650384437813, -0.99270995727249, 0.0 ], [ -80.728792309642728, -0.992627074755802, 0.0 ], [ -80.728637915654261, -0.992298856904573, 0.0 ] ] ] ] } },
{ "type": "Feature", "properties": { "ID": 437, "ID_1": 437, "POSESIONAR": "MURILLO CEDEÑO JOSE RAFAEL", "CEDULA___R": "1309795985", "BARRIO": "NUEVO MANTA", "PARROQUIA": "URBIMANTA", "COORDENADA": 0.0, "COORDENA_1": 9890276.0, "ÁREA___M2": 179.93, "VIVIENDA": "SI", "RIESGO": "NO" }, "geometry": { "type": "MultiPolygon", "coordinates": [ [ [ [ -80.728572641157598, -0.992755358355573, 0.0 ], [ -80.728495706185171, -0.992612100952334, 0.0 ], [ -80.728422412780134, -0.992646678134625, 0.0 ], [ -80.728417989794593, -0.992648780705931, 0.0 ], [ -80.72849489787562, -0.992800759436218, 0.0 ], [ -80.728572641157598, -0.992755358355573, 0.0 ] ] ] ] } },
{ "type": "Feature", "properties": { "ID": 464, "ID_1": 464, "POSESIONAR": "ZAMBRANO LOPEZ GLADYS VIVIANA", "CEDULA___R": "1316958972", "BARRIO": "NUEVO MANTA", "PARROQUIA": "URBIMANTA", "COORDENADA": 0.0, "COORDENA_1": 0.0, "ÁREA___M2": 302.21, "VIVIENDA": "SI", "RIESGO": "SI" }, "geometry": { "type": "MultiPolygon", "coordinates": [ [ [ [ -80.727746674852042, -0.993712656184149, 0.0 ], [ -80.727793610722529, -0.993578493498577, 0.0 ], [ -80.72769850078582, -0.993443700495314, 0.0 ], [ -80.727642046832528, -0.993541931142933, 0.0 ], [ -80.727613287605152, -0.993591972586934, 0.0 ], [ -80.727746674852042, -0.993712656184149, 0.0 ] ] ] ] } },
{ "type": "Feature", "properties": { "ID": 268, "ID_1": 268, "POSESIONAR": "PILAY SOLORZANO LAURA ELIZABETH", "CEDULA___R": "1315290203", "BARRIO": "NUEVO MANTA", "PARROQUIA": "URBIMANTA", "COORDENADA": 530500.19, "COORDENA_1": 9890240.86, "ÁREA___M2": 391.64, "VIVIENDA": "SI", "RIESGO": "NO" }, "geometry": { "type": "MultiPolygon", "coordinates": [ [ [ [ -80.725748619804605, -0.993029871937966, 0.0 ], [ -80.725801394497196, -0.993101324612588, 0.0 ], [ -80.725962399886782, -0.993010462146842, 0.0 ], [ -80.726110628613426, -0.992916736195024, 0.0 ], [ -80.726055516374089, -0.992845334342721, 0.0 ], [ -80.725919712310343, -0.992933749110732, 0.0 ], [ -80.725748619804591, -0.993029871937983, 0.0 ], [ -80.725748619804605, -0.993029871937966, 0.0 ] ] ] ] } },
{ "type": "Feature", "properties": { "ID": 487, "ID_1": 487, "POSESIONAR": "PAZMIÑO ANGEL AMADO GALO", "CEDULA___R": "1306585892", "BARRIO": "NUEVO MANTA", "PARROQUIA": "URBIMANTA", "COORDENADA": 0.0, "COORDENA_1": 0.0, "ÁREA___M2": 269.3, "VIVIENDA": "SI", "RIESGO": "SI" }, "geometry": { "type": "MultiPolygon", "coordinates": [ [ [ [ -80.725758773228293, -0.993432353238514, 0.0 ], [ -80.72568051928755, -0.993476856526252, 0.0 ], [ -80.725752494189464, -0.993605152612829, 0.0 ], [ -80.725830589314157, -0.993563137608747, 0.0 ], [ -80.725758773228293, -0.993432353238514, 0.0 ] ] ] ] } },
{ "type": "Feature", "properties": { "ID": 484, "ID_1": 484, "POSESIONAR": "GOBIERNO AUTONOMO DESCENTRALIZADO DE MANTA", "CEDULA___R": "1360000980001", "BARRIO": "NUEVO MANTA", "PARROQUIA": "URBIMANTA", "COORDENADA": 0.0, "COORDENA_1": 0.0, "ÁREA___M2": 323.1, "VIVIENDA": "SI", "RIESGO": "SI" }, "geometry": { "type": "MultiPolygon", "coordinates": [ [ [ [ -80.725752494189464, -0.993605152612829, 0.0 ], [ -80.72568051928755, -0.993476856526252, 0.0 ], [ -80.725602440946687, -0.993521259946274, 0.0 ], [ -80.72561568008814, -0.993544425052833, 0.0 ], [ -80.725637447529763, -0.99358251249966, 0.0 ], [ -80.725674407488, -0.993647182957109, 0.0 ], [ -80.725752494189464, -0.993605152612829, 0.0 ] ] ] ] } },
{ "type": "Feature", "properties": { "ID": 329, "ID_1": 329, "POSESIONAR": "SALTOS VINCES MARIA ALEJANDRA", "CEDULA___R": "1311587347", "BARRIO": "NUEVO MANTA", "PARROQUIA": "URBIMANTA", "COORDENADA": 530487.5337, "COORDENA_1": 9890527.799000001, "ÁREA___M2": 324.24, "VIVIENDA": "SI", "RIESGO": "NO" }, "geometry": { "type": "MultiPolygon", "coordinates": [ ] } },
{ "type": "Feature", "properties": { "ID": 329, "ID_1": 329, "POSESIONAR": "SALTOS VINCES MARIA ALEJANDRA", "CEDULA___R": "1311587347", "BARRIO": "NUEVO MANTA", "PARROQUIA": "URBIMANTA", "COORDENADA": 530487.5337, "COORDENA_1": 9890527.799000001, "ÁREA___M2": 324.24, "VIVIENDA": "SI", "RIESGO": "NO" }, "geometry": { "type": "MultiPolygon", "coordinates": [ ] } },
{ "type": "Feature", "properties": { "ID": 329, "ID_1": 329, "POSESIONAR": "SALTOS VINCES MARIA ALEJANDRA", "CEDULA___R": "1311587347", "BARRIO": "NUEVO MANTA", "PARROQUIA": "URBIMANTA", "COORDENADA": 530487.5337, "COORDENA_1": 9890527.799000001, "ÁREA___M2": 324.24, "VIVIENDA": "SI", "RIESGO": "NO" }, "geometry": { "type": "MultiPolygon", "coordinates": [ ] } },
{ "type": "Feature", "properties": { "ID": 329, "ID_1": 329, "POSESIONAR": "SALTOS VINCES MARIA ALEJANDRA", "CEDULA___R": "1311587347", "BARRIO": "NUEVO MANTA", "PARROQUIA": "URBIMANTA", "COORDENADA": 530487.5337, "COORDENA_1": 9890527.799000001, "ÁREA___M2": 324.24, "VIVIENDA": "SI", "RIESGO": "NO" }, "geometry": { "type": "MultiPolygon", "coordinates": [ [ [ [ -80.725913919357694, -0.990438467023247, 0.0 ], [ -80.725833395130664, -0.990485822653152, 0.0 ], [ -80.725894210580037, -0.990606832778067, 0.0 ], [ -80.725979459512331, -0.990567322871683, 0.0 ], [ -80.726033659943909, -0.990670232640425, 0.0 ], [ -80.726108171624389, -0.990619662603419, 0.0 ], [ -80.726032141358417, -0.990479820757176, 0.0 ], [ -80.725955992919211, -0.990521185928676, 0.0 ], [ -80.725913919357694, -0.990438467023247, 0.0 ] ] ] ] } },
{ "type": "Feature", "properties": { "ID": 240, "ID_1": 240, "POSESIONAR": "SANCHEZ ALVAREZ LESLEY CAROLINA", "CEDULA___R": "131128895", "BARRIO": "NUEVO MANTA", "PARROQUIA": "URBIMANTA", "COORDENADA": 530574.58, "COORDENA_1": 9890254.65, "ÁREA___M2": 227.09, "VIVIENDA": "SI", "RIESGO": "SI" }, "geometry": { "type": "MultiPolygon", "coordinates": [ [ [ [ -80.725239180585092, -0.992813734428451, 0.0 ], [ -80.725074846809392, -0.992890201146987, 0.0 ], [ -80.725131617536192, -0.992982510983377, 0.0 ], [ -80.725297998726987, -0.99288340646233, 0.0 ], [ -80.725239180585092, -0.992813734428451, 0.0 ] ] ] ] } },
{ "type": "Feature", "properties": { "ID": 8, "ID_1": 8, "POSESIONAR": "MACIAS BOLAÑOS SORITA GRACIELA", "CEDULA___R": "1307051555", "BARRIO": "30 de agosto", "PARROQUIA": "URBIMANTA", "COORDENADA": 530428.14, "COORDENA_1": 9890061.46, "ÁREA___M2": 190.06, "VIVIENDA": "SI", "RIESGO": "SI" }, "geometry": { "type": "MultiPolygon", "coordinates": [ [ [ [ -80.726491080065358, -0.994580849928502, 0.0 ], [ -80.726410036298859, -0.994739644329325, 0.0 ], [ -80.726482334804615, -0.994782388049804, 0.0 ], [ -80.726567964676761, -0.99462770919753, 0.0 ], [ -80.726491080065358, -0.994580849928502, 0.0 ] ] ] ] } },
{ "type": "Feature", "properties": { "ID": 102, "ID_1": 102, "POSESIONAR": "HOLGUIN SANTANA CARLOS ALBERTO", "CEDULA___R": "1308290590", "BARRIO": "LAS PALMITAS", "PARROQUIA": "URBIMANTA", "COORDENADA": 530587.47, "COORDENA_1": 9890081.25, "ÁREA___M2": 125.4, "VIVIENDA": "SI", "RIESGO": "SI" }, "geometry": { "type": "MultiPolygon", "coordinates": [ [ [ [ -80.725107700446841, -0.994398871119991, 0.0 ], [ -80.725001688983184, -0.994442600380255, 0.0 ], [ -80.725028243673023, -0.994523190275861, 0.0 ], [ -80.725137138408925, -0.994485675416434, 0.0 ], [ -80.725107700446841, -0.994398871119991, 0.0 ] ] ] ] } },
{ "type": "Feature", "properties": { "ID": 119, "ID_1": 119, "POSESIONAR": "GALAN GUERRERO MARIA ISABEL", "CEDULA___R": "0907734974", "BARRIO": "NUEVO MANTA", "PARROQUIA": "URBIMANTA", "COORDENADA": 530646.7287, "COORDENA_1": 9890324.726, "ÁREA___M2": 267.8, "VIVIENDA": "SI", "RIESGO": "SI" }, "geometry": { "type": "MultiPolygon", "coordinates": [ [ [ [ -80.724585317154975, -0.992148821039221, 0.0 ], [ -80.724441389424626, -0.992234426926832, 0.0 ], [ -80.724500629231372, -0.992346163348621, 0.0 ], [ -80.724647172575885, -0.992270980423446, 0.0 ], [ -80.724585317154975, -0.992148821039221, 0.0 ] ] ] ] } },
{ "type": "Feature", "properties": { "ID": 215, "ID_1": 215, "POSESIONAR": "ESTUPIÑAN CAICEDO VANNER JAVIER", "CEDULA___R": "1312733296", "BARRIO": "NUEVO MANTA", "PARROQUIA": "URBIMANTA", "COORDENADA": 530638.12, "COORDENA_1": 9890384.92, "ÁREA___M2": 176.29, "VIVIENDA": "SI", "RIESGO": "SI" }, "geometry": { "type": "MultiPolygon", "coordinates": [ [ [ [ -80.724612765566519, -0.991605334336645, 0.0 ], [ -80.724541287220845, -0.991647886725316, 0.0 ], [ -80.724622366847896, -0.991800255235813, 0.0 ], [ -80.724693669826081, -0.991761811414064, 0.0 ], [ -80.724612765566519, -0.991605334336645, 0.0 ] ] ] ] } },
{ "type": "Feature", "properties": { "ID": 273, "ID_1": 273, "POSESIONAR": "GOBIERNO AUTONOMO DESCENTRALIZADO DE MANTA", "CEDULA___R": "1360000980001", "BARRIO": "NUEVO MANTA", "PARROQUIA": "URBIMANTA", "COORDENADA": 530235.8861, "COORDENA_1": 9890391.794, "ÁREA___M2": 190.167, "VIVIENDA": "NO", "RIESGO": "NO" }, "geometry": { "type": "MultiPolygon", "coordinates": [ [ [ [ -80.72826508801981, -0.991685258645143, 0.0 ], [ -80.728187126660217, -0.991731442977471, 0.0 ], [ -80.728260757977125, -0.991891539266431, 0.0 ], [ -80.728339278668756, -0.991845684175265, 0.0 ], [ -80.72826508801981, -0.991685258645143, 0.0 ] ] ] ] } },
{ "type": "Feature", "properties": { "ID": 277, "ID_1": 277, "POSESIONAR": "GOBIERNO AUTONOMO DESCENTRALIZADO DE MANTA", "CEDULA___R": "1360000980001", "BARRIO": "NUEVO MANTA", "PARROQUIA": "URBIMANTA", "COORDENADA": 530259.9729000001, "COORDENA_1": 9890441.553, "ÁREA___M2": 391.68, "VIVIENDA": "NO", "RIESGO": "NO" }, "geometry": { "type": "MultiPolygon", "coordinates": [ [ [ [ -80.727909820358391, -0.991367142159739, 0.0 ], [ -80.727837225189035, -0.991408850990553, 0.0 ], [ -80.72791917415492, -0.991572941837983, 0.0 ], [ -80.727997344305365, -0.991528289641093, 0.0 ], [ -80.727909820358391, -0.991367142159739, 0.0 ] ] ] ] } },
{ "type": "Feature", "properties": { "ID": 279, "ID_1": 279, "POSESIONAR": "NAPA HERRERA JANETH MARIA", "CEDULA___R": "1311872079", "BARRIO": "NUEVO MANTA", "PARROQUIA": "URBIMANTA", "COORDENADA": 530302.7777, "COORDENA_1": 9890416.707, "ÁREA___M2": 396.68, "VIVIENDA": "SI", "RIESGO": "NO" }, "geometry": { "type": "MultiPolygon", "coordinates": [ [ [ [ -80.728060437578037, -0.991071226975493, 0.0 ], [ -80.727906433471148, -0.99116099522003, 0.0 ], [ -80.727984882129391, -0.991324308760234, 0.0 ], [ -80.728136596379329, -0.991233128960298, 0.0 ], [ -80.728060437578037, -0.991071226975493, 0.0 ] ] ] ] } },
{ "type": "Feature", "properties": { "ID": 303, "ID_1": 303, "POSESIONAR": "MENOSCAL REYES ELENA ELIZABETH", "CEDULA___R": "1312043027", "BARRIO": "NUEVO MANTA", "PARROQUIA": "URBIMANTA", "COORDENADA": 530272.7187, "COORDENA_1": 9890542.724, "ÁREA___M2": 240.65, "VIVIENDA": "SI", "RIESGO": "SI" }, "geometry": { "type": "MultiPolygon", "coordinates": [ [ [ [ -80.727888006438647, -0.990018016890734, 0.0 ], [ -80.727716122982528, -0.990127858906061, 0.0 ], [ -80.727762279814229, -0.990225981320014, 0.0 ], [ -80.727943802172362, -0.990116174873791, 0.0 ], [ -80.727888006438647, -0.990018016890734, 0.0 ] ] ] ] } },
{ "type": "Feature", "properties": { "ID": 323, "ID_1": 323, "POSESIONAR": "GOBIERNO AUTONOMO DESCENTRALIZADO DE MANTA", "CEDULA___R": "1360000980001", "BARRIO": "NUEVO MANTA", "PARROQUIA": "URBIMANTA", "COORDENADA": 530380.8202, "COORDENA_1": 9890544.145, "ÁREA___M2": 203.39, "VIVIENDA": "SI", "RIESGO": "NO" }, "geometry": { "type": "MultiPolygon", "coordinates": [ [ [ [ -80.727172543366734, -0.990026746185001, 0.0 ], [ -80.727091442826293, -0.990073531077539, 0.0 ], [ -80.727173379509864, -0.990242685132645, 0.0 ], [ -80.727252892296647, -0.99019856096532, 0.0 ], [ -80.727172543366734, -0.990026746185001, 0.0 ] ] ] ] } },
{ "type": "Feature", "properties": { "ID": 341, "ID_1": 341, "POSESIONAR": "GOBIERNO AUTONOMO DESCENTRALIZADO DE MANTA", "CEDULA___R": "1360000980001", "BARRIO": "NUEVO MANTA", "PARROQUIA": "URBIMANTA", "COORDENADA": 530470.4552, "COORDENA_1": 9890479.377, "ÁREA___M2": 201.52, "VIVIENDA": "SI", "RIESGO": "NO" }, "geometry": { "type": "MultiPolygon", "coordinates": [ [ [ [ -80.726218481423658, -0.990632089198664, 0.0 ], [ -80.726132507135745, -0.99069043875075, 0.0 ], [ -80.726275032797176, -0.99092403027534, 0.0 ], [ -80.726433299845382, -0.990821650255829, 0.0 ], [ -80.726390281286498, -0.990732979019638, 0.0 ], [ -80.726313029927368, -0.990785954574926, 0.0 ], [ -80.726218481423658, -0.990632089198664, 0.0 ] ] ] ] } },
{ "type": "Feature", "properties": { "ID": 345, "ID_1": 345, "POSESIONAR": "GOBIERNO AUTONOMO DESCENTRALIZADO DE MANTA", "CEDULA___R": "1360000980001", "BARRIO": "NUEVO MANTA", "PARROQUIA": "URBIMANTA", "COORDENADA": 530416.0079, "COORDENA_1": 9890481.939, "ÁREA___M2": 1912.43, "VIVIENDA": "NO", "RIESGO": "SI" }, "geometry": { "type": "MultiPolygon", "coordinates": [ [ [ [ -80.726433299845382, -0.990821650255829, 0.0 ], [ -80.726275032797176, -0.99092403027534, 0.0 ], [ -80.726120523381127, -0.991027688220487, 0.0 ], [ -80.726174172631644, -0.991127051264206, 0.0 ], [ -80.726492773559229, -0.990944239380289, 0.0 ], [ -80.726433299845382, -0.990821650255829, 0.0 ] ] ] ] } },
{ "type": "Feature", "properties": { "ID": 441, "ID_1": 441, "POSESIONAR": "VELEZ MENDOZA VICTOR VICENTE", "CEDULA___R": "1309992533", "BARRIO": "NUEVO MANTA", "PARROQUIA": "URBIMANTA", "COORDENADA": 0.0, "COORDENA_1": 9890348.0, "ÁREA___M2": 198.9, "VIVIENDA": "SI", "RIESGO": "NO" }, "geometry": { "type": "MultiPolygon", "coordinates": [ ] } },
{ "type": "Feature", "properties": { "ID": 443, "ID_1": 443, "POSESIONAR": "GOBIERNO AUTONOMO DESCENTRALIZADO DE MANTA", "CEDULA___R": "1360000980001", "BARRIO": "NUEVO MANTA", "PARROQUIA": "URBIMANTA", "COORDENADA": 0.0, "COORDENA_1": 0.0, "ÁREA___M2": 376.82, "VIVIENDA": "NO", "RIESGO": "NO" }, "geometry": { "type": "MultiPolygon", "coordinates": [ [ [ [ -80.728521851313147, -0.992052121950322, 0.0 ], [ -80.728373770620422, -0.992134570153237, 0.0 ], [ -80.728456715788838, -0.992300079837251, 0.0 ], [ -80.728599317160814, -0.992216802441831, 0.0 ], [ -80.728521851313147, -0.992052121950322, 0.0 ] ] ] ] } },
{ "type": "Feature", "properties": { "ID": 477, "ID_1": 477, "POSESIONAR": "MARCILLO AGUILAR NILDA MARISOL", "CEDULA___R": "1312074956", "BARRIO": "NUEVO MANTA", "PARROQUIA": "URBIMANTA", "COORDENADA": 0.0, "COORDENA_1": 9890221.0, "ÁREA___M2": 176.71, "VIVIENDA": "SI", "RIESGO": "SI" }, "geometry": { "type": "MultiPolygon", "coordinates": [ [ [ [ -80.726347581954798, -0.993097495556492, 0.0 ], [ -80.726271281292554, -0.993140886280122, 0.0 ], [ -80.726335999768537, -0.993291084945048, 0.0 ], [ -80.726413237880692, -0.993249509152364, 0.0 ], [ -80.726347581954798, -0.993097495556492, 0.0 ] ] ] ] } }
]
}
